{
    "attunlockstep3formcomponent": [
        {
            "imeiLabel": "IMEI",
            "imeiTooltip": "Puede encontrar su número de IMEI de 15 dígitos:",
            "imeiLine1Tooltip": "por dailing",
            "imeiLine2Tooltip": " *#06# ",
            "imeiLine3Tooltip": "Escoger",
            "imeiLine4Tooltip": "Settings > About",
            "imeiLine5Tooltip": "o",
            "imeiLine6Tooltip": "Bajo la batería del teléfono",
            "imeiRequiredError": "Introduzca un número de IMEI.",
            "imeiLengthError": "Introduzca un número de IMEI de 15 dígitos.",
            "imeiValidationError": "Introduzca un número de IMEI válido",
            "ULS_8023": "Compruebe el número IMEI y entrar de nuevo.",
            "makeLabel": "Hacer",
            "modelLabel": "Modelo",
            "backButton": "Espalda",
            "submitButton": "Enviar"
        }
    ]
}