{
    "emailconfirmationsuccess": [
        {
            "deviceUnlockLabel": "portal de Desbloqueo de dispositivo",
            "emailSuccessHeaderlabel": "Email enlace caducado",
            "emailSuccessText1Label": "Su solicitud de desbloqueo está en revisión ahora. Por favor espere de dos días hábiles para procesar la misma.",
            "emailSuccessText2Label": " Te enviaremos un mensaje de correo electrónico en breve con el estado de la solicitud, o que lo busque en el the",
            "deviceStatusPortalEmailSuccessLabel": "portal de desbloqueo de estado del dispositivo",
            "emailSuccesstext3part1Labellabel": "Recuerde que su número de solicitud es",
            "emailSuccesstext3part2Labellabel": ". Por favor, mantenga esta información para referencia futura."
        }
    ]
}
