{
    "systemerror": [
        {
            "deviceUnlockSupportLabel": "Device unlock support",
            "accessibilityToolTipContentLabel": "Link opens in a new window",
            "systemerrorLabel": "System Error",
            "systemerrorLine1TextLabel": " We're sorry, but we're having technical difficulties with our network at the moment. Please try again later.<br>If this problem persists, try clearing the cache and cookies from your device.<br>Questions? Call us at <strong>800.331.0500</strong> , or dial <strong>611</strong> from your wireless phone."
        }
    ]
}
