{
    "unlockPortalLabelAndErrorObj": [
        {
            "introTextBeforeLink": "Desbloquear un dispositivo es simple. Usted hará todo en línea, en un solo lugar. Primero, verifique y acepte nuestro",
            "modalLinkTxt": "Requisitos de habilitación de desbloqueo de dispositivos",
            "introTextAfterLink": "A continuación, siga estos pasos para enviar su solicitud.",
            "acknowledgementTxt": "Sí, he leído el material legal y estoy de acuerdo con el",
            "radioLabel": "¿Es usted un cliente inalámbrico de AT&T?",
            "yesRadioLabel": "sí",
            "noRadioLabel": "No",
            "customerTypeError": "Seleccione una opción de tipo de cliente para continuar",
            "wirelessNumberLabel": "Número inalámbrico de AT&T",
            "wirelessNumberTooltip": "Debe ser un número inalámbrico asociado con su cuenta inalámbrica",
            "wirelessNumberRequiredError": "Ingrese un número inalámbrico de AT&T",
            "wirelessNumberValidationError": "Introduzca primero un número inalámbrico AT&T válido de 10 dígitos con código de área (ejemplo: 5035557654)",
            "accountHolderFirstnameLabel": "Nombre del titular de la cuenta",
            "accountHolderFirstnameRequiredError": "Introduzca el nombre del titular de la cuenta",
            "accountHolderLastnameLabel": "Apellido del titular de la cuenta",
            "accountHolderLastnameRequiredError": "Introduzca el apellido del titular de la cuenta",
            "imeiLabel": "Número IMEI",
			"imeiText":"IMEI",
            "imeiTooltip": "Puede encontrar su número IMEI de 15 dígitos:",
            "imeiLine1Tooltip": "Marcando",
            "imeiLine2Tooltip": " *#06# ",
            "imeiLine3Tooltip": "Escoger",
            "imeiLine4Tooltip": "Configuración> Acerca de",
            "imeiLine5Tooltip": ", O",
            "imeiLine6Tooltip": "Bajo la batería del teléfono",
            "imeiRequiredError": "Introduzca un número IMEI.",
            "imeiLengthError": "Ingrese un número IMEI de 15 dígitos.",
            "ULS_8023": "Compruebe el número IMEI y vuelva a introducirlo.",
            "makeLabel": "Hacer",
            "modelLabel": "Modelo",
            "capchaLabel": "Introduzca los caracteres de frase de paso",
            "capchaRequiredError": "Introduzca los caracteres mostrados en la imagen para continuar",
            "backButton": "Espalda",
            "nextButton": "Siguiente",
            "ULP_2004": "No podemos encontrar una coincidencia para este número inalámbrico. Revise su información e inténtelo de nuevo.",
            "ssnLabel": "Últimos 4 dígitos del SSN del titular de la cuenta",
            "ssnRequiredError": "Ingrese los últimos 4 dígitos del Número de Seguro Social del titular de la cuenta",
            "ssnValidationError": "Ingrese un 4 últimos dígitos válidos del SSN del titular de la cuenta",
            "businessAccountNameLabel": "Nombre de cuenta de empresa",
            "businessAccountNameRequiredError": "Ingrese el nombre de su cuenta comercial.",
            "billingAccountNumberLabel": "Introduzca los últimos 4 dígitos de su número de cuenta de facturación.",
            "billingAccountNumberTooltip": "",
            "billingAccountNumberRequiredError": "Introduzca los últimos 4 dígitos de su número de cuenta de facturación.",
            "billingAccountNumberValidationError": "Por favor, introduzca los últimos 4 dígitos del número de cuenta comercial",
            "activeSimCardNumberTooltip": "Para encontrar el número de la tarjeta SIM, consulte los tutoriales del dispositivo",
            "activeSimCardNumberLabel": "Últimos cuatro números de tarjeta SIM activa",
            "activeSimCardNumberRequiredError": "Introduzca los últimos 4 dígitos de su número de tarjeta SIM activa.",
            "activeSimCardNumberValidationError": "Por favor ingrese 4 últimos números de tarjeta SIM activa",
            "passcodeTooltip": "Este es un código de acceso adicional que agregó a su cuenta para hacerlo más seguro.",
            "passcodeLabel": "Contraseña de seguridad inalámbrica de AT&T",
            "passcoderequiredLabel": "(Obligatorio si se crea)",
            "passcodeRequiredError": "Introduzca un código de cuenta válido",
            "passcodeErrorValidation": "Introduzca un código de cuenta AT&T válido de 4 a 8 dígitos",
            "forgotPasswordLink": "¿Olvidó su contraseña?",
            "emailLabel": "Dirección de correo electrónico",
            "emailTooltip": "Necesitarás una dirección de correo electrónico válida para recibir instrucciones para desbloquear tu dispositivo.",
            "emailValidationError": "Introduzca una dirección de correo electrónico válida (ejemplo: user@att.com)",
            "emailRequiredError": "Introduzca una dirección de correo electrónico.",
            "ULP_1010": "Introduzca una dirección de correo electrónico segura.",
            "militaryPersonalRadiolabel": "Personal militar desplegado activo?",
            "cancelButton": "Cancelar",
            "submitButton": "Enviar",
            "firstNameLabel": "Nombre de pila",
            "accountHolderFirstameErrorRequired": "Introduzca el nombre del titular de la cuenta",
            "lastnameLabel": "Apellido",
            "wirelessTelephonenumberLabel": "Número de teléfono inalámbrico",
            "wirelessnumberRequiredError": "Ingrese un número inalámbrico de AT&T",
            "wirelessnumberValidationError": "Introduzca primero un número inalámbrico AT&T válido de 10 dígitos con código de área (ejemplo: 5035557654)",
            "checkstatusIntroTxt": "Averigüe su estado de desbloqueo Recuerde, las solicitudes pueden tardar hasta 2 días Compruebe si ha pasado menos de 2 días.",
            "imeiValidationError": "Introduzca un número IMEI válido",
            "requestNumberLabel": "Su número de solicitud es",
            "requestNumberRequiredError": "Número de solicitud debe ser alfanumérico.",
            "deviceUnlockLabel": "Portal de desbloqueo de dispositivos",
            "emailSuccessHeaderlabel": "Gracias por su confirmación",
            "emailSuccessText1Label": "Su solicitud de desbloqueo está en revisión ahora. Espere dos días hábiles para procesarla.",
            "emailSuccessText2Label": "Le enviaremos un mensaje de correo electrónico pronto con el estado de su solicitud, o comprobarlo usted mismo en el",
            "deviceStatusPortalEmailSuccessLabel": "Portal de estado de desbloqueo de dispositivos",
            "emailSuccesstext3part1Labellabel": "Recuerda que tu número de solicitud es",
            "emailSuccesstext3part2Labellabel": ".Por favor, guarde esta información para referencia futura.",
            "deviceUnlockSupportLabel": "Desbloqueo del dispositivo de apoyo",
            "accessibilityToolTipContentLabel": "El enlace se abrirá en una nueva ventana",
            "emailexpiredLabel": "Vínculo por correo electrónico caducado",
            "emailexpiredText1Label": "Este enlace ha caducado.",
            "questionLabel": "Llame a <strong> 800.331.0500 </strong>, o marque <strong> 611 </strong> desde su teléfono inalámbrico AT&T.",
            "ULF_0015": "Introduzca el número IMEI de su dispositivo.",
            "ULP2003": "El IMEI que ingresó no parece ser un teléfono o tablet inalámbrico de AT&T. Ingrese el número IMEI correcto de 15 dígitos para su teléfono o tableta inalámbrica AT&T. Puede obtener el número IMEI desde el teléfono inalámbrico marcando *#06#.",
            "ULP_0000": "Lo sentimos, pero estamos teniendo dificultades técnicas con nuestra red en este momento. Vuelve a intentarlo más tarde.",
            "ULP_0001": "No podemos desbloquear este dispositivo para usted.Si su actual proveedor de servicios inalámbricos puede ayudarle a desbloquearlo.",
            "ULP_0002": "Sus datos no pueden ser validados por el sistema.",
            "ULP_1019": "Los caracteres introducidos no coinciden con la imagen.",
            "ULS_8000": "Lo sentimos, su cuenta no es apta para desbloquear.Para obtener más información, póngase en contacto con Soporte 800.331.0500.",
            "ULS_8001": "Lo sentimos, su cuenta no es apta para desbloquear.Para obtener más información, póngase en contacto con Soporte 800.331.0500.",
            "ULS_8002": "No hemos podido verificar tu código de acceso, revisa tu información y vuelve a intentarlo o <a href='https://www.att.com/esupport/article.html#!/wireless/KM1051385' target='_blank'> Restablecer su contraseña </a>.",
            "ULS_8003": "No pudimos encontrar una cuenta con el número de Seguro Social que nos dio. Revise su información e inténtelo de nuevo.",
            "ULS_8004": "El nombre de la cuenta proporcionado en la solicitud es incorrecto.Proporcione los datos correctos y vuelva a intentarlo.",
            "ULS_8005": "Los últimos 4 dígitos del número de cuenta proporcionado en la solicitud son incorrectos. Proporcione los datos correctos y vuelva a intentarlo.",
            "ULS_8007": "Este dispositivo no es apto para desbloquear ahora.",
            "ULS_8008": "No podemos desbloquear este dispositivo debido a un saldo atrasado o impago de la cuenta. <br> Para realizar un pago, <a href = 'https://www.att.com/olam/passthroughAction.myworld?actionType = MakePayment 'target =' _ blank '> inicie sesión en su cuenta. </a> <br> Puede <a href='/#' target='_blank'> enviar una nueva solicitud </a> 24 horas después de hacer un pago.",
            "ULS_8009": "Lo sentimos, pero estamos teniendo dificultades técnicas con nuestra red en este momento. Vuelve a intentarlo más tarde.",
            "ULS_8010": "Hay una solicitud para desbloquear este dispositivo en progreso. Puede comprobar el estado de su pedido aquí.",
            "ULS_8011": "Lo sentimos, este dispositivo no es apto para desbloquear.Para obtener más información, póngase en contacto con Soporte 800.331.0500.",
            "ULS_8012": "Lo sentimos, este dispositivo no es apto para desbloquear.Para obtener más información, póngase en contacto con Soporte 800.331.0500.",
            "ULS_8013": "La dirección de correo electrónico proporcionada en la solicitud no es válida. Por favor, proporcione los datos correctos y vuelva a intentarlo.",
            "ULS_8014": "Lo sentimos, este dispositivo no es apto para desbloquear.Para obtener más información, póngase en contacto con Soporte 800.331.0500.",
            "ULS_8015": "Lo sentimos, esta solicitud de desbloqueo no se puede aceptar ya que hay una cuenta activa asociada con este dispositivo.Para obtener más información, póngase en contacto con soporte 800.331.0500.",
            "ULS_8016": "Envíenos por fax o por correo electrónico sus documentos de despliegue militar a 214.782.6442, o deviceunlockreceipt@att.com, o su solicitud será cancelada.",
            "ULS_8017": "No pudimos encontrar una coincidencia para ese número IMEI. Compruebe el número IMEI ingresando * # 06 #, o revise la configuración de su dispositivo.",
            "ULS_8018": "Este dispositivo tiene una solicitud de desbloqueo ya en curso. <a href='#/status' target='_blank'> Compruebe el estado </a> de la solicitud",
            "ULS_8019": "No pudimos verificar el número de su cuenta, revise su información y vuelva a intentarlo.",
            "ULS_8024": "Los caracteres introducidos no coinciden con el audio.",
            "ULS_8025": "Para tu protección, bloqueamos cuentas después de demasiados intentos fallidos de inicio de sesión.Tu cuenta está bloqueada por 30 minutos.Si todavía tienes un problema al iniciar sesión después de la hora de bloqueo de 30 minutos, llámanos al 800.331.0500",
            "ULS_8026": "Desafortunadamente, su solicitud de desbloqueo fue denegada porque: Su dispositivo está actualmente activo en otra cuenta de cliente de AT&T.",
            "ULS_8028": "Este dispositivo no es apto para ser desbloqueado ahora porque se ha reportado como perdido o robado.",
            "ULS_8029": "Este dispositivo no es apto para ser desbloqueado ahora porque todavía está bajo contrato. <br> Para revisar el contrato <a href = 'https://www.att.com/olam/loginAction.olamexecute' target = '_ blank' > Inicie sesión en su cuenta. </a> <br/> Para pagar el <a href='http://www.att.com/esupport/article.jsp?sid=53602' target='_blank'> temprano La tarifa de cancelación </a> y desbloquear el dispositivo, llame al 800.331.0500 o marque 611 desde su teléfono inalámbrico de AT&T. <br/> Usted puede enviar una nueva solicitud 24 horas después de realizar el pago. ",
            "ULS_8030": "Este dispositivo no es apto para ser desbloqueado ahora porque no se han pagado todos los pagos de cuotas. <br> Inicie sesión en su cuenta en <a href = 'http://www.att.com/esupport/article. Jsp? Sid = KB424963 'target =' _ blank '> compruebe su información de pago </a> y <a href =' https://www.att.com/olam/passthroughAction.myworld?actionType=MakePayment 'target =' _ blank '> Pagar </a> las entregas en línea. <br> Puede <a href='/#' target='_blank'> enviar una nueva solicitud </a> 24 horas después de realizar el pago. ",
            "ULS_8031": "Este dispositivo no es apto para ser desbloqueado ahora porque se ha actualizado recientemente. <br> Puede <a href='/#' target='_blank'> enviar una nueva solicitud </a> 14 días después de la última actualización",
            "ULS_8032": "Este dispositivo no es apto para ser desbloqueado ahora porque ha sido actualizado recientemente. Puedes enviar <a href='/#' target='_blank'> una nueva solicitud </a> 30 días después de la última actualización", 
            "ULS_8033": "Este dispositivo no es apto para desbloquear ahora.",
            "ULS_8034": "Este dispositivo no es apto para el desbloqueo.",
            "ULS_8035": "Este dispositivo no es apto para el desbloqueo.",
            "ULS_8036": "Este dispositivo ya está desbloqueado.",
            "ULS_8037": "Este dispositivo tiene una solicitud de desbloqueo ya en curso. <a href='#/status' target='_blank'> Compruebe el estado </a> de la solicitud",
            "ULS_8038": "La información de la cuenta proporcionada no coincide con nuestros registros.",
            "ULS_8039": "Se ha superado el número permitido de intentos de introducir la información de la cuenta.",
            "ULS_8040": "No podemos verificar la información de su cuenta. Compruebe su información e inténtelo de nuevo.",
            "ULS_8041": "Algo no está funcionando, no podemos completar su solicitud ahora mismo, intente nuevamente más tarde.Si ve este mensaje de nuevo, intente borrar la memoria caché de su dispositivo y las cookies.Quieres ayuda ahora? Llámenos al 800.331.0500 o marque 611 desde su teléfono inalámbrico AT&T. ",
            "ULS_8042": "Este dispositivo no es apto para ser desbloqueado ahora.",
            "ULS_8043": "No podemos desbloquear este dispositivo debido a un saldo vencido o impago de la cuenta. <br> Para realizar un pago, <a href = 'https: //www.att.com/olam/passthroughAction.myworld?actionType = MakePayment 'target =' _ blank '> inicie sesión en su cuenta. </a> <br> Puede <a href='/#' target='_blank'> enviar una nueva solicitud </a> 24 horas después de hacer un pago.",
            "ULS_8044": "Información incorrecta del titular de la cuenta: No podemos verificar la información de su cuenta, revisar su información e intentarlo de nuevo.",
            "ULS_8045": "Su sesión ha expirado en este momento. Actualice la página e inténtelo de nuevo.",
            "ULS_8046": "Debido a ciertas pautas de AT&T, no podemos desbloquear este dispositivo.Las directrices de AT&T no nos permitirán desbloquear este dispositivo.",
            "ULS_8047": "El dispositivo no requiere desbloqueo.",
            "USP2001": "La solicitud de desbloqueo está en revisión y nos pondremos en contacto con usted cuando se haya completado. Gracias por su paciencia.",
			"SLE_INVALID_INPUT": "Lo sentimos, pero estamos teniendo dificultades técnicas con nuestra red en este momento. Vuelve a intentarlo más tarde.",
			"SLE_System Exception": "Lo sentimos, pero estamos teniendo dificultades técnicas con nuestra red en este momento. Vuelve a intentarlo más tarde.",
			"SLE_BACKEND_APP": "Lo sentimos, pero estamos teniendo dificultades técnicas con nuestra red en este momento. Vuelve a intentarlo más tarde.",
			"ULS_3001": "Lo sentimos, pero estamos teniendo dificultades técnicas con nuestra red en este momento. Vuelve a intentarlo más tarde.",
            "headerIntroTextBeforeLink": "¿Quieres desbloquear un dispositivo y llevarlo con usted? Podemos ayudar.Podemos desbloquear cualquier dispositivo diseñado para trabajar en nuestra red.Usted va a hacer todo en línea, en un solo lugar.Si necesita un poco de ayuda, Paso a paso tutorial ",
            "supportUrlText": "Desbloquear teléfono o tablet",
            "headerIntroTextAfterLink": "Antes de empezar.",
            "headerTextLine2": "Traer un dispositivo a AT&T Podemos ayudar con eso también.Pero, primero debe ponerse en contacto con su proveedor de servicios inalámbricos para desbloquearlo.",
            "unlockyourDevice": "Desbloquear tu dispositivo",
            "unlockDeviceDescription": "El desbloqueo de un dispositivo es simple: primero, verifique la elegibilidad de su dispositivo y, a continuación, siga algunos pasos para enviar su solicitud. Asegúrese de tener a mano el número inalámbrico y el nombre del cliente.",
            "checkUnlockStatusTxt": "Comprueba tu estado de desbloqueo",
			"cruHeaderText": "Gracias por enviar una solicitud de desbloqueo de dispositivo:",
            "checkUnlockStatusDescrp": "Averigüe su estado de desbloqueo Necesitará el IMEI de su dispositivo y el número de solicitud de desbloqueo que le enviamos El número IMEI es normalmente de 15 números Su número de solicitud es una combinación de letras y números FYI, las solicitudes pueden tomar hasta 2 días.",
            "checkAnotherUnlockStatusLabel": "Verificar el estado de otro dispositivo",
            "errorLabel": "Error:",
            "deniedGoPhone": "<p>No podemos desbloquear este dispositivo porque no ha estado activo durante al menos seis meses de servicio pagado. </p><p> Puedes <a href='/deviceunlock/'> enviar una nueva solicitud </a> después de seis meses de servicio pagado. </p>",
            "deniedImeiActive": "<p>No podemos desbloquear este dispositivo porque está actualmente activo en otra cuenta de cliente de AT&T. </p>",
            "deniedEmailConfirmFailed": "<p>No podemos desbloquear este dispositivo porque no recibimos su confirmación en 24 horas. </p><p> Si lo desea, puede <a href='/deviceunlock/'> enviar un Nueva solicitud </a>. </p>",
            "deniedAttNextService": "<p>Su solicitud de desbloqueo fue denegada porque no se han pagado todos los pagos de cuotas para este dispositivo. </p><p> Inicie sesión en su cuenta en <a href = 'http: //www.att.com /esupport/article.jsp?sid=KB424963'>revise su AT&T Siguiente información de pago </a> y <a href='https://www.att.com/olam/passthroughAction.myworld?actionType=MakePayment'> pague Las cuotas en línea </a>. </p><p> Puede <a href='/deviceunlock/'> enviar una nueva solicitud </a> 24 horas después de realizar el pago. </p>",
            "deniedSubsidyService": "<p>Su solicitud de desbloqueo fue denegada porque el dispositivo aún está bajo contrato. </p><p> Inicie sesión en su cuenta en <a href = 'https: //www.att.com/esupport/article.html #! / Wireless / KM1044993 '> revise su contrato </a>. </p><p> Para pagar el <a href =' http: //www.att.com/esupport/article.jsp? Sid = 53602 </b> o marque <b> 611 </b> desde su teléfono inalámbrico de AT&T. </p><p> Puede cancelar la cancelación anticipada de la tarifa y desbloquear el dispositivo, llame a <b> 800.331.0500 </b> <a href='/deviceunlock/'> envíe una nueva solicitud </a> 24 horas después de realizar el pago. </p>",
            "deniedPolicyValidation": "<p>Su solicitud de desbloqueo fue denegada porque no pudimos verificar la información que nos proporcionó. </p><p> Si desea, puede revisar su información y <a href=/deviceunlock/> enviar una nueva Solicitud. </a> </p>",
            "deniedNonAttImei": "<p>Su solicitud de desbloqueo fue denegada porque el número IMEI no coincide con un dispositivo compatible con la red AT&T. </p><p> Compruebe el número IMEI marcando <b> * # 06 # </b> , O compruebe la configuración del dispositivo y luego <a href='/deviceunlock/'> envíe una nueva solicitud </a>. </p>",
            "deniedNonSupported": "<p>Su solicitud de desbloqueo fue denegada porque el dispositivo ya no es compatible con el fabricante y no podemos obtener un código de desbloqueo. </p>",
            "deniedUnableToVerify": "<p>Su solicitud de desbloqueo fue denegada porque la información de la cuenta no coincide con nuestros registros. </p>",
            "deniedPastDue": "<p> Se rechazó tu solicitud de desbloqueo porque tu cuenta tiene un saldo vencida o pendiente de pago. </p><p> Para realizar un pago, <a href = https://www.att.com/olam/loginAction. Olamexecute> inicie sesión en su cuenta </a>. </p><p> Puede <a href=/deviceunlock/> enviar una nueva solicitud </a> 24 horas después de hacer un pago. </p>",
            "deniedMilitaryDoc": "<p>Su solicitud de desbloqueo fue denegada porque no recibimos los documentos de prueba militar dentro de cuatro días. </p><p> Si lo desea, puede <a href='/deviceunlock/'> enviar un nuevo Solicitud </a>. </p>",
            "deniedFraud": "<p>Debido a ciertas directrices de AT&T, no podemos desbloquear este dispositivo. </p><p> Las directrices de AT&T no nos permitirán desbloquear este dispositivo. </p>",
            "deniedBrePeriodIRU": "<p>Su solicitud de desbloqueo se ha rechazado porque el dispositivo se actualizó recientemente. </p><p> Puede <a href='/deviceunlock/'> enviar una nueva solicitud </a> 14 días después de la última actualización. </p>",
            "deniedBrePeriodCRU": "<p>Su solicitud de desbloqueo se ha rechazado porque el dispositivo se actualizó recientemente. </p><p> Puede <a href='/deviceunlock/'> enviar una nueva solicitud </a> 30 días después de la última actualización. </p>",
            "deniedDataNotFound": "<p>Your unlock request was denied because the information you gave us doesn't match our records.</p>",
            "deniedLostStolen": "<p>Su solicitud de desbloqueo fue denegada porque este dispositivo ha sido reportado como perdido o robado. </p>",
            "deniedAccountActive": "<p> Se rechazó tu solicitud de desbloqueo porque tu cuenta no estuvo activa durante al menos 60 días. </p>",
            "deniedCOUDevice": "<p>No podemos procesar esta solicitud porque no es un dispositivo para el consumidor. </p>",
            "inQueueProgress": "<p> Estamos revisando su solicitud de desbloqueo ahora. Permita dos días hábiles para el procesamiento. </p><p> Le enviaré un correo electrónico con una decisión sobre su solicitud. </p>",
            "pendingEmailConfirm": "<p>Su solicitud de desbloqueo está en suspenso hasta que recibamos su confirmación. </p><p> Para completar su solicitud, siga el enlace de confirmación en el correo electrónico que le enviamos. </p><p> <b> Nota : </b> Si no puede encontrar el correo electrónico, compruebe su carpeta de spam o <a href='/#'> envíe una nueva solicitud </a>. </p>",
            "pendingMilitaryDoc": "<p>Su solicitud de desbloqueo está en espera porque estamos esperando los documentos de verificación de despliegue militar. </p><p> Envíe los documentos de despliegue militar en un plazo de cuatro días a <b> 214.782.6442 </b> o envíe un correo electrónico <a href='mailto:deviceunlockreceipt@att.com'> deviceunlockreceipt@att.com </a>. </p><p> Si no recibimos los documentos en un plazo de cuatro días, tendremos que Cancelar su solicitud. </p>",
            "approvedComplete": "<p> Hemos aprobado tu solicitud para desbloquear tu dispositivo. Estas son las instrucciones para completar tu desbloqueo: </p>",
            "unlockCodeLabel": "Su código de desbloqueo es",
            "imeiNumberLabel": "Número IMEI",
            "requestDateTimeLabel": "Fecha y hora de la solicitud",
            "requestNumberStatusLabel": "Número de solicitud",
            "currentStatusLabel": "Estado actual",
            "systemerrorLabel": "Error del sistema",
            "systemerrorLine1TextLabel": "Lo sentimos, pero tenemos dificultades técnicas con nuestra red en este momento. Vuelva a intentarlo más tarde. <br> Si el problema persiste, pruebe a eliminar la caché y las cookies de su dispositivo. En <strong> 800.331.0500 </strong> o marque <strong> 611 </strong> desde su teléfono inalámbrico. ",
            "requestNumberCRULabel": "Número de solicitud es",
            "confirmationCRULabel": "Procesaremos la solicitud y responderemos al correo electrónico proporcionado dentro de dos días hábiles.",
            "futureReferenceLabel": "Guarde por favor esta información para la referencia futura",
            "processRequestLabel": "Antes de poder procesar tu solicitud, tendrás que seguir estos pasos:",
            "confirmationLabel": "Recibirá un mensaje de correo electrónico de confirmación en breve.",
            "emailMessageLabel": "Este mensaje de correo electrónico incluirá un enlace.Por favor, siga este enlace para confirmar su solicitud de desbloqueo dentro de las próximas 24 horas, o se cancelará.",
            "militaryDocumentLabel": "Envíenos por fax o por correo electrónico sus documentos de despliegue militar a 214.718.6442, o <a class=mailto href=mailto: deviceunlockreceipt@att.com> deviceunlockreceipt@att.com </a> o se cancelará.",
            "submitNewRequestLabel": "Enviar una nueva solicitud",
            "requestinfoCRUHeaderLabel": "Gracias por enviar una solicitud de desbloqueo de dispositivo",
            "requestinfoLineThreeTextLabel": "Proporcione su información",
            "commonapiFailureMsgLabel": "Lo siento, pero tenemos dificultades técnicas con nuestra red en este momento.Por favor, inténtelo de nuevo más tarde.Si este problema persiste, intente borrar la caché y las cookies de su dispositivo.Consulte el <strong> 800.331. 0500 </strong> o marque <strong> 611 </strong> desde su teléfono inalámbrico AT&T (errorCode.ULS3001) ",
            "lineFourNoteLabel": "Si desea desbloquear un dispositivo desde otra compañía inalámbrica, póngase en contacto con esa compañía. AT&T no puede desbloquear dispositivos de otras compañías.",
            "noteLabel": "NOTA:",
            "modalheaderText": "Dispositivo desbloquear requisitos de elegibilidad",
            "closeButtonHeader": "Cerca",
            "closeButtonFooter": "Cerca",
            "modalBodyHeader": "Requisitos de dispositivo para TODAS las solicitudes",
            "supportURL": "/esupport/article.jsp?sid=KB414532&cv=820",
            "supportText": "Desbloqueo del dispositivo de apoyo",
            "section1title": "Los dispositivos deben:",
            "section1listpart1beforeLink": "Estar diseñado para ser utilizado en, y bloqueado, a la red de AT&T. (Preguntas? Ver",
            "section1listpart1afterLink": ")",
            "section1listpart2": [
                "No se denuncian perdidos o robados",
                "No participar en actividades fraudulentas",
                "Se han completado todos los compromisos de servicio y planes de pago a plazos y todas las comisiones de terminación anticipada pagadas en su totalidad",
                "No estar activo actualmente en una cuenta de cliente de AT&T diferente"
            ],
            "nonATTcusttitle": "¿No es un cliente de AT&T?",
            "nonATTcustDescp": "Si no tiene una cuenta de AT&T inalámbrica para el dispositivo que está desbloqueando, el dispositivo aún debe cumplir con todos estos requisitos.",
            "section2Header": "Requisitos de cuenta",
            "section2": [
                {
                    "title": "Cuentas empresariales",
                    "list": [
                        "Asegúrese de que la persona que realiza la solicitud esté autorizada por un cliente comercial actual o anterior de AT&T."
                    ]
                },
                {
                    "title": "Compromiso de servicio o cuentas de planes de cuotas",
                    "list": [
                        "Si realizó una actualización temprana, no puede solicitar desbloquear su dispositivo anterior antes de que finaliza el período de remordimiento del comprador de 14 días.",
                        "Su cuenta debe estar activa durante al menos 60 días sin saldo vencida o impagado.",
                        "Cuando llegue a ser elegible para un desbloqueo, verá una alerta en la descripción de su cuenta de myAT&T al iniciar sesión."
                    ]
                },
                {
                    "title": "Cuentas prepago / GoPhone",
                    "list": [
                        "Su dispositivo debe haber estado activo durante al menos 6 meses de servicio pagado."
                    ]
                },
                {
                    "title": "Clientes de movilidad no AT&T",
                    "list": [
                        "Si nunca ha tenido una cuenta inalámbrica de AT&T, asegúrese de que su solicitud cumpla todos los requisitos del dispositivo que se muestran arriba."
                    ]
                },
                {
                    "title": "Personal militar desplegado (sólo clientes AT&T actuales)",
                    "list": [
                        "Asegúrese de enviarnos su verificación de despliegue y cumplir con todos los requisitos para los dispositivos.",
                        "Para desbloquear su dispositivo, el personal militar no necesita completar los planes de pago a plazos ni los compromisos de servicio, tampoco está obligado a pagar los cargos de terminación anticipada.",
                        "AT&T puede limitar el número de dispositivos que el personal militar puede desbloquear."
                    ]
                }
            ],
            "ImpNoteTitle": "Importante:",
            "ImpNoteDescp": "AT&T se reserva el derecho de negar cualquier solicitud de desbloqueo que concluya que resultaría en un abuso de esta política o es parte de un esfuerzo por defraudar a AT&T oa sus clientes.También se reserva el derecho de modificar esta política de desbloqueo a su discreción sin previo aviso Si durante un mes, más de 100 solicitudes se realizan desde una única fuente, y si más del 10% de esas solicitudes son números IMEI duplicados, AT&T ya no procesará las solicitudes de desbloqueo de esa fuente."
        }
    ]
}
