<?xml version="1.0" encoding="UTF-8"?>
<beans xmlns="http://www.springframework.org/schema/beans"
	xmlns:xsi="http://www.w3.org/2001/XMLSchema-instance" xmlns:context="http://www.springframework.org/schema/context"
	xmlns:p="http://www.springframework.org/schema/p"
	xsi:schemaLocation="http://www.springframework.org/schema/beans  
            http://www.springframework.org/schema/beans/spring-beans-3.0.xsd
            http://www.springframework.org/schema/context
	        http://www.springframework.org/schema/context/spring-context-3.0.xsd">

	<context:component-scan base-package="com.att.oce.service.queueImpl" />
	<context:component-scan base-package="com.att.oce.service.queue" />

	<bean id="queueSessionFactory"
		class="org.springframework.orm.hibernate4.LocalSessionFactoryBean">
		<property name="dataSource" ref="dataSource"></property>
		<property name="annotatedClasses">
			<list>
				<value>com.att.oce.service.queue.hibernate.orm.OCELineSubstatus
				</value>
				<value>com.att.oce.service.queue.hibernate.orm.OCEProgramMaster
				</value>
				<value>com.att.oce.service.queue.hibernate.orm.OCEQueueMaster
				</value>
				<value>com.att.oce.service.queue.hibernate.orm.OCEProgramMaster
				</value>
				<value>com.att.oce.service.queue.hibernate.orm.OceQueueProgramSla
				</value>
				<value>com.att.oce.service.queue.hibernate.orm.OceQueueProgramSlaDtls
				</value>
				<value>com.att.oce.service.queue.hibernate.orm.OCEQueueShippingCode_PK
				</value>
				<value>com.att.oce.service.queue.hibernate.orm.OCEQueueShippingCode
				</value>
				<value>com.att.oce.service.queue.hibernate.orm.OCEQueueLineSubstatus
				</value>
				<value>com.att.oce.service.queue.hibernate.orm.OCEQueuePriorityData
				</value>
				<value>com.att.oce.service.queue.hibernate.orm.OCEQueuePriorityRef_PK
				</value>
				<value>com.att.oce.service.queue.hibernate.orm.OCEQueuePriorityRef
				</value>
				<value>com.att.oce.service.queue.hibernate.orm.OCEActionType
				</value>
				<value>com.att.oce.service.queue.hibernate.orm.OCEQueueActionType
				</value>
				<value>com.att.oce.service.queue.hibernate.orm.OCEQueuePriorityCriteria
				</value>
				<value>com.att.oce.service.queue.hibernate.orm.OCEShippingCode
				</value> 
				<value>com.att.oce.service.queue.hibernate.orm.OCEQueueDetails
				</value>
			</list>
		</property>
		<property name="hibernateProperties">
			<props>
				<prop key="hibernate.dialect">org.hibernate.dialect.Oracle10gDialect</prop>
<!-- 				<prop key="hibernate.hbm2ddl.auto">update</prop> -->
				<prop key="hibernate.show_sql">true</prop>

				<prop key="hibernate.cache.use_second_level_cache">true</prop>
				<prop key="hibernate.cache.use_query_cache">true</prop>
				<prop key="hibernate.cache.provider_class">org.hibernate.cache.EhCacheProvider</prop>
				<prop key="hibernate.cache.region.factory_class">org.hibernate.cache.ehcache.EhCacheRegionFactory
				</prop>
				<prop key="hibernate.cache.provider_configuration_file_resource_path">/ehCache.xml</prop>

			</props>
		</property>
	</bean>

<!-- 	<bean id="queueTemplate" class="org.springframework.orm.hibernate3.HibernateTemplate"> -->
<!-- 		<property name="sessionFactory" ref="queueSessionFactory"></property> -->
<!-- 	</bean> -->
</beans>  