<?xml version="1.0" encoding="UTF-8"?>
<jcr:root xmlns:cq="http://www.day.com/jcr/cq/1.0" xmlns:jcr="http://www.jcp.org/jcr/1.0"
    jcr:primaryType="cq:Dialog"
    helpPath=""
    title="Text"
    xtype="tabpanel">
    <items jcr:primaryType="cq:WidgetCollection">
        <tab1
            jcr:primaryType="cq:Widget"
            anchor="100%"
            title="Like Button Widget"
            xtype="panel">
            <items jcr:primaryType="cq:WidgetCollection">
                <layout
                    jcr:primaryType="cq:Widget"
                    name="./buttonLayout"
                    xtype="selection"
					fieldLabel="Like Button Layout" >
					<options jcr:primaryType="cq:WidgetCollection">
						<standard
						jcr:primaryType="nt:unstructured"
						text="standard (230 x 35)"
						value="standard"/>
						<button_count
						jcr:primaryType="nt:unstructured"
						text="button count (90 x 20)"
						value="button_count"/>
						<box_count
						jcr:primaryType="nt:unstructured"
						text="box count (55 x 65)"
						value="box_count"/>
					</options>
				</layout>
            </items>
        </tab1>
    </items>
</jcr:root>
