<?xml version="1.0" encoding="UTF-8"?>
<beans xmlns="http://www.springframework.org/schema/beans"
	xmlns:xsi="http://www.w3.org/2001/XMLSchema-instance" xmlns:context="http://www.springframework.org/schema/context"
	xmlns:p="http://www.springframework.org/schema/p"
	xsi:schemaLocation="http://www.springframework.org/schema/beans  
            http://www.springframework.org/schema/beans/spring-beans-3.0.xsd
            http://www.springframework.org/schema/context
	        http://www.springframework.org/schema/context/spring-context-3.0.xsd">
		<bean id="idgenSessionFactory"
			class="org.springframework.orm.hibernate4.LocalSessionFactoryBean">
			<property name="dataSource" ref="dataSource"></property>
			<property name="annotatedClasses">
				<list>
					<value>com.att.oce.idgen.hibernate.dao.OCEIdgenerator</value>
				</list>
			</property>
			<property name="hibernateProperties">
				<props>
					<prop key="hibernate.dialect">org.hibernate.dialect.Oracle10gDialect</prop>
					<prop key="hibernate.show_sql">true</prop>
				</props>
			</property>
		</bean>
	<bean id="idgenTemplate" class="org.springframework.orm.hibernate3.HibernateTemplate">
		<property name="sessionFactory" ref="idgenSessionFactory"></property>
	</bean>

 	<bean id="sequentialIdGenerator" class="com.att.oce.idgen.impl.SequentialIdGenerator">
		
	</bean> 
	
	<bean id="idGenService" init-method="fetchIdGenerator" name="idGenService" class="com.att.oce.idgen.hibernate.dao.OCEIdGeneratorDAOImpl">
		<constructor-arg type="java.lang.String" value="microService"/>
	</bean>
</beans>  