<?xml version="1.0" encoding="UTF-8"?>
<beans xmlns="http://www.springframework.org/schema/beans"
	xmlns:xsi="http://www.w3.org/2001/XMLSchema-instance" xmlns:context="http://www.springframework.org/schema/context"
	xmlns:p="http://www.springframework.org/schema/p"
	xsi:schemaLocation="http://www.springframework.org/schema/beans  
            http://www.springframework.org/schema/beans/spring-beans-3.0.xsd
            http://www.springframework.org/schema/context
	        http://www.springframework.org/schema/context/spring-context-3.0.xsd">


	<bean id="createUserProcessor" class="com.att.sapmp.apigw.devices.service.CreateUserProcessor" />

	<bean id="enrollDeviceProcessor"
		class="com.att.sapmp.apigw.devices.service.DeviceEnrollmentProcessor" />

	<bean id="enrollDeviceTaskProcessor"
		class="com.att.sapmp.apigw.devices.service.EnrollDeviceTaskProcessor" />
		
	<bean id="csiInquireDeviceDetailsProcessor"
		class="com.att.sapmp.apigw.devices.service.CSIInquireEnterpriseDeviceDeploymentDetailsProcessor" />		

	<bean id="routeInitialiser" class="com.att.sapmp.apigw.devices.service.RouteInitialiser" />

	<bean id="joinReplyAggregationStrategy"
		class="com.att.sapmp.apigw.devices.service.JoinReplyAggregationStrategy" />

	<bean id="csiSendSmsProcessor" class="com.att.sapmp.apigw.devices.service.CSISendSmsProcessor"></bean>

	<bean id="updateSubsriberProfileProcessor"
		class="com.att.sapmp.apigw.devices.service.CSIUpdateSubsriberProfileProcessor"></bean>

	<bean id="csiManageDeviceDetailsProcessor"
		class="com.att.sapmp.apigw.devices.service.CSIManageEnterpriseDeviceDeploymentDetailsProcessor" />

</beans>  