<?xml version="1.0" encoding="UTF-8"?>
<jcr:root xmlns:cq="http://www.day.com/jcr/cq/1.0" xmlns:jcr="http://www.jcp.org/jcr/1.0"
    jcr:primaryType="cq:Dialog"
    autoWidth="{Boolean}false"
    xtype="dialog">
    <items jcr:primaryType="cq:WidgetCollection">
		<item1
            jcr:primaryType="cq:Widget"
            title="Edit Step indicator content"
            xtype="panel">
			<items jcr:primaryType="cq:WidgetCollection">
				<numberofsteps jcr:primaryType="cq:Widget" 
					defaultValue="3"
					fieldDescription="Select the total number of steps" 
					fieldLabel="Total Number of Steps" 
					name="./numofsteps"
					type="select" 
					xtype="selection">
				          <options jcr:primaryType="cq:WidgetCollection">
				            <twostep jcr:primaryType="nt:unstructured"
				              text="2" 
				              value="2" />
				            <threestep jcr:primaryType="nt:unstructured"
				              text="3" 
				              value="3" />
				            <fourstep jcr:primaryType="nt:unstructured"
				              text="4" 
				              value="4" />
				          </options>
					</numberofsteps>
					<currentstep jcr:primaryType="cq:Widget" 
					defaultValue="3"
					fieldLabel="Current Step" 
					name="./currentstep"
					type="select" 
					xtype="selection">
				          <options jcr:primaryType="cq:WidgetCollection">
				            <onestep jcr:primaryType="nt:unstructured"
				              text="1" 
				              value="1" />
				            <twostep jcr:primaryType="nt:unstructured"
				              text="2" 
				              value="2" />
				            <threestep jcr:primaryType="nt:unstructured"
				              text="3" 
				              value="3" />
				            <fourstep jcr:primaryType="nt:unstructured"
				              text="4" 
				              value="4" />
				          </options>
					</currentstep>
					<heading2
						jcr:primaryType="cq:Widget"
						fieldLabel="Step number text"
						fieldDescription="Eg: CHECKOUT STEP 2:"
						name="./heading1"
						xtype="textfield"/>
					<bodycopy1
						jcr:primaryType="cq:Widget"
						fieldLabel="Page title"
						name="./subheading"
						xtype="textfield"/>	
					<hiddenspoken1
						jcr:primaryType="cq:Widget"
						fieldLabel="ARIA completed step text"
						fieldDescription="Eg: Completed Step"
						name="./hiddenspoken1"
						xtype="textfield"/>
					<hiddenspoken2
						jcr:primaryType="cq:Widget"
						fieldLabel="ARIA current step text"
						fieldDescription="Eg: Currently on Step"
						name="./hiddenspoken2"
						xtype="textfield"/>
					<hiddenspoken3
						jcr:primaryType="cq:Widget"
						fieldLabel="ARIA remaining step text"
						fieldDescription="Eg: Remaining Step"
						name="./hiddenspoken3"
						xtype="textfield"/>					
                </items>
		</item1>
	</items>
</jcr:root>
