<?xml version="1.0" encoding="UTF-8"?>
<jcr:root xmlns:cq="http://www.day.com/jcr/cq/1.0" xmlns:jcr="http://www.jcp.org/jcr/1.0" xmlns:nt="http://www.jcp.org/jcr/nt/1.0"
    jcr:primaryType="cq:Dialog"
    stateful="false"
    xtype="dialog">
    <items
        jcr:primaryType="cq:Widget"
        xtype="tabpanel">
        <items jcr:primaryType="cq:WidgetCollection">
            <props
                jcr:primaryType="cq:Panel"
                title="Global">
                <items jcr:primaryType="cq:WidgetCollection">
                    <titletext
                        jcr:primaryType="cq:Widget"
                        fieldLabel="Title Text"
                        name="./jcr:title"
                        xtype="textfield"/>
                    <description
                        jcr:primaryType="cq:Widget"
                        fieldDescription="short description. html allowed"
                        fieldLabel="Description"
                        height="100"
                        name="./jcr:description"
                        xtype="textarea"/>
                </items>
            </props>
            <advanced
                jcr:primaryType="cq:Panel"
                title="Advanced">
                <items jcr:primaryType="cq:WidgetCollection">
                    <ontime
                        jcr:primaryType="cq:Widget"
                        ctCls="cq-propsdialog-ontime"
                        fieldLabel="On Time"
                        name="./onTime"
                        xtype="datetime"/>
                    <offtime
                        jcr:primaryType="cq:Widget"
                        ctCls="cq-propsdialog-offtime"
                        fieldLabel="Off Time"
                        name="./offTime"
                        xtype="datetime"/>
                    <vanityPath
                        jcr:primaryType="cq:Widget"
                        cls="cq-propsdialog-vanityurl"
                        fieldLabel="Vanity URL"
                        name="./sling:vanityPath"
                        xtype="multifield">
                        <fieldConfig
                            jcr:primaryType="nt:unstructured"
                            regex="/^\\/((.+?)\\/)*[a-zA-Z0-9]+$/"
                            regexText="Vanity URL must start with a slash and should not contain an extension like .html."
                            xtype="textfield"/>
                    </vanityPath>
                    <vanityPathRedirect
                        jcr:primaryType="cq:Widget"
                        fieldLabel="Redirect Vanity URL"
                        name="./sling:redirect"
                        type="checkbox"
                        xtype="selection"/>
                    <onTimeHint
                        jcr:primaryType="cq:Widget"
                        ignoreData="{Boolean}true"
                        name="./onTime@TypeHint"
                        value="Date"
                        xtype="hidden"/>
                    <offTimeHint
                        jcr:primaryType="cq:Widget"
                        ignoreData="{Boolean}true"
                        name="./offTime@TypeHint"
                        value="Date"
                        xtype="hidden"/>
                    <language
                        jcr:primaryType="cq:Widget"
                        cls="cq-propsdialog-pagelanguage"
                        fieldLabel="Page Language"
                        name="./jcr:language"
                        optionsProvider="CQ.utils.WCM.getLanguageOptions"
                        type="select"
                        xtype="selection"/>
                    <redirect
                        jcr:primaryType="cq:Widget"
                        fieldLabel="Redirect Target"
                        name="./redirectTarget"
                        xtype="pathfield"/>
                    <designpath
                        jcr:primaryType="cq:Widget"
                        fieldLabel="Design Path"
                        name="./cq:designPath"
                        rootPath="/etc/designs"
                        xtype="pathfield"/>
                </items>
            </advanced>
            <tagging
                jcr:primaryType="cq:Panel"
                title="Tags/Keywords">
                <items jcr:primaryType="cq:WidgetCollection">
                    <tags
                        jcr:primaryType="cq:Widget"
                        cls="cq-propsdialog-tags"
                        hideLabel="{Boolean}true"
                        name="./cq:tags"
                        xtype="tags"/>
                </items>
            </tagging>
            <statistics
                jcr:primaryType="cq:Panel"
                cls="cq-propsdialog-impressions"
                title="Impressions"
                xtype="statistics"/>
            <analytics
                jcr:primaryType="cq:Panel"
                title="Page Analytics">
                <items jcr:primaryType="cq:WidgetCollection">
                    <provider
                        jcr:primaryType="cq:Widget"
                        allowEmpty="true"
                        cls="cq-propsdialog-externalprovider"
                        fieldLabel="External Provider"
                        name="./analyticsProvider"
                        type="select"
                        xtype="selection">
                        <options jcr:primaryType="cq:WidgetCollection">
                            <empty
                                jcr:primaryType="nt:unstructured"
                                text="&amp;nbsp;"
                                value=""/>
                            <google
                                jcr:primaryType="nt:unstructured"
                                text="Google Analytics"
                                value="google"/>
                        </options>
                    </provider>
                    <snippet
                        jcr:primaryType="cq:Widget"
                        fieldLabel="ID / Snippet"
                        name="./analyticsSnippet"
                        xtype="textarea"/>
                </items>
            </analytics>
            <liveCopy
                jcr:primaryType="cq:Widget"
                xtype="livecopyproperties"/>
            <blueprint
                jcr:primaryType="cq:Widget"
                xtype="blueprintconfig"/>
            <cug
                jcr:primaryType="cq:Panel"
                title="CUG">
                <items jcr:primaryType="cq:WidgetCollection">
                    <enabled
                        jcr:primaryType="cq:Widget"
                        fieldLabel="Enabled"
                        inputValue="true"
                        name="./cq:cugEnabled"
                        type="checkbox"
                        xtype="selection"/>
                    <realm
                        jcr:primaryType="cq:Widget"
                        fieldLabel="Realm"
                        name="./cq:cugRealm"
                        xtype="textfield"/>
                    <loginPage
                        jcr:primaryType="cq:Widget"
                        fieldLabel="Login Page"
                        name="./cq:cugLoginPage"
                        xtype="pathfield"/>
                    <principals
                        jcr:primaryType="cq:Widget"
                        fieldLabel="Admitted Groups"
                        name="./cq:cugPrincipals"
                        xtype="multifield">
                        <fieldConfig
                            jcr:primaryType="nt:unstructured"
                            filter="groups"
                            xtype="authselection"/>
                    </principals>
                </items>
            </cug>
        </items>
    </items>
</jcr:root>