<?xml version="1.0" encoding="UTF-8"?>
<jcr:root xmlns:cq="http://www.day.com/jcr/cq/1.0" xmlns:jcr="http://www.jcp.org/jcr/1.0" xmlns:nt="http://www.jcp.org/jcr/nt/1.0"
    jcr:primaryType="cq:Dialog"
    activeTab="0"
    height="{Long}600"
    okText="Save"
    title="Edit Installation Component"
    width="{Long}850"
    xtype="dialog">
    <items jcr:primaryType="cq:TabPanel">
        <items jcr:primaryType="cq:WidgetCollection">
            <tab1
                jcr:primaryType="cq:Panel"
                title="CheckoutStep">
                <items jcr:primaryType="cq:WidgetCollection">
                    <schedulePointOne
                        jcr:primaryType="cq:Widget"
                        fieldDescription="You'll receive an email with the confirmed date and time..."
                        fieldLabel=" First  Installation  Point"
                        name="./scheduleOne"
                        xtype="textfield"/>
                </items>
            </tab1>
            <tab2
                jcr:primaryType="cq:Panel"
                title="InstallationDayTime">
                <items jcr:primaryType="cq:WidgetCollection">
                    <installationDatetime
                        jcr:primaryType="cq:Widget"
                        fieldLabel="Installation Date Time Label"
                        name="./installationDateTime"
                        xtype="textfield"/>
                    <installationDaytime
                        jcr:primaryType="cq:Widget"
                        fieldLabel="Installation Day Time Label"
                        name="./installationDayTime"
                        xtype="textfield"/>
                    <installationDateTimeContent
                        jcr:primaryType="cq:Widget"
                        fieldLabel="Installation Date Time Content"
                        name="./installationDateTimeContent"
                        xtype="richtext">
                        <htmlRules jcr:primaryType="nt:unstructured">
                            <links
                                jcr:primaryType="nt:unstructured"
                                ensureInternalLinkExt="{Boolean}false"
                                protocols="[http://,https://,mailto:]"/>
                        </htmlRules>
                        <rtePlugins
                            jcr:primaryType="nt:unstructured"
                            path="/apps/att/att-foundation/components/richtext/dialog/items/text/rtePlugins.infinity.json"
                            xtype="cqinclude"/>
                    </installationDateTimeContent>
                    <installationDayTimeContent
                        jcr:primaryType="cq:Widget"
                        fieldLabel="Installation Day Time Content"
                        name="./installationDayTimeContent"
                        xtype="richtext">
                        <htmlRules jcr:primaryType="nt:unstructured">
                            <links
                                jcr:primaryType="nt:unstructured"
                                ensureInternalLinkExt="{Boolean}false"
                                protocols="[http://,https://,mailto:]"/>
                        </htmlRules>
                        <rtePlugins
                            jcr:primaryType="nt:unstructured"
                            path="/apps/att/att-foundation/components/richtext/dialog/items/text/rtePlugins.infinity.json"
                            xtype="cqinclude"/>
                    </installationDayTimeContent>
                    <installationDaytip
                        jcr:primaryType="cq:Widget"
                        defaultValue="View installation day tips"
                        fieldLabel="Installation Day Tip "
                        name="./installationDayTip"
                        xtype="textfield"/>
                    <installationDate
                        jcr:primaryType="cq:Widget"
                        defaultValue="Preferred installation date"
                        fieldLabel="Installation Date Label"
                        name="./installationDate"
                        xtype="textfield"/>
                    <installationDay
                        jcr:primaryType="cq:Widget"
                        defaultValue="Installation date"
                        fieldLabel="Installation Day Label"
                        name="./installationDay"
                        xtype="textfield"/>
                     <earilestAvailableInsText
						jcr:primaryType="cq:Widget"
						defaultValue="I would like the earliest possible installation date and time."
						fieldDescription="I would like the earliest possible installation date and time."
						fieldLabel="Earlier Available Installation Text"
						name="./earilestAvailableInsText"
						xtype="textfield"/>
					<differentDateInsText
						jcr:primaryType="cq:Widget"
						defaultValue="I would like to choose my installation date and time."
						fieldDescription="I would like to choose my installation date and time."
						fieldLabel="Different Date Installation Text"
						name="./differentDateInsText"
						xtype="textfield"/>
                    <installationTime
                        jcr:primaryType="cq:Widget"
                        defaultValue="Appointment time "
                        fieldLabel="Installation Time Label"
                        name="./installationTime"
                        xtype="textfield"/>
                    <installationTimeToolTip
                        jcr:primaryType="cq:Widget"
                        fieldLabel="Installation Time Tool Tip"
                        name="./installationTimeToolTip"
                        xtype="richtext">
                        <htmlRules jcr:primaryType="nt:unstructured">
                            <links
                                jcr:primaryType="nt:unstructured"
                                ensureInternalLinkExt="{Boolean}false"
                                protocols="[http://,https://,mailto:]"/>
                        </htmlRules>
                        <rtePlugins
                            jcr:primaryType="nt:unstructured"
                            path="/apps/att/att-foundation/components/richtext/dialog/items/text/rtePlugins.infinity.json"
                            xtype="cqinclude"/>
                    </installationTimeToolTip>
                    <installationTimeSlot1
                        jcr:primaryType="cq:Widget"
                        defaultValue="9:00 am to 11:00 pm"
                        fieldDescription="Eg: 9:00 am to 11:00 pm"
                        fieldLabel="Installation Time Slot 1"
                        name="./installationTimeSlot1"
                        xtype="textfield"/>
                    <installationTimeSlot2
                        jcr:primaryType="cq:Widget"
                        defaultValue="11:00 am to 1:00 pm"
                        fieldDescription="Eg: 11:00 am to 1:00 pm"
                        fieldLabel="Installation Time Slot 2"
                        name="./installationTimeSlot2"
                        xtype="textfield"/>
                    <installationTimeOption
                        jcr:primaryType="cq:Widget"
                        fieldLabel="Time Option"
                        name="./timeOption"
                        xtype="multifieldmultifield">
                        <fieldConfig jcr:primaryType="cq:WidgetCollection">
                            <field1
                                jcr:primaryType="cq:Widget"
                                emptyText="Instalation Time Text"
                                fieldLabel="Link Text"
                                name="timeText"
                                width="150"
                                xtype="textfield"/>
                            <params
                                jcr:primaryType="cq:Widget"
                                emptyText="Instalation Time Value"
                                fieldLabel="Query Params"
                                name="timeValue"
                                width="100"
                                xtype="textfield"/>
                        </fieldConfig>
                    </installationTimeOption>
                    <preferredInsDateTimeLabel
                        jcr:primaryType="cq:Widget"
                        defaultValue="Your preferred date and time for Gigapower installation are as follows:"
                        fieldDescription="&#x9;&#xa;Your preferred date and time for Gigapower installation are as follows:"
                        fieldLabel="Preferred Installation Date Time Label"
                        name="./preferredInsDateTimeLabel"
                        xtype="textfield"/>
                    <preferredInsDateTimeText1
                        jcr:primaryType="cq:Widget"
                        defaultValue=", "
                        fieldDescription="eg: ,"
                        fieldLabel="Preferred Installation Date Time Text 1"
                        name="./preferredInsDateTimeText1"
                        xtype="textfield"/>
                    <preferredInsDateTimeText2
                        jcr:primaryType="cq:Widget"
                        defaultValue=", between"
                        fieldDescription="eg: , between "
                        fieldLabel="Preferred Installation Date Time Text 2"
                        name="./preferredInsDateTimeText2"
                        xtype="textfield"/>
                </items>
            </tab2>
            <tab3
                jcr:primaryType="cq:Panel"
                title="Installation Contact">
                <items jcr:primaryType="cq:WidgetCollection">
                    <contactInfo
                        jcr:primaryType="cq:Widget"
                        fieldDescription=" For ex: Contact Information"
                        fieldLabel="Contact Information Label"
                        name="./contactInfo"
                        xtype="textfield"/>
                    <contactinfocontent
                        jcr:primaryType="cq:Widget"
                        fieldDescription=" Contact Information Description"
                        fieldLabel="Section Content"
                        name="./contactInfoContent"
                        xtype="textarea"/>
                    <contacFirsttName
                        jcr:primaryType="cq:Widget"
                        fieldDescription="For Ex:First Name"
                        fieldLabel="Contact First Name Label"
                        name="./contactFirstName"
                        xtype="textfield"/>
                    <contactLastName
                        jcr:primaryType="cq:Widget"
                        fieldDescription=" #Last Name"
                        fieldLabel="Contact Last Name Label"
                        name="./contactLastName"
                        xtype="textfield"/>
                    <contactNumber
                        jcr:primaryType="cq:Widget"
                        fieldDescription="For Ex: Primary contact number"
                        fieldLabel=" Primary Contact Number Label"
                        name="./primaryContactNum"
                        xtype="textfield"/>
                    <contactType
                        jcr:primaryType="cq:Widget"
                        fieldDescription=" For Ex: Contact Phone Type"
                        fieldLabel=" Primary Contact Phone Type Label"
                        name="./contactTypeHeading"
                        xtype="textfield"/>
                    <contactMethod
                        jcr:primaryType="cq:Widget"
                        feildDescription="eg: /Cell"
                        fieldLabel=" Primary Contact Type Options"
                        name="./contactTypes"
                        xtype="multifieldmultifield">
                        <fieldConfig jcr:primaryType="cq:WidgetCollection">
                            <pageTitle
                                jcr:primaryType="cq:Widget"
                                emptyText=" Enter values such as Cell "
                                name="contactValues"
                                width="100"
                                xtype="textfield"/>
                        </fieldConfig>
                    </contactMethod>
                    <alternateContactPhn
                        jcr:primaryType="cq:Widget"
                        fieldDescription="For ex: Secondary contact number"
                        fieldLabel="Secondary Contact Number Label"
                        name="./alternateContactPhn"
                        xtype="textfield"/>
                    <alternateContactType
                        jcr:primaryType="cq:Widget"
                        fieldDescription=" # AlternateContact Phone Type"
                        fieldLabel="Secondary Contact Phone Type Label"
                        name="./alternateContactTypeHeading"
                        xtype="textfield"/>
                    <alternateContactMethod
                        jcr:primaryType="cq:Widget"
                        feildDescription="eg: /Cell"
                        fieldLabel="Secondary Contact Type Options"
                        name="./alternateContactTypes"
                        xtype="multifieldmultifield">
                        <fieldConfig jcr:primaryType="cq:WidgetCollection">
                            <pageTitle
                                jcr:primaryType="cq:Widget"
                                emptyText=" Enter values such as Cell "
                                name="altContactValues"
                                width="100"
                                xtype="textfield"/>
                        </fieldConfig>
                    </alternateContactMethod>
                </items>
            </tab3>
            <tab4
                jcr:primaryType="cq:Panel"
                title="Alarm Information">
                <items jcr:primaryType="cq:WidgetCollection">
                    <alarmInformation
                        jcr:primaryType="cq:Widget"
                        fieldDescription=" # Alarm information"
                        fieldLabel="Alarm Information Label"
                        name="./alarmInfo"
                        xtype="textfield"/>
                    <alarmInfoText
                        jcr:primaryType="cq:Widget"
                        fieldDescription=" # Content"
                        fieldLabel="Alarm Heading Text"
                        name="./alarminfotext"
                        xtype="textarea"/>
                    <alarmtext
                        jcr:primaryType="cq:Widget"
                        fieldDescription="Like #Do you have a monitored home alarm?"
                        fieldLabel="Alarm Question Text"
                        name="./alarmQuestion"
                        xtype="textfield"/>
                    <radioboxOne
                        jcr:primaryType="cq:Widget"
                        fieldDescription="#Yes"
                        fieldLabel="First Radio Button Text"
                        name="./radioOne"
                        xtype="textfield"/>
                    <radioboxTwo
                        jcr:primaryType="cq:Widget"
                        fieldDescription="#No"
                        fieldLabel="Second Radio Button Text"
                        name="./radioboxTwo"
                        xtype="textfield"/>
                </items>
            </tab4>
            <tab5
                jcr:primaryType="cq:Panel"
                title="Additional Information">
                <items jcr:primaryType="cq:WidgetCollection">
                    <additionalinfo
                        jcr:primaryType="cq:Widget"
                        fieldDescription="#Additional Information"
                        fieldLabel="Additional Information Label"
                        name="./addInfoHeading"
                        xtype="textfield"/>
                    <additionalInfoText
                        jcr:primaryType="cq:Widget"
                        fieldLabel="Additional Info Text"
                        name="./infoText"
                        xtype="textarea"/>
                    <additionalComments
                        jcr:primaryType="cq:Widget"
                        fieldDescription="#Additional Comments"
                        fieldLabel="Additional Comments label"
                        name="./additionalComments"
                        xtype="textfield"/>
                </items>
            </tab5>
            <tab6
                jcr:primaryType="cq:Panel"
                title="CTA Buttons Tab">
                <items jcr:primaryType="cq:WidgetCollection">
                    <buttonOne
                        jcr:primaryType="cq:Widget"
                        fieldDescription="#Continue "
                        fieldLabel=" First CTA Button Text"
                        name="./buttonOne"
                        xtype="textfield"/>
                    <buttonOnealt
                        jcr:primaryType="cq:Widget"
                        fieldDescription="#Continue "
                        fieldLabel=" First CTA Button Alt Text"
                        name="./buttonOnealt"
                        xtype="textfield"/>
                    <reviewurl
                        jcr:primaryType="cq:Widget"
                        fieldDescription="Eg: #/revieworder"
                        fieldLabel="Review Order URL"
                        name="./reviewOrderURL"
                        width="350"
                        xtype="textfield"/>
                    <buttonTwo
                        jcr:primaryType="cq:Widget"
                        fieldDescription="#Back "
                        fieldLabel="Second CTA Button Text"
                        name="./buttontwo"
                        xtype="textfield"/>
                    <buttonTwoalt
                        jcr:primaryType="cq:Widget"
                        fieldDescription="#Back "
                        fieldLabel="Second CTA Button Alt Text"
                        name="./buttonTwoalt"
                        xtype="textfield"/>
                </items>
            </tab6>
        </items>
    </items>
</jcr:root>
