<?xml version="1.0" encoding="UTF-8"?>
<jcr:root xmlns:cq="http://www.day.com/jcr/cq/1.0" xmlns:jcr="http://www.jcp.org/jcr/1.0"
    jcr:primaryType="cq:Dialog"
    xtype="tabpanel">
    <items jcr:primaryType="cq:WidgetCollection">
        <tab1
            jcr:primaryType="cq:Widget"
            title="Title heading"
            xtype="panel">
            <items jcr:primaryType="cq:WidgetCollection">
                <headtext
                    jcr:primaryType="cq:Widget"
                    fieldLabel="Head Text"
                    name="./headtext"
                    xtype="textfield"/>
            </items>
        </tab1>
        <tab3
            jcr:primaryType="cq:Widget"
            title="URL Heading"
            xtype="panel">
            <items jcr:primaryType="cq:WidgetCollection">
                <deviceUnlockSupportLink
                    jcr:primaryType="cq:Widget"
                    fieldLabel="Link for Device Unlock Support"
                    name="./deviceUnlockSupportLink"
                    xtype="textfield"/>
                <deviceUnlockSupportText
                    jcr:primaryType="cq:Widget"
                    fieldLabel="Text for Device Unlock Support"
                    name="./deviceUnlockSupportText"
                    xtype="textfield"/>
            </items>
        </tab3>
        <tab2
            jcr:primaryType="cq:Widget"
            title="Content"
            xtype="panel">
            <items jcr:primaryType="cq:WidgetCollection">
                <line1
                    jcr:primaryType="cq:Widget"
                    fieldLabel="Line 1"
                    name="./line1"
                    xtype="textfield"/>
                <line2
                    jcr:primaryType="cq:Widget"
                    fieldLabel="Line 2"
                    name="./line2"
                    xtype="textfield"/>
                <line3part1
                    jcr:primaryType="cq:Widget"
                    fieldLabel="Line3 Part1"
                    name="./line3part1"
                    xtype="textfield"/>
                <line3part2
                    jcr:primaryType="cq:Widget"
                    fieldLabel="Line3 Part2"
                    name="./line3part2"
                    xtype="textfield"/>
                <line3part3
                    jcr:primaryType="cq:Widget"
                    fieldLabel="Line3 Part3"
                    name="./line3part3"
                    xtype="textfield"/>
                <line3part4
                    jcr:primaryType="cq:Widget"
                    fieldLabel="Line3 Part4"
                    name="./line3part4"
                    xtype="textfield"/>
                <line3part5
                    jcr:primaryType="cq:Widget"
                    fieldLabel="Line3 Part5"
                    name="./line3part5"
                    xtype="textfield"/>
            </items>
        </tab2>
    </items>
</jcr:root>
