<?xml version="1.0" encoding="UTF-8"?>
<beans xmlns="http://www.springframework.org/schema/beans"
	xmlns:xsi="http://www.w3.org/2001/XMLSchema-instance" xmlns:context="http://www.springframework.org/schema/context"
	xmlns:p="http://www.springframework.org/schema/p"
	xsi:schemaLocation="http://www.springframework.org/schema/beans  
            http://www.springframework.org/schema/beans/spring-beans-3.0.xsd
            http://www.springframework.org/schema/context
	        http://www.springframework.org/schema/context/spring-context-3.0.xsd">
	        
	     <bean class="org.springframework.beans.factory.config.PropertyPlaceholderConfigurer">
			<property name="locations">
				<list>
				    <value>classpath:application.properties</value>	
					<value>classpath:mdm.properties</value>					
					<value>classpath:system.properties</value>
				</list>
			</property>
			<property name="ignoreResourceNotFound" value="true" />
		</bean>
	        
	      <import resource="classpath:mdmContext.xml"/>

		<bean id="accountJson" class="org.apache.camel.component.jackson.JacksonDataFormat">
		  <property name="unmarshalType" value="com.att.sapmp.apigw.accounts.model.Accounts"/>
		</bean> 
		
		<bean id="createAccountResponseJson" class="org.apache.camel.component.jackson.JacksonDataFormat">
		  <property name="unmarshalType" value="com.att.sapmp.apigw.accounts.model.CreateTenantAccountResp"/>
		</bean>

		
		<bean id="initializationService" init-method="init" name="initializationService" class="com.att.sapmp.apigw.accounts.service.InitializationService"/>
		<bean id="requestProcessor" class="com.att.sapmp.apigw.accounts.service.RequestProcessor"/>
		<bean id="responseProcessor" class="com.att.sapmp.apigw.accounts.service.ResponseProcessor"/>
		<bean id="createTeanantAccontReq" class="com.att.sapmp.apigw.accounts.service.CreateTenantAccountRequest"/>
		<bean id="createTeanantAccontRes" class="com.att.sapmp.apigw.accounts.service.CreateTenantAccountResponse"/>
	
		
</beans>  