<?xml version="1.0" encoding="UTF-8"?>
<jcr:root xmlns:cq="http://www.day.com/jcr/cq/1.0" xmlns:jcr="http://www.jcp.org/jcr/1.0" xmlns:nt="http://www.jcp.org/jcr/nt/1.0"
    jcr:primaryType="cq:TabPanel"
    activeTab="0"
    helpPath="en/cq/current/wcm/default_components.html#Text Image"
    xtype="tabpanel">
    <items jcr:primaryType="cq:WidgetCollection">
        <prop1
            jcr:primaryType="nt:unstructured"
            title="Heading"
            xtype="panel">
            <items jcr:primaryType="cq:WidgetCollection">
                <HeadingText
                    jcr:primaryType="cq:Widget"
                    emptyText="Enter the Heading Text for this tile"
                    fieldLabel="Heading"
                    name="./HeadingText"
                    xtype="textfield"/>
                <Heading_x0020_Size
                    jcr:primaryType="cq:Widget"
                    allowBlank="false"
                    defaultValue="h2"
                    fieldLabel="Heading Size"
                    name="./HeadingSize"
                    type="select"
                    xtype="selection">
                    <options jcr:primaryType="cq:WidgetCollection">
                        <xlarge
                            jcr:primaryType="nt:unstructured"
                            text="X-Large (H1)"
                            value="h1"/>
                        <large
                            jcr:primaryType="nt:unstructured"
                            text="Large (H2)"
                            value="h2"/>
                        <medium
                            jcr:primaryType="nt:unstructured"
                            text="Medium (H3)"
                            value="h3"/>
                        <small
                            jcr:primaryType="nt:unstructured"
                            text="Small (H4)"
                            value="h4"/>
                    </options>
                </Heading_x0020_Size>
                <_x0021_-orangetext
					jcr:primaryType="cq:Widget"
					fieldDescription="Check this box if this is Page Heading"
					fieldLabel="has Orange Text"
					inputValue="true"
					name="./hasorangetext"
					type="checkbox"
					xtype="selection">	
				</_x0021_-orangetext>

                <_x0022_-pageHeading
					jcr:primaryType="cq:Widget"
					fieldDescription="Check this box if this is Page Heading"
					fieldLabel="Page Heading"
					inputValue="true"
					name="./pageheading"
					type="checkbox"
					xtype="selection">	
				</_x0022_-pageHeading>
				</items>
        </prop1>
    </items>
</jcr:root>
