<?xml version="1.0" encoding="UTF-8"?>
<routes xmlns="http://camel.apache.org/schema/spring">
	<!-- This is the satrtup route for the APIGateway microservice -->
		<route id="csiManageDeviceDetailsRoute">
			<from uri="direct:csiManageDeviceDetailsRoute" />
			<to uri="bean:csiManageDeviceDetailsProcessor?method=execute" />
			<removeHeaders pattern="CamelHttp*" />
			<setHeader headerName="Exchange.HTTP_URI">
				<simple>${bean:commonUtil?method=getProperty(csi.manage.device.detail.url)}
				</simple>
			</setHeader>
			<setHeader headerName="CamelHttpMethod">
			  <constant>POST</constant>
		    </setHeader>
		    <setHeader headerName="Accept">
			  <constant>application/json</constant>
		    </setHeader>
		    <enrich>
				<simple>velocity:vm/csiManageDeviceDetails.vm</simple>
			</enrich>
			<setBody>
				<simple>${body}</simple>
			</setBody>
			<!-- <log message="Headers in csiManageDeviceDetailsRoute ${headers}"/>  -->
		    <log message="payLoad in csiManageDeviceDetailsRoute: \n ${body}"/>
			<choice>
			      <when>
				      <simple>"{{use.proxy}}" != 'Y'</simple>
					  <to uri="http4://headeruri?throwExceptionOnFailure=false" />
			      </when>
			      <otherwise> 
				       <to uri="http4://headeruri?throwExceptionOnFailure=false&amp;proxyAuthHost={{proxy.auth.host}}&amp;proxyAuthPort={{proxy.auth.port}}" />
			      </otherwise> 		
		    </choice>
		  		<convertBodyTo type="java.lang.String" />
				
				<to uri="bean:csiManageDeviceDetailsProcessor?method=handleCsiManageDeviceDetailResponse" />
			
		   
			<onException>
				<exception>java.lang.Exception</exception>
				<to uri="bean:errorHandler?method=handleError" />
			</onException>
		</route>


		<route id="csiInquireDeviceDetailsRoute">
			<from uri="direct:csiInquireDeviceDetailsRoute" />
			<to uri="bean:csiInquireDeviceDetailsProcessor?method=execute" />
			<removeHeaders pattern="CamelHttp*" />
			<setHeader headerName="Exchange.HTTP_URI">
				<simple>${bean:commonUtil?method=getProperty(csi.inquire.device.detail.url)}
				</simple>
			</setHeader>
			<setHeader headerName="CamelHttpMethod">
			  <constant>POST</constant>
		    </setHeader>
		    <setHeader headerName="Accept">
			  <constant>application/json</constant>
		    </setHeader>
			<enrich>
				<simple>velocity:vm/csiInquireDeviceDetails.vm</simple>
			</enrich>
			<setBody>
				<simple>${body}</simple>
			</setBody>
			 <log message="Headers in csiInquireDeviceDetailsRoute ${headers}"/> 
		    <log message="payLoad in csiInquireDeviceDetailsRoute ${body}"/>
			<choice>
				<when>
					<simple>"{{use.proxy}}" != 'Y'</simple>
					<to uri="http4://headeruri?throwExceptionOnFailure=false" />
				</when>
				<otherwise>
					<to
						uri="http4://headeruri?throwExceptionOnFailure=false&amp;proxyAuthHost={{proxy.auth.host}}&amp;proxyAuthPort={{proxy.auth.port}}" />
				</otherwise>
			</choice>
			
			<!-- <enrich>
				<simple>velocity:vm/inquireCdfResponseStub.vm</simple>
			</enrich>
			<setBody>
				<simple>${body}</simple>
			</setBody> 
		<log message="received stub body from CSI: ${body}"/> 
		
				 -->
				<convertBodyTo type="java.lang.String" />
				
				<to uri="bean:csiInquireDeviceDetailsProcessor?method=handleCsiInquireDeviceDetailResponse" />
			
						
			<onException>
				<exception>java.lang.Exception</exception>
				<to uri="bean:errorHandler?method=handleError" />
			</onException>
		</route>



</routes>