<?xml version="1.0" encoding="UTF-8"?>
<routes xmlns="http://camel.apache.org/schema/spring">

  
   <route id="startup-route-deleteapp">
		<interceptFrom>
			<setHeader headerName="X-ATT-Transaction-Id">
				<simple>${bean:commonUtil?method=getAsArrayList($simple{in.header.TrackingId})}
				</simple>
			</setHeader>
			<to uri="bean:camelInterceptor?method=invokepreInterceptorChain" />
		</interceptFrom>   
       <from uri="servlet:/apps/deleteapp?matchOnUriPrefix=true" />
       <to uri="bean:requestProcessor?method=process" />
      <convertBodyTo type="java.lang.String" />
      
      <setProperty propertyName="HttpPath">
         <simple>${in.header.CamelHttpPath}</simple>
      </setProperty>
      <removeHeaders pattern="Camel*" />
      <log message="Headers received: ${headers}" />
      <setHeader headerName="Exchange.HTTP_URI">
         <simple>${bean:commonUtil?method=getProperty($simple{in.header.emmproductcode}.deleteapp.url)}${exchangeProperty.HttpPath}</simple>
      </setHeader>
      <setHeader headerName="AccountPassPhrase">
         <simple>${in.header.AccountPassPhrase}</simple>
      </setHeader>
      <log message="Calling deleteapp API with headers: ${headers}" />
      <setBody>
         <simple>${body}</simple>
      </setBody>
      <log message="Request Body :: ${body}" />
      
     <choice>
			<when>
				<simple>"{{use.proxy}}" != 'Y'</simple>
				<to uri="http4://headeruri?throwExceptionOnFailure=false" />
			</when>
			<otherwise>
				<to
					uri="http4://headeruri?throwExceptionOnFailure=false&amp;proxyAuthHost={{proxy.auth.host}}&amp;proxyAuthPort={{proxy.auth.port}}" />
			</otherwise>
		</choice>
      <convertBodyTo type="java.lang.String" />
       <to uri="bean:responseProcessor?method=handleResponse" />
      <!-- <log message="Body received from endpoint: ${body}"/> -->
   </route>
	
  
</routes>