<?xml version="1.0" encoding="UTF-8"?>
<routes xmlns="http://camel.apache.org/schema/spring">
	<!-- This is the satrtup route for the APIGateway microservice -->
	<route id="startup-route-installapps">
	<interceptFrom>
		<setHeader headerName="X-ATT-Transaction-Id">
			<simple>${bean:commonUtil?method=getAsArrayList($simple{in.header.TrackingId})}
			</simple>
		</setHeader>
		<to uri="bean:camelInterceptor?method=invokepreInterceptorChain" />
	</interceptFrom>
		<from uri="direct:startup-route-installapps" />
		<log message="installapps route start with Headers: ${headers}" />
		<!-- <to uri="cxfbean:jaxrsServices?providers=jaxrsProviders" /> -->
		<from uri="servlet:/apps/distributeapps?matchOnUriPrefix=true" />
		<setProperty propertyName="callerAuthToken">
			<simple>${in.header.authorization}</simple>
		</setProperty>
		<setProperty propertyName="AccountPassPhrase">
			<simple>${in.header.AccountPassPhrase}</simple>
		</setProperty>
		<to uri="direct:commonRoute" />
		<choice>
			<when>
				<simple>${header.callInquireDevice} != 'N'</simple>
				<to uri="direct:csiInquireDeviceDetailsRoute" />
				<to uri="bean:installAppResponseProcessor?method=handleProfileResponse" />
			</when>
		</choice>
		<to uri="direct:distributeappMDMRoute" />
		<choice>
			<when>
				<log message="in choice: ${header.CamelHttpResponseCode} is ${header.CamelHttpResponseCode}" />
				<simple>${header.CamelHttpResponseCode} == 202</simple>

				<!-- Call to Update CDF -->
				<to uri="direct:csiManageDeviceDetailsRoute" />

			</when>
			<otherwise>
				<log message="installed App Failed" />
				<to
					uri="bean:installAppResponseProcessor?method=handleCdfUpdateFailedResponse" />
				<to uri="direct:csiManageDeviceDetailsRoute" />
			</otherwise>
		</choice>
		<log message="install apps route end" />
	</route>
	<route id="commonRoute">
		<from uri="direct:commonRoute" />
		<convertBodyTo type="java.lang.String" />
		<log message="${body}" />
		<to uri="bean:installApprequestProcessor?method=process" />
		<onException>
			<exception>java.lang.Exception</exception>
			<to uri="bean:bean:errorHandler?method=handleError" />
			<handled>
				<constant>true</constant>
			</handled>
		</onException>
	</route>

	<route id="distributeappMDMRoute">
		<log message="distributeappMDMRoute start with Headers: ${headers}" />
		<from uri="direct:distributeappMDMRoute" />
		<setHeader headerName="Exchange.HTTP_URI">
			<simple>${bean:commonUtil?method=getProperty($simple{in.header.emmproductcode}.distributeapp.url)}
			</simple>
		</setHeader>
		<log message="uri: ${in.header.Exchange.HTTP_URI}" />
		<setHeader headerName="Authorization">
			<simple>${exchangeProperty.callerAuthToken}</simple>
		</setHeader>
		<setHeader headerName="AccountPassPhrase">
			<simple>${exchangeProperty.AccountPassPhrase}</simple>
		</setHeader>
		<setHeader headerName="CamelHttpMethod">
			<constant>POST</constant>
		</setHeader>
		
		<setHeader headerName="Exchange.CONTENT_TYPE">
			<constant>application/json</constant>
		</setHeader>
		<setHeader headerName="Accept">
			<constant>application/json</constant>
		</setHeader>
		<log message="Calling MDM with Headers: ${headers}" />


		<log message="Request Body :: ${body}" />


		<choice>
			<when>
				<simple>"{{use.proxy}}" != 'Y'</simple>
				<to uri="http4://headeruri?throwExceptionOnFailure=false" />
			</when>
			<otherwise>
				<to
					uri="http4://headeruri?throwExceptionOnFailure=false&amp;proxyAuthHost={{proxy.auth.host}}&amp;proxyAuthPort={{proxy.auth.port}}" />
			</otherwise>
		</choice>
		<choice>
			<when>
				<simple>${header.CamelHttpResponseCode} != 202</simple>
				
				<to uri="bean:bean:errorHandler?method=handleError" />
			</when>
			<otherwise>
				
				<convertBodyTo type="java.lang.String" />
				<log message="${body}" />
				<to
					uri="bean:installAppResponseProcessor?method=handleDistributeAppResponse" />
			</otherwise>
		</choice>
		<onException>
			<exception>java.lang.Exception</exception>
			<to uri="bean:bean:errorHandler?method=handleError" />
			<handled>
				<constant>true</constant>
			</handled>
		</onException>
	</route>


</routes>