<?xml version="1.0" encoding="UTF-8"?>
<jcr:root xmlns:cq="http://www.day.com/jcr/cq/1.0" xmlns:jcr="http://www.jcp.org/jcr/1.0" xmlns:nt="http://www.jcp.org/jcr/nt/1.0"
    jcr:primaryType="cq:Dialog"
    xtype="tabpanel">
    <items jcr:primaryType="cq:WidgetCollection">
        <Column1
            jcr:primaryType="cq:Widget"
            title="Coulmn 1"
            xtype="panel">
            <items jcr:primaryType="cq:WidgetCollection">
                <rowheading
                    jcr:primaryType="cq:Widget"
                    fieldLabel="Row Heading"
                    name="./rowheading"
                    xtype="textfield"/>
                <rowdescription
                    jcr:primaryType="cq:Widget"
                    fieldLabel="Description"
                    name="./rowdescription"
                    xtype="richtext">
                    <rtePlugins jcr:primaryType="nt:unstructured">
                        <misctools
                            jcr:primaryType="nt:unstructured"
                            features="[sourceedit]"/>
                    </rtePlugins>
                </rowdescription>
            </items>
        </Column1>
        <Column2
            jcr:primaryType="cq:Widget"
            title="Coulmn 2"
            xtype="panel">
            <items jcr:primaryType="cq:WidgetCollection">
                <type1
                    jcr:primaryType="cq:Widget"
                    fieldLabel="Type 1"
                    name="./type1"
                    xtype="richtext">
                    <rtePlugins jcr:primaryType="nt:unstructured">
                        <misctools
                            jcr:primaryType="nt:unstructured"
                            features="[sourceedit]"/>
                    </rtePlugins>
                </type1>
                <type2
                    jcr:primaryType="cq:Widget"
                    fieldLabel="Type 2"
                    name="./type2"
                    xtype="richtext">
                    <rtePlugins jcr:primaryType="nt:unstructured">
                        <misctools
                            jcr:primaryType="nt:unstructured"
                            features="[sourceedit]"/>
                    </rtePlugins>
                </type2>
            </items>
        </Column2>
        <Column3
            jcr:primaryType="cq:Widget"
            title="Coulmn 3"
            xtype="panel">
            <items jcr:primaryType="cq:WidgetCollection">
                <type1charge
                    jcr:primaryType="cq:Widget"
                    autoHeight="{Boolean}true"
                    fieldLabel="Type 1 Charge"
                    hideLabel="{Boolean}false"
                    name="./type1charge"
                    xtype="richtext">
                    <rtePlugins jcr:primaryType="nt:unstructured">
                        <edit
                            jcr:primaryType="nt:unstructured"
                            defaultPasteMode="plaintext"/>
                        <subsuperscript
                            jcr:primaryType="nt:unstructured"
                            features="*"/>
                        <misctools
                            jcr:primaryType="nt:unstructured"
                            features="[sourceedit]"/>
                        <styles
                            jcr:primaryType="nt:unstructured"
                            features="*">
                            <styles jcr:primaryType="cq:WidgetCollection">
                                <orangePrice
                                    jcr:primaryType="nt:unstructured"
                                    cssName="price fs15 strong"
                                    text="Orange Price"/>
                            </styles>
                        </styles>
                    </rtePlugins>
                </type1charge>
                <type2charge
                    jcr:primaryType="cq:Widget"
                    autoHeight="{Boolean}true"
                    fieldLabel="Type 2 Charge"
                    hideLabel="{Boolean}false"
                    name="./type2charge"
                    xtype="richtext">
                    <rtePlugins jcr:primaryType="nt:unstructured">
                        <edit
                            jcr:primaryType="nt:unstructured"
                            defaultPasteMode="plaintext"/>
                        <subsuperscript
                            jcr:primaryType="nt:unstructured"
                            features="*"/>
                        <misctools
                            jcr:primaryType="nt:unstructured"
                            features="[sourceedit]"/>
                        <styles
                            jcr:primaryType="nt:unstructured"
                            features="*">
                            <styles jcr:primaryType="cq:WidgetCollection">
                                <orangePrice
                                    jcr:primaryType="nt:unstructured"
                                    cssName="price fs15 strong"
                                    text="Orange Price"/>
                            </styles>
                        </styles>
                    </rtePlugins>
                </type2charge>
            </items>
        </Column3>
    </items>
</jcr:root>
