<configuration scan="true" scanPeriod="3 seconds" debug="false">

	<statusListener class="ch.qos.logback.core.status.NopStatusListener" />

	<property resource="application.properties" />
	<property name="logDirectory" value="${log.file.path}" />
	<property name="namespace" value="${kubernetes.namespace}"></property>

	<property name="defaultPattern"
		value="%d{yyyy-MM-dd HH:mm:ss.SSS} $ threadId: {PID:- } %-5level  namespace:${namespace} %logger{20} [ hostname: %X{hostname} serviceName: %X{serviceName} version: %X{version} transactionId: %X{transactionId} requestTimeStamp: %X{requestTimestamp}  responseTimeStamp: %X{responseTimestamp} duration: %X{duration}] %m%n" />
	<property name="performanceandAuditpattern"
		value="%date{ISO8601,UTC}|%thread|%.-5level|namespace:${namespace}|%logger{20}|%X{ServerIPAddress}|%X{ServerFQDN}|%X{serviceName}| %msg%n" />

	<appender name="STDOUT" class="ch.qos.logback.core.ConsoleAppender">
		<encoder>
			<pattern>${defaultPattern}</pattern>
		</encoder>
	</appender>
	<appender name="performanceandAudit" class="ch.qos.logback.core.ConsoleAppender">
		<encoder>
			<pattern>${performanceandAuditpattern}</pattern>
		</encoder>
	</appender>
	
	<appender name="INFO"
		class="ch.qos.logback.core.rolling.RollingFileAppender">
		<filter class="ch.qos.logback.classic.filter.LevelFilter">
			<level>INFO</level>
			<onMatch>ACCEPT</onMatch>
			<onMismatch>DENY</onMismatch>
		</filter>
		<file>${logDirectory}/SAPMP_${info.build.artifact}_Info.log</file>
		<rollingPolicy class="ch.qos.logback.core.rolling.FixedWindowRollingPolicy">
			<fileNamePattern>${logDirectory}/SAPMP_${info.build.artifact}_Info-${lrmRVer}-${lrmRO}-${Pid}.%i.log.zip
			</fileNamePattern>
			<minIndex>1</minIndex>
			<maxIndex>9</maxIndex>
		</rollingPolicy>
		<triggeringPolicy
			class="ch.qos.logback.core.rolling.SizeBasedTriggeringPolicy">
			<maxFileSize>5MB</maxFileSize>
		</triggeringPolicy>
		<encoder>
			<pattern>"%d [%thread] %-5level %logger{1024} - %msg%n"</pattern>
		</encoder>
	</appender>

	<logger name="com.att.eelf.perf" level="INFO">
		<appender-ref ref="performanceandAudit" />
	</logger>
	<logger name="com.att.eelf.audit" level="DEBUG">
		<appender-ref ref="performanceandAudit" />
	</logger>
	<logger name="com.att.ajsc" level="INFO" />

	<root level="INFO">
		<appender-ref ref="STDOUT" />
		<appender-ref ref="INFO" />
	</root>

</configuration>