<?xml version="1.0" encoding="UTF-8"?>
<beans xmlns="http://www.springframework.org/schema/beans"
	xmlns:xsi="http://www.w3.org/2001/XMLSchema-instance" xmlns:context="http://www.springframework.org/schema/context"
	xmlns:p="http://www.springframework.org/schema/p"
	xsi:schemaLocation="http://www.springframework.org/schema/beans  
            http://www.springframework.org/schema/beans/spring-beans-3.0.xsd
            http://www.springframework.org/schema/context
	        http://www.springframework.org/schema/context/spring-context-3.0.xsd">



	<bean id="propertiesUtil" class="com.att.sapmp.apigw.mdm.util.MdmPropertiesUtil">
		<property name="locations">
			<list>
				<value>classpath:mdm.properties</value>
			</list>
		</property>
	</bean>

	<import resource="classpath:routes/commonRoutes.xml" />

	<bean id="authResponseJson" class="org.apache.camel.component.jackson.JacksonDataFormat">
		<property name="unmarshalType" value="com.att.sapmp.apigw.mdm.model.AuthResponse" />
	</bean>

	<bean id="initializationMdmService" init-method="init"
		name="initializationMdmService" class="com.att.sapmp.apigw.mdm.service.InitializationMdmService" />
	<bean id="responseMdmProcessor" class="com.att.sapmp.apigw.mdm.service.ResponseMdmProcessor" />
	<bean id="errorHandler" class="com.att.sapmp.apigw.mdm.util.ErrorHandler" />
	<bean id="mdmAuthToken" class="com.att.sapmp.apigw.mdm.service.MdmAuthToken" />
	<bean id="inquireMdm" class="com.att.sapmp.apigw.mdm.service.InquireMdmPartner" />

	<bean id="csiSendSmsRequest" class="com.att.sapmp.apigw.mdm.service.CsiSendSmsRequest"></bean>
	<bean id="csiSendSmsResponse" class="com.att.sapmp.apigw.mdm.service.CsiSendSmsResponse"></bean>
	<bean id="updateSubsriberProfileRequest"
		class="com.att.sapmp.apigw.mdm.service.UpdateSubsriberProfileRequest"></bean>
	<bean id="updateSubsriberProfileResponse"
		class="com.att.sapmp.apigw.mdm.service.UpdateSubsriberProfileResponse"></bean>

	<bean id="csiManageDeviceDetailsProcessor" class="com.att.sapmp.apigw.mdm.service.CsiManageDeviceDetailsProcessor" />
		<bean id="csiInquireDeviceDetailsProcessor" class="com.att.sapmp.apigw.mdm.service.CsiInquireDeviceDetailsProcessor" />
	
</beans>  