<?xml version="1.0" encoding="UTF-8"?>
<beans xmlns="http://www.springframework.org/schema/beans"
	xmlns:xsi="http://www.w3.org/2001/XMLSchema-instance" xmlns:context="http://www.springframework.org/schema/context"
	xmlns:p="http://www.springframework.org/schema/p"
	xsi:schemaLocation="http://www.springframework.org/schema/beans  
            http://www.springframework.org/schema/beans/spring-beans-3.0.xsd
            http://www.springframework.org/schema/context
	        http://www.springframework.org/schema/context/spring-context-3.0.xsd">

	<bean id="dataSource" class="org.springframework.jdbc.datasource.DriverManagerDataSource">
		<property name="driverClassName" value="oracle.jdbc.driver.OracleDriver" />
		<property name="url" value="${atg.jdbc.dburl}" />
		<property name="username" value="${atg.jdbc.username}" />
		<property name="password" value="${atg.jdbc.password}" />
	</bean>

	<import resource="classpath:/com/att/oce/dmn/OCEDMNBean.xml" />
   <import resource="classpath:/com/att/oce/idgen/OCEIdgenBean.xml" />  
    <import resource="classpath:/com/att/oce/services/queue/OCEQueueBean.xml" />

	<context:component-scan base-package="com.att.oce.service.task.BeanImpl" />

	<bean id="mysessionFactory"
		class="org.springframework.orm.hibernate4.LocalSessionFactoryBean">
		<property name="dataSource" ref="dataSource"></property>
		<property name="annotatedClasses">
			<list>
				<value>com.att.oce.task.hibernate.orm.OCETaskDetails</value>
				<value>com.att.oce.task.hibernate.orm.OCEQueueDetails</value>
				<value>com.att.oce.task.hibernate.orm.DcsppOrder</value>
				<value>com.att.oce.task.hibernate.orm.OceDcsppOrder</value>
			</list>
		</property>
		<property name="hibernateProperties">
			<props>
				<prop key="hibernate.dialect">org.hibernate.dialect.Oracle10gDialect</prop>
<!-- 			    <prop key="hibernate.hbm2ddl.auto">update</prop>  -->
				<prop key="hibernate.show_sql">true</prop>
			</props>
		</property>
	</bean>

<!-- 	<bean id="hTemplate" class="org.springframework.orm.hibernate3.HibernateTemplate"> -->
<!-- 		<property name="sessionFactory" ref="mysessionFactory"></property> -->
<!-- 	</bean> -->

    <bean id="initialHeaders" class="com.att.oce.service.InitialHeaders" /> 
	<bean id="restTemplate" class="org.springframework.web.client.RestTemplate" />

<!-- 	<bean id="servicePropsBean" name="servicePropsBean" -->
<!-- 		class="com.att.oce.service.task.util.ServicePropertiesMapBean" /> -->

    <bean id="getNextTaskBean" class="com.att.oce.service.task.BeanImpl.GetNextTaskBeanImpl">
		<property name="dmnFilePath" value="${dmn.file.path}" />
	</bean>
	
	 <bean id="ordrCntStsBean" class="com.att.oce.service.task.BeanImpl.OrderCountStatusBeanImpl">
	</bean> 

</beans>  