<?xml version="1.0" encoding="UTF-8"?>
<jcr:root xmlns:cq="http://www.day.com/jcr/cq/1.0" xmlns:jcr="http://www.jcp.org/jcr/1.0" xmlns:nt="http://www.jcp.org/jcr/nt/1.0"
    jcr:primaryType="cq:Dialog"
    title="dialog"
    xtype="dialog">
    <items jcr:primaryType="cq:TabPanel">
        <items jcr:primaryType="cq:WidgetCollection">
            <links
                jcr:primaryType="cq:Panel"
                title="Links"
                xtype="panel">
                <items jcr:primaryType="cq:WidgetCollection">
                    <links
                        jcr:primaryType="cq:Widget"
                        fieldLabel="Links"
                        fieldSubLabel="(Link Icon, Link Title, Link URL, Query Params, Anchor Id, New page flag)"
                        name="./linklist"
                        title="Links"
                        xtype="multifieldmultifield">
                        <fieldConfig jcr:primaryType="cq:WidgetCollection">
                            <field1
                                jcr:primaryType="cq:Widget"
                                emptyText="Link Text Label"
                                fieldLabel="Link Text"
                                name="linkText"
                                width="150"
                                xtype="textfield"/>
                            <field2
                                jcr:primaryType="cq:Widget"
                                emptyText="Link URL"
                                fieldLabel="Link Url"
                                name="linkUrl"
                                width="120"
                                xtype="pathfield"/>
                            <params
                                jcr:primaryType="cq:Widget"
                                emptyText="Link Parameter"
                                fieldLabel="Query Params"
                                name="queryParams"
                                width="100"
                                xtype="textfield"/>
                            <anchorid
                                jcr:primaryType="cq:Widget"
                                emptyText="Link ID"
                                fieldLabel="Anchor Id"
                                name="anchorId"
                                width="100"
                                xtype="textfield"/>
                            <newPage
                                jcr:primaryType="cq:Widget"
                                emptyText="Open in new window"
                                fieldLabel="New Page"
                                inputValue="true"
                                name="linkNewPage"
                                type="checkbox"
                                width="30"
                                xtype="selection"/>
                        </fieldConfig>
                    </links>
                </items>
            </links>
            <style
                jcr:primaryType="cq:Panel"
                title="Style"
                xtype="panel">
                <items jcr:primaryType="cq:WidgetCollection">
                    <listStyle
                        jcr:primaryType="cq:Widget"
                        allowBlank="false"
                        fieldLabel="List Style"
                        name="./listStyle"
                        type="select"
                        value=""
                        xtype="selection">
                        <options jcr:primaryType="cq:WidgetCollection">
                            <default
                                jcr:primaryType="nt:unstructured"
                                text="Default Thin Top Divider"
                                value="default"/>
                            <gray
                                jcr:primaryType="nt:unstructured"
                                text="Gray Thin Top Divider"
                                value="grayListButtons"/>
                            <defaultNoDivider
                                jcr:primaryType="nt:unstructured"
                                text="Default No Divider"
                                value="default noDivider"/>
                            <grayNoDivider
                                jcr:primaryType="nt:unstructured"
                                text="Gray No Divider"
                                value="grayListButtons noDivider"/>
                        </options>
                    </listStyle>
                </items>
            </style>
        </items>
    </items>
</jcr:root>
