<?xml version="1.0" encoding="UTF-8"?>
<beans xmlns="http://www.springframework.org/schema/beans"
	xmlns:xsi="http://www.w3.org/2001/XMLSchema-instance" xmlns:context="http://www.springframework.org/schema/context"
	xmlns:p="http://www.springframework.org/schema/p"
	xsi:schemaLocation="http://www.springframework.org/schema/beans  
            http://www.springframework.org/schema/beans/spring-beans-3.0.xsd
            http://www.springframework.org/schema/context
	        http://www.springframework.org/schema/context/spring-context-3.0.xsd">

	<bean id="deviceJson" class="org.apache.camel.component.jackson.JacksonDataFormat">
		<property name="unmarshalType" value="com.att.sapmp.apigw.devices.model.Devices" />
	</bean>

	<bean id="joinReplyAggregationStrategy"
		class="com.att.sapmp.apigw.devices.service.JoinReplyAggregationStrategy" />

	<bean id="deviceDeEnrollRequestProcessor"
		class="com.att.sapmp.apigw.devices.service.DeviceDeEnrollOrchRequestProcessor" />

	<bean id="deviceDeEnrollResponseProcessor"
		class="com.att.sapmp.apigw.devices.service.DeviceDeEnrollOrchResponseProcessor" />

	<bean id="updateSubsriberProfileProcessor"
		class="com.att.sapmp.apigw.devices.service.CSIUpdateSubsriberProfileProcessor"></bean>

	<bean id="csiManageDeviceDetailsProcessor"
		class="com.att.sapmp.apigw.devices.service.CSIManageEnterpriseDeviceDeploymentDetailsProcessor" />

	<bean id="csiInquireDeviceDetailsProcessor"
		class="com.att.sapmp.apigw.devices.service.CSIInquireEnterpriseDeviceDeploymentDetailsProcessor" />

	<bean id="deviceDeEnrollByFanRequestProcessor"
		class="com.att.sapmp.apigw.devices.service.DeviceDeEnrollByFanRequestProcessor" />

	<bean id="deviceDeEnrollByFanResponseProcessor"
		class="com.att.sapmp.apigw.devices.service.DeviceDeEnrollByFanResponseProcessor" />

	<bean id="csiManageDeviceProfileProcessor"
		class="com.att.sapmp.apigw.devices.service.CSIManageEnterpriseDeviceDeploymentProfileProcessor" />


</beans>  