<?xml version="1.0" encoding="UTF-8"?>
<jcr:root xmlns:cq="http://www.day.com/jcr/cq/1.0" xmlns:jcr="http://www.jcp.org/jcr/1.0" xmlns:nt="http://www.jcp.org/jcr/nt/1.0"
    jcr:primaryType="cq:Dialog"
    fileUpload="true"
    xtype="dialog">
    <items
        jcr:primaryType="cq:Widget"
        xtype="tabpanel">
        <items jcr:primaryType="cq:WidgetCollection">
            <panel1
                jcr:primaryType="cq:Widget"
                ddGroups="[media]"
                fileNameParameter="./image/fileName"
                fileReferenceParameter="./image/fileReference"
                name="./image/file"
                requestSuffix="/image.img.png"
                sizeLimit="100"
                title="Tile Main Image"
                uploadUrl="/tmp/upload/*"
                xtype="smartimage"/>
            <panel2
                jcr:primaryType="cq:Widget"
                title="Tile Content"
                xtype="panel">
                <items jcr:primaryType="cq:WidgetCollection">
                    <tileheading
                        jcr:primaryType="cq:Widget"
                        emptyText="Tile Heading"
                        fieldLabel="Tile Heading"
                        name="./tileHeading"
                        xtype="textfield"/>
                    <tilerichtext
                        jcr:primaryType="cq:Widget"
                        emptyText="Tile Rich Text"
                        fieldLabel="Tile Rich Text"
                        name="./tileRichText"
                        xtype="richtext">
                        <rtePlugins jcr:primaryType="nt:unstructured">
                            <misctools
                                jcr:primaryType="nt:unstructured"
                                features="[sourceedit]"/>
                        </rtePlugins>
                    </tilerichtext>
                    <tilelinktext
                        jcr:primaryType="cq:Widget"
                        emptyText="Link Text Label"
                        fieldLabel="Link Text"
                        name="./tileLinkText"
                        xtype="textfield"/>
                    <tilelinkurl
                        jcr:primaryType="cq:Widget"
                        emptyText="Link URL"
                        fieldLabel="Link Url"
                        name="./tileLinkURL"
                        xtype="pathfield"/>
                    <anchorid
                        jcr:primaryType="cq:Widget"
                        emptyText="Link Anchor ID"
                        fieldLabel="Link Anchor Id"
                        name="./tileLinkAnchorID"
                        xtype="textfield"/>
                    <newPage
                        jcr:primaryType="cq:Widget"
                        fieldLabel="Link: New Page?"
                        inputValue="true"
                        name="./tileLinkNewPage"
                        type="checkbox"
                        width="50"
                        xtype="selection"/>
                    <ctaimgalt
                        jcr:primaryType="cq:Widget"
                        fieldLabel="CTA Img Alt Text"
                        name="./tileCTAImgAlt"
                        xtype="textfield"/>
                    <ctaurl
                        jcr:primaryType="cq:Widget"
                        fieldDescription="(used only for 'link' CTA type)"
                        fieldLabel="CTA URL"
                        name="./tileCtaUrl"
                        xtype="pathfield"/>
                </items>
            </panel2>
        </items>
    </items>
</jcr:root>
