<?xml version="1.0" encoding="UTF-8"?>
<beans xmlns="http://www.springframework.org/schema/beans"
	xmlns:xsi="http://www.w3.org/2001/XMLSchema-instance" xmlns:context="http://www.springframework.org/schema/context"
	xmlns:p="http://www.springframework.org/schema/p"
	xsi:schemaLocation="http://www.springframework.org/schema/beans  
            http://www.springframework.org/schema/beans/spring-beans-3.0.xsd
            http://www.springframework.org/schema/context
	        http://www.springframework.org/schema/context/spring-context-3.0.xsd">

	<bean id="authResponseJson" class="org.apache.camel.component.jackson.JacksonDataFormat">
		<property name="unmarshalType" value="com.att.sapmp.apigw.accounts.util.AuthResponse" />
	</bean>
	
		<bean id="accountJson" class="org.apache.camel.component.jackson.JacksonDataFormat">
		  <property name="unmarshalType" value="com.att.sapmp.apigw.accounts.model.Accounts"/>
		</bean> 
		
		<bean id="createAccountResponseJson" class="org.apache.camel.component.jackson.JacksonDataFormat">
		  <property name="unmarshalType" value="com.att.sapmp.apigw.accounts.model.CreateTenantAccountResp"/>
		</bean>

		
		<bean id="initializationService" init-method="init" name="initializationService" class="com.att.sapmp.apigw.accounts.service.InitializationService"/>
		<bean id="initializationMdmService" init-method="init" name="initializationMdmService" class="com.att.sapmp.apigw.accounts.util.InitializationMdmService" />
		<bean id="expireAccountReq" class="com.att.sapmp.apigw.accounts.service.ExpireAccountRequestProcessor"/>
		<bean id="expireAccountRes" class="com.att.sapmp.apigw.accounts.service.ExpireAccountResponseProcessor"/>
		<bean id="inquireAccountReq" class="com.att.sapmp.apigw.accounts.service.InquireAccountRequestProcessor"/>
		<bean id="inquireAccountRes" class="com.att.sapmp.apigw.accounts.service.InquireAccountResponseProcessor"/>		
		<bean id="createTeanantAccontReq" class="com.att.sapmp.apigw.accounts.service.CreateTenantAccountRequest"/>
		<bean id="createTeanantAccontRes" class="com.att.sapmp.apigw.accounts.service.CreateTenantAccountResponse"/>
	
		
</beans>  