<?xml version="1.0" encoding="UTF-8"?>
<jcr:root xmlns:cq="http://www.day.com/jcr/cq/1.0" xmlns:jcr="http://www.jcp.org/jcr/1.0" xmlns:nt="http://www.jcp.org/jcr/nt/1.0"
    jcr:primaryType="cq:TabPanel"
    activeTab="0"
    xtype="tabpanel">
    <items jcr:primaryType="cq:WidgetCollection">
        <tab1
            jcr:primaryType="cq:Widget"
            anchor="100%"
            title="Text"
            xtype="panel">
            <items jcr:primaryType="cq:WidgetCollection">
                <headline
                    jcr:primaryType="cq:Widget"
                    emptyText="Enter Headline. Leave blank for none."
                    fieldDescription="Enter Headline. Leave blank for none."
                    fieldLabel="Headline"
                    name="./headline"
                    xtype="textfield"/>
                <isSubHead
                	jcr:primaryType="cq:Widget"
                    fieldDescription="Select to specify headline is a subhead"
                    fieldLabel="Sub-Headline"
                    inputValue="on"
					name="./isSubHeadline"
					type="checkbox"
                    xtype="selection"/>
                <isRichTextFlag
                    jcr:primaryType="cq:Widget"
                    ignoreData="{Boolean}true"
                    name="./textIsRich"
                    value="true"
                    xtype="hidden"/>
                <text
                    jcr:primaryType="cq:Widget"
                    autoHeight="{Boolean}true"
                    fieldLabel="Main Text"
                    hideLabel="{Boolean}false"
                    name="./text"
                    xtype="richtext">
                    <rtePlugins jcr:primaryType="nt:unstructured">
                        <edit
                            jcr:primaryType="nt:unstructured"
                            defaultPasteMode="plaintext"/>
                        <subsuperscript
                            jcr:primaryType="nt:unstructured"
                            features="*"/>
                        <misctools
                            jcr:primaryType="nt:unstructured"
                            features="[sourceedit]"/>
                        <styles
                            jcr:primaryType="nt:unstructured"
                            features="*">
                            <styles jcr:primaryType="cq:WidgetCollection">
                                <orangePrice
                                    jcr:primaryType="nt:unstructured"
                                    cssName="pricing orange"
                                    text="Orange Price"/>
                            </styles>
                        </styles>
                    </rtePlugins>
                </text>
            </items>
        </tab1>
    </items>
</jcr:root>
