<routes xmlns="http://camel.apache.org/schema/spring">

	<!-- This is the startup route for the APIGateway microservice -->

	<route id="startup-route-expire">
	<interceptFrom>
		<choice>
			<when>
				<simple>${header.commoncontext} != null</simple>
				<removeHeaders pattern="commoncontext" />
			</when>
		</choice>
		<setHeader headerName="X-ATT-Transaction-Id">
			<simple>${bean:commonUtil?method=getAsArrayList($simple{in.header.TrackingId})}
		</simple>
		</setHeader>
	<to uri="bean:camelInterceptor?method=invokepreInterceptorChain" />
	</interceptFrom>

		<from uri="servlet:/accounts?matchOnUriPrefix=true" />
		<!-- <to uri="direct:log-trackingId-route" /> -->
		<choice>
			<when>
				<simple>${header.CamelHttpMethod} == "DELETE"</simple>
				<log message="expire route start" />
				<to uri="cxfbean:jaxrsServices?providers=jaxrsProviders" />
				<to uri="direct:expireRouteBefore" />
				<to uri="direct:ibm:expireAccount" />
				<log message="expire route end" />
			</when>
			<otherwise>
				<log message="inquire route start" />
	        	<setHeader headerName="partnerAccount">
					<constant>Y</constant>
				</setHeader>				
				<to uri="cxfbean:jaxrsServices?providers=jaxrsProviders" />
				<to uri="direct:inquireAccountRequest" />
				<to uri="direct:inquireAccountResponse" />
				<log message="inquire route end" />
			</otherwise>
		</choice>

	</route>
	
	<route id="expireRouteBefore">
		<from uri="direct:expireRouteBefore" />
		<convertBodyTo type="java.lang.String" />
		<to uri="bean:expireAccountReq?method=process" />
		<to uri="bean:mdmAuthToken?method=getAuthToken" />
		<onException>
			<exception>java.lang.Exception</exception>  	
			<to uri="bean:errorHandler?method=handleError"/> 
             <handled><constant>true</constant></handled>
		</onException>
	</route>

	<route id="ibm-expireAccount-route">
		<from uri="direct:ibm:expireAccount" /> 		     
		<setHeader headerName="Exchange.HTTP_URI">
			<simple>${in.header.IBMUrl}</simple>
		</setHeader>
		<setHeader headerName="Authorization">
			<simple>MaaS token="${in.header.authToken}"</simple>
		</setHeader>
		<setHeader headerName="CamelHttpMethod">
			<constant>POST</constant>
		</setHeader>
		<setHeader headerName="Exchange.CONTENT_TYPE">
			<constant>application/x-www-form-urlencoded</constant>
		</setHeader>
		<setHeader headerName="Accept">
			<constant>application/json</constant>
		</setHeader>
		<enrich>
			<simple>velocity:vm/expireAccount.vm</simple>
		</enrich>
		<setBody>
			<simple>${body}</simple>
		</setBody>
		<to uri="bean:commonUtil?method=logMAP('Headers to IBM ExpireAccount Endpoint', ${headers})" />
		<log message="${body}" />
         <choice>
			<when>
				<simple>"{{use.proxy}}" != 'Y'</simple>
					<to uri="http4://headeruri?httpClient.socketTimeout={{ibm.timeout}}&amp;throwExceptionOnFailure=false" />
			</when>
			<otherwise> 
				<to uri="http4://headeruri?httpClient.socketTimeout={{ibm.timeout}}&amp;throwExceptionOnFailure=false&amp;proxyAuthHost={{proxy.auth.host}}&amp;proxyAuthPort={{proxy.auth.port}}" />
			</otherwise> 		
		</choice> 
		<choice> 
		   <when> 
		        <simple>${header.CamelHttpResponseCode} != 200</simple> 
		        <to uri="bean:errorHandler?method=handleError"/> 
		</when> 
		   <otherwise> 
				<to uri="bean:expireAccountRes?method=handleExpireAccountResponse" />
		</otherwise> 
		</choice>
		 <onException>
			<exception>java.lang.Exception</exception>
			<log message="Exception Message: ${exception.message} . retry attempts: {{retry.max.attempt}}" />
			<onWhen>
				<simple> ${exception.message} contains '502' or ${exception.message} contains 'Connection refused'</simple>
			</onWhen>
			<redeliveryPolicy maximumRedeliveries="{{retry.max.attempt}}" delay="{{retry.delay}}"/>
			<continued>
				<constant>true</constant>
			</continued>
		</onException>
		<onException>
			<exception>java.lang.Exception</exception>  	
			<to uri="bean:errorHandler?method=handleError"/> 
             <handled><constant>true</constant></handled>
		</onException>
	</route>
	<route id="inquireAccountRequest">
		<from uri="direct:inquireAccountRequest" />
		<convertBodyTo type="java.lang.String" />
		<to uri="bean:inquireAccountReq?method=process" />
		<to uri="bean:mdmAuthToken?method=getAuthToken" />
		<onException>
			<exception>java.lang.Exception</exception>  	
			<to uri="bean:errorHandler?method=handleError"/> 
             <handled><constant>true</constant></handled>
		</onException>
	</route>

	<route id="inquireAccountResponse">
		<from uri="direct:inquireAccountResponse" /> 		     
		<setHeader headerName="Exchange.HTTP_URI">
			<simple>${in.header.IBMUrl}</simple>
		</setHeader>
		<setHeader headerName="Authorization">
			<simple>MaaS token="${in.header.authToken}"</simple>
		</setHeader>
		<setHeader headerName="CamelHttpMethod">
			<constant>GET</constant>
		</setHeader>
		<setHeader headerName="Content-Type">
			<constant>application/json</constant>
		</setHeader>
		<setHeader headerName="Accept">
			<constant>application/json</constant>
		</setHeader>
		<to uri="bean:commonUtil?method=logMAP('Headers to IBM InquireAccount Endpoint', ${headers})" />
         <choice>
			<when>
				<simple>"{{use.proxy}}" != 'Y'</simple>
					<to uri="http4://headeruri?httpClient.socketTimeout={{ibm.timeout}}&amp;throwExceptionOnFailure=false" />
			</when>
			<otherwise> 
				<to uri="http4://headeruri?httpClient.socketTimeout={{ibm.timeout}}&amp;throwExceptionOnFailure=false&amp;proxyAuthHost={{proxy.auth.host}}&amp;proxyAuthPort={{proxy.auth.port}}" />
			</otherwise> 		
		</choice> 
		<choice> 
		   <when> 
		        <simple>${header.CamelHttpResponseCode} != 200</simple> 
		        <to uri="bean:errorHandler?method=handleError"/> 
		</when> 
		   <otherwise> 
				<unmarshal ref="accountJson" />
				<to uri="bean:inquireAccountRes?method=handleResponse" />
		</otherwise> 
		</choice>
		<onException>
			<exception>java.lang.Exception</exception>
			<log message="Exception Message: ${exception.message} . retry attempts: {{retry.max.attempt}}" />
			<onWhen>
				<simple> ${exception.message} contains '502' or ${exception.message} contains 'Connection refused'</simple>
			</onWhen>
			<redeliveryPolicy maximumRedeliveries="{{retry.max.attempt}}" delay="{{retry.delay}}"/>
			<continued>
				<constant>true</constant>
			</continued>
		</onException>
		<onException>
			<exception>java.lang.Exception</exception>  	
			<to uri="bean:errorHandler?method=handleError"/> 
             <handled><constant>true</constant></handled>
		</onException>
	</route>	
</routes>