<routes xmlns="http://camel.apache.org/schema/spring">

	<!-- This is the satrtup route for the APIGateway microservice -->

	<route id="startup-route-createTenantAccount">
		<interceptFrom>
			<choice>
				<when>
					<simple>${header.commoncontext} != null</simple>
					<removeHeaders pattern="commoncontext" />
				</when>
			</choice>
			<setHeader headerName="X-ATT-Transaction-Id">
				<simple>${bean:commonUtil?method=getAsArrayList($simple{in.header.TrackingId})}
				</simple>
			</setHeader>
			<to uri="bean:camelInterceptor?method=invokepreInterceptorChain" />
		</interceptFrom>

		<from uri="servlet:/accounts/createaccount?matchOnUriPrefix=true" />
		<!-- <to uri="cxfbean:jaxrsServices?providers=jaxrsProviders" /> -->
		<setHeader headerName="partnerAccount">
			<constant>Y</constant>
		</setHeader>
		<to uri="direct:createTenantAccntReq" />
		<to uri="direct:createTenantAccntResp" />
	</route>

	<route id="createTenantAccntReq">
		<from uri="direct:createTenantAccntReq" />
		<convertBodyTo type="java.lang.String" />
		<to uri="bean:createTeanantAccontReq?method=process" />
		<to uri="bean:mdmAuthToken?method=getAuthToken" />
		<onException>
			<exception>java.lang.Exception</exception>
			<to uri="bean:errorHandler?method=handleError" />
			<handled>
				<constant>true</constant>
			</handled>
		</onException>
	</route>


	<route id="createTenantAccntResp" streamCache="true">
		<from uri="direct:createTenantAccntResp" />
		<setHeader headerName="Exchange.HTTP_URI">
			<simple>${in.header.IBMCreateTenantAccountUrl}</simple>
		</setHeader>
		<setHeader headerName="Authorization">
			<simple>MaaS token="${in.header.authToken}"</simple>
		</setHeader>
		<setHeader headerName="CamelHttpMethod">
			<constant>POST</constant>
		</setHeader>
		<setHeader headerName="Exchange.CONTENT_TYPE">
			<simple>application/x-www-form-urlencoded</simple>
		</setHeader>
		<setHeader headerName="Exchange.CONTENT_ENCODING">
			<constant>UTF-8</constant>
		</setHeader>
		<setHeader headerName="Accept">
			<simple>application/json</simple>
		</setHeader>
		<enrich>
			<simple>velocity:vm/createAccount.vm</simple>
		</enrich>
		<setBody>
			<simple>${body}</simple>
		</setBody>
		<!-- <log message="Headers to IBM CreateTenantAccount Endpoint:: - ${headers}" /> -->
		<!-- <log message="payload to IBM CreateTenantAccount Endpoint:: - ${body}" /> -->
		<to uri="bean:commonUtil?method=logMAP('Headers to IBM CreateTenantAccount Endpoint', ${headers})" />
		<to uri="bean:commonUtil?method=logHTTPQuery('payload to IBM CreateTenantAccount Endpoint', ${body})" />

		<choice>
			<when>
				<simple>"{{use.proxy}}" != 'Y'</simple>
				<to
					uri="http4://headeruri?httpClient.socketTimeout={{ibm.timeout}}&amp;throwExceptionOnFailure=false" />
			</when>
			<otherwise>
				<to
					uri="http4://headeruri?httpClient.socketTimeout={{ibm.timeout}}&amp;throwExceptionOnFailure=false&amp;proxyAuthHost={{proxy.auth.host}}&amp;proxyAuthPort={{proxy.auth.port}}" />
			</otherwise>
		</choice>
		<!-- <log message="IBM CreateTenantAccount response:: - ${body}" /> -->
		<choice>
			<when>
				<simple>${header.CamelHttpResponseCode} != 200</simple>
				<to uri="bean:errorHandler?method=handleError" />
			</when>
			<otherwise>
				<unmarshal ref="createAccountResponseJson" />
				<to uri="bean:createTeanantAccontRes?method=handleResponse" />
			</otherwise>
			</choice>
	
			<choice>
				<when>
					<simple>${exchangeProperty.createAccountRetry} == 'Y'</simple>
					<to uri="direct:createTenantAccntResp" />
				</when>
			</choice>
			
		<onException>
			<exception>java.lang.Exception</exception>
			<log
				message="Exception Message: ${exception.message} . retry attempts: {{retry.max.attempt}}" />
			<onWhen>
				<simple> ${exception.message} contains '502' or ${exception.message}
					contains 'Connection refused'</simple>
			</onWhen>
			<redeliveryPolicy maximumRedeliveries="{{retry.max.attempt}}"
				delay="{{retry.delay}}" />
			<continued>
				<constant>true</constant>
			</continued>
		</onException>
		<onException>
			<exception>java.lang.Exception</exception>
			<to uri="bean:errorHandler?method=handleError" />
			<handled>
				<constant>true</constant>
			</handled>
		</onException>
	</route>
</routes>
