<?xml version="1.0" encoding="UTF-8"?>
<jcr:root xmlns:cq="http://www.day.com/jcr/cq/1.0" xmlns:jcr="http://www.jcp.org/jcr/1.0" xmlns:nt="http://www.jcp.org/jcr/nt/1.0"
    jcr:primaryType="cq:Dialog"
    title="Extract Meta Data Process - Step Properties"
    xtype="dialog">
    <items jcr:primaryType="cq:WidgetCollection">
        <jiraId
            jcr:primaryType="cq:Widget"
            allowBlank="{Boolean}false"
            fieldLabel="JIRA-ID"
            id="jiraid"
            itemid="jiraId"
            name="./jcr:content/jiraid"
            selectOnFocus="true"
            validateOnBlur="{Boolean}true"
            validationEvent="{Boolean}true"
            validator="function(value) {return validateJiraIdForWorkflowApproverDialog(value); }"
            value=""
            xtype="textfield"/>
        <workflowcurrentstep
            jcr:primaryType="cq:Widget"
            disabled="{Boolean}false"
            id="workflowcurrentstep"
            itemId="workflowcurrentstep"
            name="./jcr:content/workflowcurrentstep"
            xtype="hidden"/>
        <comment
            jcr:primaryType="cq:Widget"
            allowBlank="{Boolean}false"
            disabled="{Boolean}false"
            fieldLabel="Jira Comment"
            id="jiraComment"
            itemId="jiracomment"
            name="./jcr:content/jiracomment"
            xtype="textarea"/>
        <jiralink
            jcr:primaryType="cq:Widget"
            hidden="{Boolean}false"
            id="jiralink"
            itemId="jiralink"
            value=""
            xtype="displayfield"/>
        <prestagePanel
            jcr:primaryType="cq:Panel"
            bodyBorder="{Boolean}true"
            border="{Boolean}false"
            height="{Long}120"
            hidden="{Boolean}true"
            title=" "
            xtype="panel">
            <items jcr:primaryType="cq:WidgetCollection">
                <arguments
                    jcr:primaryType="cq:Widget"
                    xtype="dialogfieldset">
                    <items jcr:primaryType="cq:WidgetCollection">
                        <validateOnPreStg
                            jcr:primaryType="cq:Widget"
                            checked="true"
                            fieldLabel="Pre-Stage Validator"
                            id="valOnPreStg"
                            inputValue="false"
                            name="./jcr:content/validateOnPreStg"
                            type="checkbox"
                            value="true"
                            xtype="selection">
                            <listeners
                                jcr:primaryType="nt:unstructured"
                                selectionchanged="function(selection,checked){overwriteSelection(this,selection,checked,'assignPreStgValidatorGroup','perstgNotif',1);}"/>
                        </validateOnPreStg>
                        <assignToPreStageValidator
                            jcr:primaryType="nt:unstructured"
                            allowBlank="{Boolean}false"
                            autoSelect="{Boolean}true"
                            blankText="Select which usergroup can validate changes in Pre Stage."
                            disabled="{Boolean}true"
                            editable="false"
                            emptyText="Select validation group"
                            fieldLabel="Pre-Stg Validator"
                            id="assignPreStgValidatorGroup"
                            name="./jcr:content/assignPreStgValidatorGroup"
                            readOnly="true"
                            store="[att-merchandising-lead-group,att-business-validation-group]"
                            triggerAction="all"
                            typeAhead="{Boolean}true"
                            value="att-business-validation-group"
                            xtype="combo">
                            <listeners
                                jcr:primaryType="nt:unstructured"
                                select="function(combo,record,index) {groupSelection(this,'perstgNotif','Pre-Stage');}"/>
                        </assignToPreStageValidator>
                        <perstgNotif
                            jcr:primaryType="cq:Widget"
                            hidden="{Boolean}false"
                            id="perstgNotif"
                            itemId="perstgNotif"
                            value="Pre stage validation done by Business Validation Team."
                            xtype="displayfield"/>
                    </items>
                </arguments>
            </items>
        </prestagePanel>
        <finalstagePanel
            jcr:primaryType="cq:Panel"
            bodyBorder="{Boolean}true"
            border="{Boolean}false"
            height="{Long}120"
            hidden="{Boolean}true"
            title=" "
            xtype="panel">
            <items jcr:primaryType="cq:WidgetCollection">
                <arguments
                    jcr:primaryType="cq:Widget"
                    xtype="dialogfieldset">
                    <items jcr:primaryType="cq:WidgetCollection">
                        <validateOnFinalStage
                            jcr:primaryType="cq:Widget"
                            checked="true"
                            fieldLabel="Validate On Final Stage"
                            id="valOnFinalStg"
                            inputValue="true"
                            name="./jcr:content/validateOnFinalStage"
                            type="checkbox"
                            value="true"
                            xtype="selection">
                            <listeners
                                jcr:primaryType="nt:unstructured"
                                selectionchanged="function(selection,checked) {overwriteSelection(this,selection,checked,'assignFinalStgValidatorGroup','finalstgNotif',2);}"/>
                        </validateOnFinalStage>
                        <assignToFinalStageValidator
                            jcr:primaryType="nt:unstructured"
                            allowBlank="{Boolean}false"
                            autoSelect="{Boolean}true"
                            blankText="Select which usergroup can validate changes in Final Stage."
                            disabled="{Boolean}false"
                            emptyText="Select validation group"
                            fieldLabel="Final-Stg Validator"
                            id="assignFinalStgValidatorGroup"
                            name="./jcr:content/assignFinalStgValidatorGroup"
                            readOnly="true"
                            store="[att-merchandising-lead-group,att-release-management]"
                            triggerAction="all"
                            typeAhead="{Boolean}true"
                            value="att-release-management"
                            xtype="combo">
                            <listeners
                                jcr:primaryType="nt:unstructured"
                                select="function(combo,record,index) {groupSelection(combo,'finalstgNotif','Final-Stage');}"/>
                        </assignToFinalStageValidator>
                        <finalstgNotif
                            jcr:primaryType="cq:Widget"
                            hidden="{Boolean}false"
                            id="finalstgNotif"
                            itemId="finalstgNotif"
                            value="Final stage validation will be done by Release Management Team."
                            xtype="displayfield"/>
                    </items>
                </arguments>
            </items>
        </finalstagePanel>
        <userid
            jcr:primaryType="cq:Widget"
            disabled="{Boolean}false"
            id="userid"
            itemId="usrId"
            name="./jcr:content/userId"
            xtype="hidden"/>
        <authoractoruserid
            jcr:primaryType="cq:Widget"
            disabled="{Boolean}false"
            id="authoractoruserid"
            itemId="authoractoruserid"
            name="./jcr:content/authoractoruserid"
            xtype="hidden"/>
        <infoMessage
            jcr:primaryType="cq:Widget"
            id="infoMessage"
            value="Approving the content will push the changes done to final stage and production. There is no BVT Team / RA team / Workflow Timer Step involved in this flow as like in the normal workflow."
            xtype="displayfield"/>
    </items>
    <listeners
        jcr:primaryType="nt:unstructured"
        loadContent="function(dialog){&#xa;&#x9;var payLoadDivElem = CQ.Ext.query('.x-form-item-label');&#xa;&#x9;var labelVal = payLoadDivElem[0];&#xa;&#x9;var output = '';&#xa;&#x9;&#xa;&#x9;var forAttrVal = labelVal.htmlFor;&#xa;&#x9;var workflowNode = forAttrVal.split('combo-')[1].split('/workItems')[0];&#xa;&#x9;var wfjsonObj = CQ.HTTP.get(workflowNode+'.json').body;&#xa;&#x9;var payloadPath = CQ.Ext.util.JSON.decode(wfjsonObj).payload;&#xa;&#x9;var jcrContentNode = CQ.HTTP.get(payloadPath+'/jcr:content.json').body;&#xa;&#x9;var jiraId = CQ.Ext.util.JSON.decode(jcrContentNode).jiraid;&#xa;&#x9;alert('here');&#xa;&#x9;if( !(jiraId === undefined) &amp;&amp; !(jiraId == '')){&#xa;&#x9;&#x9;alert('Setting Jiraid:'+jiraId);&#xa;&#x9;&#x9;var jiraId = CQ.Ext.ComponentMgr.get('jiraid');&#xa;&#x9;&#x9;jiraId.setValue(jiraId);&#xa;&#x9;&#x9;jiraId.validateOnBlur = false;&#xa;&#x9;&#x9;jiraId.validationEvent = false;&#xa;&#x9;&#x9;jiraId.clearInvalid();&#xa;&#x9;&#x9;return true;&#xa;&#x9;}&#x9;&#xa;        &#xa;}"
        select="function(value){&#xa;&#x9;var payLoadDivElem = CQ.Ext.query('.x-form-item-label');&#xa;&#x9;var labelVal = payLoadDivElem[0];&#xa;&#x9;var output = '';&#xa;&#x9;&#xa;&#x9;var forAttrVal = labelVal.htmlFor;&#xa;&#x9;var workflowNode = forAttrVal.split('combo-')[1].split('/workItems')[0];&#xa;&#x9;var wfjsonObj = CQ.HTTP.get(workflowNode+'.json').body;&#xa;&#x9;var payloadPath = CQ.Ext.util.JSON.decode(wfjsonObj).payload;&#xa;&#x9;var jcrContentNode = CQ.HTTP.get(payloadPath+'/jcr:content.json').body;&#xa;&#x9;var jiraId = CQ.Ext.util.JSON.decode(jcrContentNode).jiraid;&#xa;&#x9;alert('here');&#xa;&#x9;if( !(jiraId === undefined) &amp;&amp; !(jiraId == '')){&#xa;&#x9;&#x9;alert('Setting Jiraid:'+jiraId);&#xa;&#x9;&#x9;var jiraId = CQ.Ext.ComponentMgr.get('jiraid');&#xa;&#x9;&#x9;jiraId.setValue(jiraId);&#xa;&#x9;&#x9;jiraId.validateOnBlur = false;&#xa;&#x9;&#x9;jiraId.validationEvent = false;&#xa;&#x9;&#x9;jiraId.clearInvalid();&#xa;&#x9;&#x9;return true;&#xa;&#x9;}&#x9;&#xa;        &#xa;}"/>
</jcr:root>
