{
"FraudulentCustomers": [
  {
    "FirstName" : "Jhon",
    "LastName" : "Smith",
    "AttWirelessNo" : "3333333333",
     "Fraudulent":"yes"
  },
  {
    "FirstName" : "Andrew",
    "LastName" : "King",
     "AttWirelessNo" : "4444444444",
     "Fraudulent":"yes"
  },
  {
    "FirstName" : "Mark",
    "LastName" : "Burns",
    "AttWirelessNo" : "4545454441",
     "Fraudulent":"no"
  },
  {
    "FirstName" : "Andy",
    "LastName" : "Halma",
    "AttWirelessNo" :  "4545455555",
     "Fraudulent":"no"
  }
  
]
}