{
"IMEI": [
  {
    "imeiSearchResponse" : {"serviceStatus":{"code":1,"description":"PARTIAL FAILURE"},
	"imeiDetail":{"errorCode" :"ULP2003",
				 "errorDescription":"We found no record of the <strong>IMEI Number<\/strong> you entered. Check your device's 15-digit IMEI Number by dialing <strong>*#06#<\/strong>  (errorCode.ULP2003) ",
				 "imei":444444444444444, 
				"make":"",
				"model":""}
	
	
	}
  },
  {
    "imeiSearchResponse" : {"serviceStatus":{"code":0,"description":"Success"},
	"imeiDetail":{"errorCode" :"",
				 "errorDescription":"",
				 "imei":555555555555555, 
				"make":"APPLE",
				"model":"IPHONE6"}
	
	
	}
  }
  
]
}



				