<?xml version="1.0" encoding="UTF-8"?>
<beans xmlns="http://www.springframework.org/schema/beans"
	xmlns:xsi="http://www.w3.org/2001/XMLSchema-instance" xmlns:context="http://www.springframework.org/schema/context"
	xmlns:p="http://www.springframework.org/schema/p"
	xsi:schemaLocation="http://www.springframework.org/schema/beans  
            http://www.springframework.org/schema/beans/spring-beans-3.0.xsd
            http://www.springframework.org/schema/context
	        http://www.springframework.org/schema/context/spring-context-3.0.xsd">

		<bean class="org.springframework.beans.factory.config.PropertyPlaceholderConfigurer">
			<property name="locations">
				<list>
					<value>file:/${AJSC_CONF_HOME}/etc/appprops/taskMgmtApp.properties</value>
					<value>file:/opt/app/worload/task/taskMgmtApp.properties</value>
					<value>file:/Temp/test.properties</value>
				</list>
			</property>
			<property name="ignoreResourceNotFound" value="true" />
		</bean>

		<import resource="classpath:/com/att/oce/services/TaskMgmtBean.xml" />

		<bean id="taskService" init-method="registerEvent" name="taskService"
			class="com.att.oce.service.TaskServiceImpl">
		</bean>

		<bean id="auditLogProcessor" name="auditLogProcessor"
			class="com.att.oce.service.task.auditLog.AuditLogProcessor">
			<!-- D5 -->
			<property name="brokerURL" value="${audit.mqbrokerURL}" />
			<property name="mqUsername" value="${audt.mqUsername}" />
			<property name="mqPassword" value="${audit.mqPassword}" />
			<property name="dbURL" value="${audit.jdbc.dburl}" />
			<property name="dbUsername" value="${audit.jdbc.username}" />
			<property name="dbPassword" value="${audit.jdbc.password}" />
			<property name="queueName" value="${audit.mqQueueName}" />
		</bean>

</beans>  