<beans xmlns="http://www.springframework.org/schema/beans"
	xmlns:xsi="http://www.w3.org/2001/XMLSchema-instance" xmlns:camel="http://camel.apache.org/schema/spring"
	xsi:schemaLocation="http://www.springframework.org/schema/beans http://www.springframework.org/schema/beans/spring-beans-2.5.xsd
                           http://camel.apache.org/schema/spring http://camel.apache.org/schema/spring/camel-spring.xsd">

	
	<camel:camelContext id="camelContext"
		xmlns="http://camel.apache.org/schema/spring" streamCache="true">
		
		<camel:dataFormats>		
		    <jaxb contextPath="com.att.oce.oce.namespaces.types._private.ocedatamodelextensionv1_0" partClass="com.att.oce.oce.namespaces.types._private.ocedatamodelextensionv1_0.OrderTasks" prettyPrint="true" id="orderTaskListXml" />
			<jaxb contextPath="com.att.oce.oce.namespaces.types._private.ocedatamodelextensionv1_0" partClass="com.att.oce.oce.namespaces.types._private.ocedatamodelextensionv1_0.CtOrderTask" prettyPrint="true" id="orderTaskXml" />
			<jaxb contextPath="com.att.ooce.core" partClass="com.att.ooce.core.GetNextOrderResponse" prettyPrint="true" id="oceResponseXml" />
			<jaxb contextPath="com.att.ooce.core" partClass="com.att.ooce.core.ProcessOrderRequest" prettyPrint="true" id="processOrderRequestXml" />
			<jaxb contextPath="com.att.ooce.core" partClass="com.att.ooce.core.Response" prettyPrint="true" id="responseXml" />
			<jaxb contextPath="com.att.ooce.core" partClass="com.att.ooce.core.OrderQueueResponse" prettyPrint="true" id="orderQueueResponseXml" />
			<jaxb contextPath="com.att.ooce.core"  partClass="com.att.ooce.core.OrderTasksResponse" prettyPrint="true" id="orderTaskRespXml" />
			
			
			
			<json id="orderTaskRespJson" library="Jackson" unmarshalTypeName="com.att.ooce.core.OrderTasksResponse"/>
			<json id="orderQueueResponseJson" library="Jackson" unmarshalTypeName="com.att.ooce.core.OrderQueueResponse"/>
			<json id="processOrderRequestJson" library="Jackson" unmarshalTypeName="com.att.ooce.core.ProcessOrderRequest"/>
            <json id="orderTaskListJson" library="Jackson" unmarshalTypeName="com.att.oce.oce.namespaces.types._private.ocedatamodelextensionv1_0.OrderTasks"/>
			<json id="responseJson" library="Jackson" unmarshalTypeName="com.att.ooce.core.Response"/>
			<json id="orderTaskJson" library="Jackson"  unmarshalTypeName="com.att.oce.oce.namespaces.types._private.ocedatamodelextensionv1_0.CtOrderTask"/>		
			<json id="oceResponseJson" library="Jackson" unmarshalTypeName="com.att.ooce.core.GetNextOrderResponse"/>
		</camel:dataFormats>
		
		
		<route id="routeAuditLog">
			<from uri="direct:AuditLog" />
			<inOnly uri="bean:auditLogProcessor" />
		</route>
		
		
		<route id="commonRouteBefore">
			<from uri="direct:commonRouteBefore" />
			<convertBodyTo type="java.lang.String" />			    
		    <to uri="bean:initialHeaders?method=setHeaders"/>				
            <log message="Headersr - message received: ${headers}"/>           
            <log message="request auditing" loggingLevel="INFO" />
            <wireTap uri="direct:AuditLog"/>
<!-- 			<to uri="direct:AuditLog" /> -->
           <choice>
                         <when>
							<simple>${in.header.Content-Type} == 'application/json'</simple>	
							<log message="application/json data" loggingLevel="INFO"  /> 
							<choice>
	                            <when>
								  <simple>${in.header.CamelHttpUri} contains 'createTask'</simple>
								  <unmarshal ref="processOrderRequestJson"/>
								</when>
								<otherwise>
								    <unmarshal ref="orderTaskJson"/>
								</otherwise>
							</choice>																					
						</when>
						<when>
							<simple>"${in.header.Content-Type} == application/xml"</simple>	
							<log message="application/xml data" loggingLevel="INFO"  /> 
							<choice>
	                            <when>
								  <simple>${in.header.CamelHttpUri} contains 'createTask'</simple>
								  <unmarshal ref="processOrderRequestXml"/>
								</when>
								<otherwise>
								    <unmarshal ref="orderTaskXml"/>
								</otherwise>
							</choice>																		
						</when>		
		     </choice>	
		</route>
		
		<route id="commonRouteAfter">
			<from uri="direct:commonRouteAfter" />
			 
			 <setHeader headerName="isResponse">
    			<constant>Y</constant>        
  			 </setHeader>
			 <log message="request auditing" loggingLevel="INFO" />
			 <wireTap uri="direct:AuditLog"/>
<!-- 			  <to uri="direct:AuditLog" />  -->
			<choice>
                         <when>
							<simple>${in.header.Accept} == 'application/json'</simple>	
							<log message="application/json data" loggingLevel="INFO"  /> 
							<choice>
	                            <when>
								  <simple>${in.header.CamelHttpUri} contains 'createTask' or ${in.header.CamelHttpUri} contains 'updateTask'</simple>
								  <marshal ref="orderTaskRespJson"/>
								</when>
								<otherwise>
								    <marshal ref="oceResponseJson"/>
								</otherwise>
							</choice>								
							<setHeader headerName="content-type">
						      <constant>application/json</constant>
						    </setHeader>
						</when>
						<when>
							<simple>"${in.header.Accept} == application/xml"</simple>	
							<log message="application/xml data" loggingLevel="INFO"  /> 
                            <choice>
	                            <when>
								  <simple>${in.header.CamelHttpUri} contains 'createTask' or ${in.header.CamelHttpUri} contains 'updateTask'</simple>
								  <marshal ref="orderTaskRespXml"/>
								</when>
								<otherwise>
								    <marshal ref="oceResponseXml"/>
								</otherwise>
							</choice>						
							 <setHeader headerName="content-type">
						      <constant>application/xml</constant>
						    </setHeader>							
						</when>	
		     </choice>
		</route>
		
		<route id="outBoundCall">
			<from uri="direct:outBoundCall" />
			 <marshal ref="processOrderRequestXml"/>	
             <setHeader headerName="CamelHttpMethod">
		      <constant>PUT</constant>
		    </setHeader>
		    <setHeader headerName="accept">
		      <constant>application/xml</constant>
		    </setHeader>
		    <setHeader headerName="content-type">
		      <constant>application/xml</constant>
		    </setHeader>
             <camel:doTry>
<!--               <wireTap uri="http://zld01126.vci.att.com:7605/oce/api/orders/"/> -->
                 <to uri="http://zld01126.vci.att.com:7605/oce/api/orders/"/>
                 <convertBodyTo type="java.lang.String" />	
                 <unmarshal ref="responseXml"/>	     
                   <to uri="bean:taskService?method=atgResponse"/>    
	             <camel:doCatch>
	                  <exception>java.lang.Exception</exception>
	                  <convertBodyTo type="java.lang.String" />	
	                    <to uri="bean:taskService?method=atgResponse"/>
	             </camel:doCatch>
             </camel:doTry>
		</route>
		
		<route id="ordertaskListResponse">
			<from uri="direct:ordertaskListResponse" />
			<choice>
                         <when>
							<simple>${in.header.Accept} == 'application/json'</simple>	
							<log message="application/json data" loggingLevel="INFO"  /> 
							 <setHeader headerName="content-type">
						      <constant>application/json</constant>
						    </setHeader>
							<marshal ref="orderTaskListJson"/>														
						</when>
						<when>
							<simple>"${in.header.Accept} == application/xml"</simple>	
							<log message="application/xml data" loggingLevel="INFO"  /> 
							 <setHeader headerName="content-type">
								<constant>application/xml</constant>
							</setHeader>
                            <marshal ref="orderTaskListXml"/>																				
						</when>	
		     </choice>	
		</route>
		
		
		<route id="createTask-route">
		    <from uri="restlet:/__module_ajsc_namespace_name__/__module_ajsc_namespace_version__/createTask?restletMethod=POST"/>
		    <log message="serviceName : createTask"  />	
		     <to uri="direct:commonRouteBefore" />
             <to uri="bean:taskService?method=createTask"/>
             <to uri="direct:commonRouteAfter" />
		</route>
		
		<route id="updateTask-route">
		    <from uri="restlet:/__module_ajsc_namespace_name__/__module_ajsc_namespace_version__/updateTask/{avosRefId}?restletMethod=POST"/>
<!-- 		    <from uri="http://localhost:8181/oceui/oce/rest/api/tasks/M153720457E"/> -->
		    <log message="serviceName : updateTask" />	
		     <to uri="direct:commonRouteBefore" />
             <to uri="bean:taskService?method=updateTask"/>
             <to uri="direct:commonRouteAfter" />
		  
		</route>
		
		
		<route id="getNextTask-route">
		    <from uri="restlet:/__module_ajsc_namespace_name__/__module_ajsc_namespace_version__/getNextTask?restletMethod=POST"/>
		    <log message="serviceName : getNextTask" customId="true" />	
		    <to uri="direct:commonRouteBefore" />
            <to uri="bean:taskService?method=getNextTask"/>
            <choice>
                         <when>
							<simple>${in.header.Response} == 'fineResponse'</simple>	
							<to uri="direct:outBoundCall" />														
						</when>						
		     </choice>	
            <to uri="direct:commonRouteAfter" />           
		</route>
		
		
		<route id="getAllTasks-route">
		    <from uri="restlet:/__module_ajsc_namespace_name__/__module_ajsc_namespace_version__/getAllTasks"/>
		    <log message="serviceName : getAllTasks" />	
		    <to uri="bean:initialHeaders?method=setHeaders"/>	
            <to uri="bean:taskService?method=getAllTasks"/> 
            <choice>
                         <when>
							<simple>${in.header.Response} == 'fineResponse'</simple>	
							<to uri="direct:ordertaskListResponse" />  														
						</when>		
					     <when>
							<simple>${in.header.Response} == 'errorResponse'</simple>	
							<to uri="direct:commonRouteAfter" />  														
						</when>						
		     </choice>	   
		</route>
		

		<route id="getAllOpenTasks-route">
		    <from uri="restlet:/__module_ajsc_namespace_name__/__module_ajsc_namespace_version__/getAllOpenTasks"/>
		    <log message="serviceName : getAllOpenTasks" />	
		    <to uri="bean:initialHeaders?method=setHeaders"/>
            <to uri="bean:taskService?method=getAllOpenTasks"/>
            <choice>
                         <when>
							<simple>${in.header.Response} == 'fineResponse'</simple>	
							<to uri="direct:ordertaskListResponse" />  														
						</when>		
					     <when>
							<simple>${in.header.Response} == 'errorResponse'</simple>	
							<to uri="direct:commonRouteAfter" />  														
						</when>						
		     </choice>	  
		</route>
		
		
		<route id="queueCount-route">
		    <from uri="restlet:/__module_ajsc_namespace_name__/__module_ajsc_namespace_version__/queueCount"/>
		    <log message="serviceName : queueCount"  />	
		     <to uri="bean:initialHeaders?method=setHeaders"/>	
            <to uri="bean:taskService?method=queueCount"/> 
       </route>
		
	</camel:camelContext>

</beans>