<?xml version="1.0" encoding="UTF-8"?>
<beans xmlns="http://www.springframework.org/schema/beans"
	xmlns:xsi="http://www.w3.org/2001/XMLSchema-instance" xmlns:context="http://www.springframework.org/schema/context"
	xsi:schemaLocation="http://www.springframework.org/schema/beans http://www.springframework.org/schema/beans/spring-beans.xsd
						http://www.springframework.org/schema/context http://www.springframework.org/schema/context/spring-context-3.0.xsd">

	<bean
		class="org.springframework.context.annotation.CommonAnnotationBeanPostProcessor" />
		
	<bean id="ServicePropertiesListener" class="com.att.oce.service.task.filemonitor.ServicePropertiesListener" />
	
	<bean id="ServicePropertiesMap" class="com.att.oce.service.task.filemonitor.ServicePropertiesMap" />

	<bean id="ServicePropertyService" class="com.att.oce.service.task.filemonitor.ServicePropertyService">
		<property name="loadOnStartup" value="false" />
		<property name="fileChangedListener" ref="ServicePropertiesListener" />
		<property name="filePropertiesMap" ref="ServicePropertiesMap" />
		<property name="ssfFileMonitorPollingInterval" value="300" />
		<property name="ssfFileMonitorThreadpoolSize" value="1" />
	</bean>
	
	<!-- <context:property-placeholder location="file:/${AJSC_CONF_HOME}/etc/sysprops/taskMgmt.sys-props.properties"/> --> 
	
</beans>
