<?xml version="1.0" encoding="UTF-8"?>
<beans xmlns="http://www.springframework.org/schema/beans"
	xmlns:xsi="http://www.w3.org/2001/XMLSchema-instance" xmlns:context="http://www.springframework.org/schema/context"
	xmlns:p="http://www.springframework.org/schema/p"
	xsi:schemaLocation="http://www.springframework.org/schema/beans  
            http://www.springframework.org/schema/beans/spring-beans-3.0.xsd
            http://www.springframework.org/schema/context
	        http://www.springframework.org/schema/context/spring-context-3.0.xsd">

		<bean class="org.springframework.beans.factory.config.PropertyPlaceholderConfigurer">
			<property name="locations">
				<list>
				    <value>classpath:application.properties</value>	
					<value>classpath:taskMgmtApp.properties</value>					
					<value>classpath:system.properties</value>
				</list>
			</property>
			<property name="ignoreResourceNotFound" value="true" />
		</bean>

		<import resource="classpath:/com/att/oce/services/TaskMgmtBean.xml" />
		

		<bean id="taskService" init-method="registerEvent" name="taskService"
			class="com.att.oce.service.TaskServiceImpl">
			<property name="taskNotificationURL" value="${taskNotificationURL}" />
		</bean>

	<bean id="auditLogProcessor" name="auditLogProcessor"
			class="com.att.oce.service.task.auditLog.AuditLogProcessor">
			<!-- D5 -->
			<property name="brokerURL" value="${audit.mqbrokerURL}" />
			<property name="mqUsername" value="${audt.mqUsername}" />
			<property name="mqPassword" value="${audit.mqPassword}" />
			<property name="dbURL" value="${audit.jdbc.dburl}" />
			<property name="dbUsername" value="${audit.jdbc.username}" />
			<property name="dbPassword" value="${audit.jdbc.password}" />
			<property name="queueName" value="${audit.mqQueueName}" />
		</bean>
		
		
		
		
		<bean id="orderTaskRespXml" class="org.apache.camel.model.dataformat.JaxbDataFormat">
		  <property name="prettyPrint" value="true"/>
		  <property name="contextPath" value="com.att.ooce.core"/>
		    <property name="partClass" value="com.att.ooce.core.OrderTasksResponse"/>
		</bean>  
		
		<bean id="orderTaskListXml" class="org.apache.camel.model.dataformat.JaxbDataFormat">
		  <property name="prettyPrint" value="true"/>
		  <property name="contextPath" value="com.att.oce.oce.namespaces.types._private.ocedatamodelextensionv1_0"/>
		    <property name="partClass" value="com.att.oce.oce.namespaces.types._private.ocedatamodelextensionv1_0.OrderTasks"/>
		</bean> 
		
		<bean id="orderTaskXml" class="org.apache.camel.model.dataformat.JaxbDataFormat">
		  <property name="prettyPrint" value="true"/>
		  <property name="contextPath" value="com.att.oce.oce.namespaces.types._private.ocedatamodelextensionv1_0"/>
		    <property name="partClass" value="com.att.oce.oce.namespaces.types._private.ocedatamodelextensionv1_0.CtOrderTask"/>
		</bean> 
		
		<bean id="oceResponseXml" class="org.apache.camel.model.dataformat.JaxbDataFormat">
		  <property name="prettyPrint" value="true"/>
		  <property name="contextPath" value="com.att.ooce.core"/>
		    <property name="partClass" value="com.att.ooce.core.GetNextOrderResponse"/>
		</bean> 
		
		<bean id="processOrderRequestXml" class="org.apache.camel.model.dataformat.JaxbDataFormat">
		  <property name="prettyPrint" value="true"/>
		  <property name="contextPath" value="com.att.ooce.core"/>
		    <property name="partClass" value="com.att.ooce.core.ProcessOrderRequest"/>
		</bean> 
		
		<bean id="responseXml" class="org.apache.camel.model.dataformat.JaxbDataFormat">
		  <property name="prettyPrint" value="true"/>
		  <property name="contextPath" value="com.att.ooce.core"/>
		    <property name="partClass" value="com.att.ooce.core.Response"/>
		</bean> 
		
		<bean id="orderQueueResponseXml" class="org.apache.camel.model.dataformat.JaxbDataFormat">
		  <property name="prettyPrint" value="true"/>
		  <property name="contextPath" value="com.att.ooce.core"/>
		    <property name="partClass" value="com.att.ooce.core.OrderQueueResponse"/>
		</bean> 
		
		
		
		
		
		
		
		
		
	    <bean id="orderTaskRespJson" class="org.apache.camel.component.jackson.JacksonDataFormat">
		  <property name="unmarshalType" value="com.att.ooce.core.OrderTasksResponse"/>
		</bean> 
		
		<bean id="orderQueueResponseJson" class="org.apache.camel.component.jackson.JacksonDataFormat">
		  <property name="unmarshalType" value="com.att.ooce.core.OrderQueueResponse"/>
		</bean> 
		
		<bean id="processOrderRequestJson" class="org.apache.camel.component.jackson.JacksonDataFormat">
		  <property name="unmarshalType" value="com.att.ooce.core.ProcessOrderRequest"/>
		</bean> 
		
		<bean id="orderTaskListJson" class="org.apache.camel.component.jackson.JacksonDataFormat">
		  <property name="unmarshalType" value="com.att.oce.oce.namespaces.types._private.ocedatamodelextensionv1_0.OrderTasks"/>
		</bean> 
		
		<bean id="responseJson" class="org.apache.camel.component.jackson.JacksonDataFormat">
		  <property name="unmarshalType" value="com.att.ooce.core.Response"/>
		</bean> 
		
		<bean id="orderTaskJson" class="org.apache.camel.component.jackson.JacksonDataFormat">
		  <property name="unmarshalType" value="com.att.oce.oce.namespaces.types._private.ocedatamodelextensionv1_0.CtOrderTask"/>
		</bean> 
		
		<bean id="oceResponseJson" class="org.apache.camel.component.jackson.JacksonDataFormat">
		  <property name="unmarshalType" value="com.att.ooce.core.GetNextOrderResponse"/>
		</bean> 
		
		
		
		

</beans>  