<?xml version="1.0" encoding="ISO-8859-1"?>
<web-app xmlns="http://java.sun.com/xml/ns/javaee" xmlns:xsi="http://www.w3.org/2001/XMLSchema-instance"
	xsi:schemaLocation="http://java.sun.com/xml/ns/javaee http://java.sun.com/xml/ns/javaee/web-app_3_0.xsd"
	metadata-complete="false" version="3.0">

	<filter-mapping>
        <filter-name>WriteableRequestFilter</filter-name>
        <url-pattern>/*</url-pattern>
    </filter-mapping>
	<filter-mapping>
		<filter-name>InterceptorFilter</filter-name>
		<url-pattern>/services/*</url-pattern>
	</filter-mapping> 
	<filter-mapping>
		<filter-name>InterceptorFilter</filter-name>
		<url-pattern>/rest/*</url-pattern>
 	</filter-mapping>  

	<filter-mapping>
		<filter-name>springSecurityFilterChain</filter-name>
		<url-pattern>/*</url-pattern>
	</filter-mapping>
		
	<servlet-mapping>
		<servlet-name>ManagementServlet</servlet-name>
		<url-pattern>/mgmt</url-pattern>
	</servlet-mapping>
	 
	 <servlet-mapping>
			<servlet-name>RestletServlet</servlet-name>
			<url-pattern>/rest/*</url-pattern>
	</servlet-mapping>

 	<servlet-mapping>
		<servlet-name>CamelServlet</servlet-name>
		<url-pattern>/services/*</url-pattern>
	</servlet-mapping>

</web-app>