<?xml version="1.0" encoding="UTF-8"?>
<jcr:root xmlns:cq="http://www.day.com/jcr/cq/1.0" xmlns:jcr="http://www.jcp.org/jcr/1.0" xmlns:nt="http://www.jcp.org/jcr/nt/1.0"
    jcr:primaryType="cq:Dialog"
    xtype="tabpanel">
    <items jcr:primaryType="cq:WidgetCollection">
        <Requirements
            jcr:primaryType="cq:Widget"
            title="Requirement"
            xtype="panel">
            <items jcr:primaryType="cq:WidgetCollection">
                <headerText
                    jcr:primaryType="cq:Widget"
                    autoHeight="{Boolean}true"
                    fieldLabel="Requirement Heading"
                    hidelabel="{Boolean}false"
                    name="./headerText"
                    xtype="richtext">
                    <rtePlugins jcr:primaryType="nt:unstructured">
                        <misctools
                            jcr:primaryType="nt:unstructured"
                            features="[sourceedit]"/>
                        <subsuperscript
                            jcr:primaryType="nt:unstructured"
                            features="*"/>
                    </rtePlugins>
                </headerText>
                <generalreq
                    jcr:primaryType="cq:Widget"
                    fieldLabel="Requirement Description"
                    name="./authrrext"
                    xtype="richtext">
                    <rtePlugins jcr:primaryType="nt:unstructured">
                        <misctools
                            jcr:primaryType="nt:unstructured"
                            features="[sourceedit]"/>
                    </rtePlugins>
                </generalreq>
            </items>
        </Requirements>
    </items>
</jcr:root>
