<?xml version="1.0" encoding="UTF-8"?>
<jcr:root xmlns:cq="http://www.day.com/jcr/cq/1.0" xmlns:jcr="http://www.jcp.org/jcr/1.0"
    jcr:primaryType="cq:TabPanel"
    xtype="tabpanel">
    <items jcr:primaryType="cq:WidgetCollection">
        <tab1
            jcr:primaryType="cq:Widget"
            title="Title"
			id="title"
            xtype="panel">
            <items jcr:primaryType="cq:WidgetCollection">
                <PrintComponent
                    jcr:primaryType="cq:Widget"
                    allowBlank="false"
                    defaultValue="0"
                    fieldDescription="Select the Print Component"
                    fieldLabel="Print Component"
                    name="./printComponent"
                    type="select"
                    xtype="selection">
                    <options jcr:primaryType="cq:WidgetCollection">
                        <PrintButton
                            jcr:primaryType="nt:unstructured"
                            text="PrintButton"
                            value="PrintButton"/>
                        <PrintLabel
                            jcr:primaryType="nt:unstructured"
                            text="PrintLabel"
                            value="PrintLabel"/>
                    </options>
                    <listeners
                        jcr:primaryType="nt:unstructured"
                        loadcontent="function()&#xa;{ if(this.getValue()== 'PrintLabel')&#xa;{ this.findParentByType('tabpanel').findById('title').findById('printlabel').show();&#xa;} else&#xa;{ this.findParentByType('tabpanel').findById('title').findById('printlabel').hide();&#xa;}}"
                        selectionchanged="function()&#xa;{ if(this.getValue()== 'PrintLabel')&#xa;{ this.findParentByType('tabpanel').findById('title').findById('printlabel').show();&#xa;} else&#xa;{ this.findParentByType('tabpanel').findById('title').findById('printlabel').hide();&#xa;}}"/>
                </PrintComponent>
                <printlabel
                    jcr:primaryType="cq:Widget"
                    fieldLabel="Print Label"
                    id="printlabel"
                    name="./printlabel"
                    xtype="textfield"/>
            </items>
	        </tab1>
    </items>
</jcr:root>
