<?xml version="1.0" encoding="UTF-8"?>
<jcr:root xmlns:cq="http://www.day.com/jcr/cq/1.0" xmlns:jcr="http://www.jcp.org/jcr/1.0" xmlns:nt="http://www.jcp.org/jcr/nt/1.0"
    jcr:primaryType="cq:Dialog"
    xtype="dialog">
    <items jcr:primaryType="cq:TabPanel">
        <items jcr:primaryType="cq:WidgetCollection">
            <tab1
                jcr:primaryType="cq:Panel"
                title="Unavailable">
                <items jcr:primaryType="cq:WidgetCollection">
                    <heading
                        jcr:primaryType="cq:Widget"
                        defaultValue="Lorem U-verse with GigaPower is Not Available For"
                        fieldDescription="Lorem U-verse with GigaPower is Not Available For"
                        fieldLabel="Unavailable Heading"
                        name="./unavailableHead"
                        xtype="textfield"/>
                    <preregisterqn
                        jcr:primaryType="cq:Widget"
                        defaultValue="Lorem Want to Pre-register so youâ€¦?"
                        fieldDescription="Lorem Want to Pre-register so youâ€¦?"
                        fieldLabel="Pre register question"
                        name="./preRegisterQn"
                        xtype="textfield"/>
                    <uverseOption
                        jcr:primaryType="cq:Widget"
                        defaultValue="Lorem Check Out Other U-verse Options"
                        fieldDescription="Lorem Check Out Other U-verse Options"
                        fieldLabel="Uverse Option Text"
                        name="./uverseOption"
                        xtype="textfield"/>
                    <uverseOptionValues
                        jcr:primaryType="cq:Widget"
                        defaultValue="&lt;p>Ipsum you can still get U-verse serviceâ€¦&lt;/p>                &lt;ul class=&quot;bullet&quot;>&#xa;                    &#x9;&lt;li>&#xa;                        &#x9;Speeds up to 45 MB&#xa;                        &lt;/li>&#xa;                    &#x9;&lt;li>&#xa;                        &#x9;Speeds up to 45 MB&#xa;                        &lt;/li>&#xa;                    &#x9;&lt;li>&#xa;                        &#x9;Speeds up to 45 MB&#xa;                        &lt;/li>&#xa;                    &lt;/ul>"
                        fieldDescription="Enter options in bullet using source edit"
                        fieldLabel="Uverse Option Values"
                        name="./uverseOptionValues"
                        xtype="richtext">
                        <htmlRules jcr:primaryType="nt:unstructured">
                            <links
                                jcr:primaryType="nt:unstructured"
                                ensureInternalLinkExt="{Boolean}false"
                                protocols="[http://,https://,mailto:]"/>
                        </htmlRules>
                        <rtePlugins
                            jcr:primaryType="nt:unstructured"
                            path="/apps/att/att-foundation/components/richtext/dialog/items/text/rtePlugins.infinity.json"
                            xtype="cqinclude"/>
                    </uverseOptionValues>
                    <shopuverseLink
                        jcr:primaryType="cq:Widget"
                        fieldLabel="shop uverse Link"
                        name="./shopuverseLink"
                        xtype="textfield"/>
                    <shopuverse
                        jcr:primaryType="cq:Widget"
                        defaultValue="Lorem Shop U-verse"
                        fieldDescription="Lorem Shop U-verse"
                        fieldLabel="Shop Uverse Button"
                        name="./shopUverse"
                        xtype="textfield"/>
                    <imageset
                        jcr:primaryType="cq:Widget"
                        collapsed="true"
                        collapsible="true"
                        name="./imageSet"
                        title="Image"
                        xtype="dialogfieldset">
                        <items jcr:primaryType="cq:WidgetCollection">
                            <imagesrc
                                jcr:primaryType="cq:Widget"
                                fieldLabel="Image Source"
                                name="./imageSrc"
                                xtype="pathfield"/>
                            <imageAlt
                                jcr:primaryType="cq:Widget"
                                fieldLabel="Image Alt"
                                name="./imageAlt"
                                xtype="textfield"/>
                        </items>
                    </imageset>
                </items>
            </tab1>
            <tab2
                jcr:primaryType="cq:Panel"
                title="Unavailable Modal">
                <items jcr:primaryType="cq:WidgetCollection">
                    <unavailableclose
                        jcr:primaryType="cq:Widget"
                        defaultValue="Close modal window"
                        fieldDescription="eg: Close modal window"
                        fieldLabel="Unavailable Modal Close text"
                        name="./unavailableClose"
                        xtype="textfield"/>
                    <modalHeading
                        jcr:primaryType="cq:Widget"
                        fieldLabel="Unavailable Modal Heading"
                        name="./modalHead"
                        xtype="textfield"/>
                    <modalBody
                        jcr:primaryType="cq:Widget"
                        fieldDescription="Unavailable Modal Body"
                        fieldLabel="Uverse Option Values"
                        name="./modalBody"
                        xtype="richtext">
                        <htmlRules jcr:primaryType="nt:unstructured">
                            <links
                                jcr:primaryType="nt:unstructured"
                                ensureInternalLinkExt="{Boolean}false"
                                protocols="[http://,https://,mailto:]"/>
                        </htmlRules>
                        <rtePlugins
                            jcr:primaryType="nt:unstructured"
                            path="/apps/att/att-foundation/components/richtext/dialog/items/text/rtePlugins.infinity.json"
                            xtype="cqinclude"/>
                    </modalBody>
                    <unavailabledone
                        jcr:primaryType="cq:Widget"
                        fieldDescription="eg: Done"
                        fieldLabel="Unavailable Modal Done text"
                        name="./unavailableDone"
                        xtype="textfield"/>
                </items>
            </tab2>
        </items>
    </items>
</jcr:root>
