<?xml version="1.0" encoding="UTF-8"?>
<jcr:root xmlns:cq="http://www.day.com/jcr/cq/1.0" xmlns:jcr="http://www.jcp.org/jcr/1.0"
    jcr:primaryType="cq:Dialog"
    autoWidth="{Boolean}false"
    width="720"
    xtype="dialog">
    <items
        jcr:primaryType="cq:Widget"
        xtype="tabpanel">
        <items jcr:primaryType="cq:WidgetCollection">
            <sessionwarning
                jcr:primaryType="cq:Widget"
                title="Session Expire Warning"
                xtype="panel">
                <items jcr:primaryType="cq:WidgetCollection">
                	<heading
						 jcr:primaryType="cq:Widget"
		         		 fieldDescription="Pelase enter Heading"
		         		 fieldLabel="Heading"
		         		 name="./warningHeading"
			         	 xtype="textfield"/>
                    <warningmessage
						 jcr:primaryType="cq:Widget"
		         		 fieldDescription="Please enter warning message"
		         		 fieldLabel="Warning Message"
		         		 name="./warningMessage"
			         	 xtype="textarea"/>
			         <warningButtonText
						 jcr:primaryType="cq:Widget"
		         		 fieldDescription="Warning button text"
		         		 fieldLabel="Warning button text"
		         		 name="./warningBtnTxt"
			         	 xtype="textfield"/>
			        <sessionexpirevaluechoose
	                    jcr:primaryType="cq:Widget"
	                    defaultValue="0"
	                    fieldDescription="Choose Session Expire Value"
	                    fieldLabel="Session Expire Value"
	                    name="./sessionExpireValue"
	                    type="select"
	                    xtype="selection">
	                    <options jcr:primaryType="cq:WidgetCollection">
	                        <_x0030_-ten
	                            jcr:primaryType="nt:unstructured"
	                            text="10"
	                            value="10"/>
	                        <_x0031_-twenty
	                            jcr:primaryType="nt:unstructured"
	                            text="20"
	                            value="20"/>
	                        <_x0032_-twentyfive
	                            jcr:primaryType="nt:unstructured"
	                            text="25"
	                            value="25"/>
	                        <_x0033_-thirty
	                            jcr:primaryType="nt:unstructured"
	                            text="30"
	                            value="30"/> 
	                    </options>
                	</sessionexpirevaluechoose>	
                </items>
            </sessionwarning>
            <sessionexpired
                jcr:primaryType="cq:Widget"
                title="Session Expired"
                xtype="panel">
                <items jcr:primaryType="cq:WidgetCollection">
                	<expiredheading
						 jcr:primaryType="cq:Widget"
		         		 fieldDescription="Pelase enter Heading"
		         		 fieldLabel="Heading"
		         		 name="./expiredHeading"
			         	 xtype="textfield"/>
                    <warningmessage
						 jcr:primaryType="cq:Widget"
		         		 fieldDescription="Pelase enter session expired message"
		         		 fieldLabel="Expired Message"
		         		 name="./expiredMessage"
			         	 xtype="textarea"/>
			        <InformButtonText
						 jcr:primaryType="cq:Widget"
		         		 fieldDescription="Inform timeout button text"
		         		 fieldLabel="Inform timeout button text"
		         		 name="./informBtnTxt"
			         	 xtype="textfield"/>
                </items>
            </sessionexpired>
        </items>
    </items>
</jcr:root>
