<?xml version="1.0" encoding="UTF-8"?>
<jcr:root xmlns:cq="http://www.day.com/jcr/cq/1.0" xmlns:jcr="http://www.jcp.org/jcr/1.0" xmlns:nt="http://www.jcp.org/jcr/nt/1.0"
    jcr:primaryType="cq:Dialog"
    helpPath=""
    title="Text"
    xtype="tabpanel">
    <items jcr:primaryType="cq:WidgetCollection">
        <tab1
            jcr:primaryType="cq:Widget"
            anchor="100%"
            title="Share Widgets"
            xtype="panel">
            <items jcr:primaryType="cq:WidgetCollection">
                <CampaignKey
                    jcr:primaryType="cq:Widget"
                    allowBlank="true"
                    defaultValue="00d78e1f-01f0-45cd-9f9c-79e690335b05"
                    emptyText="00d78e1f-01f0-45cd-9f9c-79e690335b05"
                    fieldLabel="Meteor Application Id"
                    name="./meteorCampaignKey"
                    xtype="textfield"/>
                <socialmediatext
                    jcr:primaryType="cq:Widget"
                    allowBlank="true"
                    emptyText="Enter social icons name wants to display"
                    fieldDescription="Enter icon name in given format e.g. :  'facebook', 'twitter', 'email', 'pinterest'"
                    fieldLabel="Social Media Icons"
                    name="./socialmediatext"
                    xtype="textfield"/>
                <size
                    jcr:primaryType="cq:Widget"
                    allowBlank="true"
                    fieldLabel="Sharebar Size"
                    name="./size"
                    type="select"
                    xtype="selection">
                    <options jcr:primaryType="cq:WidgetCollection">
                        <small
                            jcr:primaryType="nt:unstructured"
                            text="Small"
                            value="small"/>
                        <med
                            jcr:primaryType="nt:unstructured"
                            text="Medium"
                            value="med"/>
                        <large
                            jcr:primaryType="nt:unstructured"
                            text="large"
                            value="Large"/>
                    </options>
                </size>
                <orientation
                    jcr:primaryType="cq:Widget"
                    allowBlank="true"
                    fieldLabel="Sharbar Orientation"
                    name="./orientation"
                    type="select"
                    xtype="selection">
                    <options jcr:primaryType="cq:WidgetCollection">
                        <vertical
                            jcr:primaryType="nt:unstructured"
                            text="Vertical"
                            value="vertical"/>
                        <horizontal
                            jcr:primaryType="nt:unstructured"
                            text="Horizontal"
                            value="horizontal"/>
                        <bigIconhorizontalmobile
                            jcr:primaryType="nt:unstructured"
                            text="bigIcon-horizontal-mobile"
                            value="bigIcon-horizontal-mobile"/>
                    </options>
                </orientation>
                <Hidefbid
                    jcr:primaryType="cq:Widget"
                    fieldLabel="preserve page URL"
                    inputValue="true"
                    name="./Hidefbid"
                    type="checkbox"
                    xtype="selection"/>
            </items>
        </tab1>
        <tab2
            jcr:primaryType="cq:Widget"
            anchor="100%"
            title="Sharebar Style"
            xtype="panel">
            <items jcr:primaryType="cq:WidgetCollection">
                <displayside
                    jcr:primaryType="cq:Widget"
                    allowBlank="true"
                    fieldLabel="Display Side"
                    name="./displayside"
                    type="select"
                    xtype="selection">
                    <options jcr:primaryType="cq:WidgetCollection">
                        <floatLeft
                            jcr:primaryType="nt:unstructured"
                            text="Left"
                            value="floatLeft"/>
                        <floatRight
                            jcr:primaryType="nt:unstructured"
                            text="Right"
                            value="floatRight"/>
                        <floatCenter
                            jcr:primaryType="nt:unstructured"
                            text="Center"
                            value="floatCenter"/>
                    </options>
                </displayside>
                <sticktowrapper
                    jcr:primaryType="cq:Widget"
                    allowBlank="true"
                    fieldLabel="Stick to Main Content"
                    name="./sticktowrapper"
                    type="select"
                    xtype="selection">
                    <options jcr:primaryType="cq:WidgetCollection">
                        <yes
                            jcr:primaryType="nt:unstructured"
                            text="Yes"
                            value="stikwrapper"/>
                        <no
                            jcr:primaryType="nt:unstructured"
                            text="No"
                            value=""/>
                    </options>
                </sticktowrapper>
            </items>
        </tab2>
    </items>
</jcr:root>
