<?xml version="1.0" encoding="UTF-8"?>
<jcr:root xmlns:cq="http://www.day.com/jcr/cq/1.0" xmlns:jcr="http://www.jcp.org/jcr/1.0" xmlns:nt="http://www.jcp.org/jcr/nt/1.0"
    jcr:primaryType="cq:Dialog"
    activeTab="0"
    xtype="dialog">
    <items jcr:primaryType="cq:Widget" xtype="tabpanel">
    <items jcr:primaryType="cq:WidgetCollection">
        <tab1
            jcr:primaryType="cq:Widget"
            anchor="100%"
            title="Text"
            xtype="panel">
            <items jcr:primaryType="cq:WidgetCollection">
                <headline
                    jcr:primaryType="cq:Widget"
                    fieldDescription="Enter Title."
                    fieldLabel="Title"
                    name="./termtitle"
                    xtype="textfield"/>
                 <isRichTextFlag
                    jcr:primaryType="cq:Widget"
                    ignoreData="{Boolean}true"
                    name="./textIsRich"
                    value="true"
                    xtype="hidden"/>
                <text
                    jcr:primaryType="cq:Widget"
                    autoHeight="{Boolean}true"
                    fieldLabel="Main Text"
                    hideLabel="{Boolean}false"
                    name="./termtext"
                    xtype="richtext">
                    <rtePlugins jcr:primaryType="nt:unstructured">
                        <edit
                            jcr:primaryType="nt:unstructured"
                            defaultPasteMode="plaintext"/>
                        <subsuperscript
                            jcr:primaryType="nt:unstructured"
                            features="*"/>
                        <misctools
                            jcr:primaryType="nt:unstructured"
                            features="[sourceedit]"/>
                        <styles
                            jcr:primaryType="nt:unstructured"
                            features="*">
                            <styles jcr:primaryType="cq:WidgetCollection">
                                <orangePrice
                                    jcr:primaryType="nt:unstructured"
                                    cssName="pricing orange"
                                    text="Orange Price"/>
                            </styles>
                        </styles>
                    </rtePlugins>
                </text>
            </items>
        </tab1>
		<tab2
                jcr:primaryType="cq:Widget"
                anchor="100%"
                title="CTA"
                xtype="panel">
                <items jcr:primaryType="cq:WidgetCollection">
                    <resType
                        jcr:primaryType="cq:Widget"
                        ignoreData="{Boolean}true"
                        name="./image/sling:resourceType"
                        value="foundation/components/image"
                        xtype="hidden"/>
                    <_x0031_-linktext
                        jcr:primaryType="cq:Widget"
                        fieldLabel="Alt Text"
                        name="./alttext"
                        xtype="textfield"/>
                    <_x0032_-imagelink
                        jcr:primaryType="cq:Widget"
                        emptyText="Leave blank for no CTA"
                        fieldDescription="Enter url location, or select a page using the magnifier on the right"
                        fieldLabel="Link"
                        name="./imagelink"
                        xtype="pathfield"/>
                    <_x0033_-onclick
                        jcr:primaryType="cq:Widget"
                        emptyText="Tile CTA Onclick Event"
                        fieldDescription="Enter Onclick event. Leave blank for none."
                        fieldLabel="Onclick Event"
                        name="./ctaonclick"
                        xtype="textfield"/>
                    <_x0034_-ctaimage
                        jcr:primaryType="cq:Widget"
                        fieldDescription="Leave blank to use alt text as button"
                        fieldLabel="CTA Image location"
                        name="./ctaimage"
                        xtype="pathfield"/>
                    <_x0035_-paddingright
                        jcr:primaryType="cq:Widget"
                        fieldDescription="Select Padding Top"
                        fieldLabel="Padding Top"
                        name="./paddingright"
                        type="select"
                        xtype="selection">
                        <options jcr:primaryType="cq:WidgetCollection">
                            <_x0036_-12
                                jcr:primaryType="nt:unstructured"
                                text="12px"
                                value="12px"/>
                            <_x0037_-family
                                jcr:primaryType="nt:unstructured"
                                text="43px"
                                value="43px"/>
                            <_x0038_-oneXthree
                                jcr:primaryType="nt:unstructured"
                                text="7px"
                                value="7px"/>
                        </options>
                    </_x0035_-paddingright>
                    <_x0036_-reportingName
                        jcr:primaryType="cq:Widget"
                        emptyText="Reporting name for CTA"
                        fieldLabel="Reporting Name"
                        name="./reportingName"
                        xtype="textfield"/>
                </items>
            </tab2>
    </items>
    </items>
</jcr:root>
