
<beans xmlns="http://www.springframework.org/schema/beans"
	xmlns:xsi="http://www.w3.org/2001/XMLSchema-instance"
	xsi:schemaLocation="
       http://www.springframework.org/schema/beans http://www.springframework.org/schema/beans/spring-beans.xsd
       http://camel.apache.org/schema/spring http://camel.apache.org/schema/spring/camel-spring.xsd">

	<routeContext id="commonRoutes" xmlns="http://camel.apache.org/schema/spring">

		<route id="log-trackingId-route">
			<from uri="direct:log-trackingId-route" />
			<setHeader headerName="X-ATT-Transaction-Id">
				<simple>${bean:commonUtil?method=getAsArrayList($simple{in.header.TrackingId})}
				</simple>
			</setHeader>
			<to uri="bean:camelInterceptor?method=invokepreInterceptorChain" />
		</route>

		<route id="mdmAuthToken">
			<from uri="direct:mdmAuthToken" />
			<setHeader headerName="Exchange.HTTP_URI">
				<simple>${in.header.IBMAuthURL}</simple>
			</setHeader>
			<setHeader headerName="CamelHttpMethod">
				<constant>POST</constant>
			</setHeader>
			<setHeader headerName="Content-Type">
				<constant>application/json</constant>
			</setHeader>
			<setHeader headerName="Accept">
				<constant>application/json</constant>
			</setHeader>
			<enrich>
				<simple>velocity:vm/authmdm.vm</simple>
			</enrich>
			<setBody>
				<simple>${body}</simple>
			</setBody>
			<!-- <log message="IBM Auth Token request :: - ${body}" /> -->
			<choice>
				<when>
					<simple>"{{use.proxy}}" != 'Y'</simple>
					<to uri="http4://headeruri?throwExceptionOnFailure=false" />
				</when>
				<otherwise>
					<to
						uri="http4://headeruri?throwExceptionOnFailure=false&amp;proxyAuthHost={{proxy.auth.host}}&amp;proxyAuthPort={{proxy.auth.port}}" />
				</otherwise>
			</choice>
			<choice>
				<when>
					<simple>${header.CamelHttpResponseCode} != 200</simple>
					<to uri="bean:errorHandler?method=handleError" />
				</when>
				<otherwise>
					<unmarshal ref="authResponseJson" />
					<to uri="bean:responseMdmProcessor?method=handleResponse" />
				</otherwise>
			</choice>
			<onException>
				<exception>java.lang.Exception</exception>
				<to uri="bean:errorHandler?method=handleError" />
			</onException>
		</route>


		<route id="startup-route-csisendsms">
			<from uri="direct:csi-sendsms-route" />
			<to uri="bean:csiSendSmsRequest?method=executeSendSms" />
			<removeHeaders pattern="CamelHttp*" /> 
			<setHeader headerName="Exchange.HTTP_URI">
				<simple>${bean:propertiesUtil?method=getProperty(csi.send.sms.url)}
				</simple>
			</setHeader>
			<setHeader headerName="CamelHttpMethod">
			  <constant>POST</constant>
		    </setHeader>
		    <setHeader headerName="Accept">
			  <constant>application/json</constant>
		    </setHeader>
			<enrich>
				<simple>velocity:vm/csisendsms.vm</simple>
			</enrich>
			<setBody>
				<simple>${body}</simple>
			</setBody>
		    <!-- <log message="Headers in csi-sendsms-route ${headers}"/>  -->
		    <log message="payLoad in csi-sendsms-route: \n ${body}"/> 
			<choice>
			      <when>
				      <simple>"{{use.proxy}}" != 'Y'</simple>
					  <to uri="http4://headeruri?throwExceptionOnFailure=false" />
			      </when>
			      <otherwise> 
				       <to uri="http4://headeruri?throwExceptionOnFailure=false&amp;proxyAuthHost={{proxy.auth.host}}&amp;proxyAuthPort={{proxy.auth.port}}" />
			      </otherwise> 		
		    </choice> 
		    <convertBodyTo type="java.lang.String" />
			<to uri="bean:csiSendSmsResponse?method=handleSendSms" />
			
			<onException>
				<exception>java.lang.Exception</exception>
				<to uri="bean:errorHandler?method=handleError" />
			</onException>
		</route>



		<route id="startup-route-updateSubProfile">
			<from uri="direct:csi-updateSubProfile-route" />
			<to uri="bean:updateSubsriberProfileRequest?method=execute" />
			<removeHeaders pattern="CamelHttp*" />
			<setHeader headerName="Exchange.HTTP_URI">
				<simple>${bean:propertiesUtil?method=getProperty(csi.update.subscriber.profile.url)}
				</simple>
			</setHeader>
			<setHeader headerName="CamelHttpMethod">
			  <constant>POST</constant>
		    </setHeader>
		    <setHeader headerName="Accept">
			  <constant>application/json</constant>
		    </setHeader>
			<enrich>
				<simple>velocity:vm/updatesubsriberprofile.vm</simple>
			</enrich>
			<setBody>
				<simple>${body}</simple>
			</setBody>
			<!-- <log message="Headers in csi-updateSubProfile-route ${headers}"/>  -->
		    <log message="payLoad in csi-updateSubProfile-route: \n ${body}"/> 
			<choice>
			      <when>
				      <simple>"{{use.proxy}}" != 'Y'</simple>
					  <to uri="http4://headeruri?throwExceptionOnFailure=false" />
			      </when>
			      <otherwise> 
				       <to uri="http4://headeruri?throwExceptionOnFailure=false&amp;proxyAuthHost={{proxy.auth.host}}&amp;proxyAuthPort={{proxy.auth.port}}" />
			      </otherwise> 		
		    </choice> 
		     <convertBodyTo type="java.lang.String" />
			 <to uri="bean:updateSubsriberProfileResponse?method=updateSubProfileResponse" />
				
			<onException>
				<exception>java.lang.Exception</exception>
				<to uri="bean:errorHandler?method=handleError" />
			</onException>
		</route>
		
		<route id="startup-route-enroll-updateSubProfile">
			<from uri="direct:csi-enroll-updateSubProfile-route" />
			<to uri="bean:updateSubsriberProfileRequest?method=executeAddSoc" />
			<removeHeaders pattern="CamelHttp*" />
			<setHeader headerName="Exchange.HTTP_URI">
				<simple>${bean:propertiesUtil?method=getProperty(csi.update.subscriber.profile.url)}
				</simple>
			</setHeader>
			<setHeader headerName="CamelHttpMethod">
			  <constant>POST</constant>
		    </setHeader>
		    <setHeader headerName="Accept">
			  <constant>application/json</constant>
		    </setHeader>
			<enrich>
				<simple>velocity:vm/updatesubsriberprofile.vm</simple>
			</enrich>
			<setBody>
				<simple>${body}</simple>
			</setBody>
			<!-- <log message="Headers in csi-updateSubProfile-route ${headers}"/>  -->
		    <log message="payLoad in csi-updateSubProfile-route: \n ${body}"/> 
			<choice>
			      <when>
				      <simple>"{{use.proxy}}" != 'Y'</simple>
					  <to uri="http4://headeruri?throwExceptionOnFailure=false" />
			      </when>
			      <otherwise> 
				       <to uri="http4://headeruri?throwExceptionOnFailure=false&amp;proxyAuthHost={{proxy.auth.host}}&amp;proxyAuthPort={{proxy.auth.port}}" />
			      </otherwise> 		
		    </choice> 
		     <convertBodyTo type="java.lang.String" />
			 <to uri="bean:updateSubsriberProfileResponse?method=updateSubProfileResponse" />
				
			<onException>
				<exception>java.lang.Exception</exception>
				<to uri="bean:errorHandler?method=handleError" />
			</onException>
		</route>		

		<route id="csiManageDeviceDetailsRoute">
			<from uri="direct:csiManageDeviceDetailsRoute" />
			<to uri="bean:csiManageDeviceDetailsProcessor?method=execute" />
			<removeHeaders pattern="CamelHttp*" />
			<setHeader headerName="Exchange.HTTP_URI">
				<simple>${bean:propertiesUtil?method=getProperty(csi.manage.device.detail.url)}
				</simple>
			</setHeader>
			<setHeader headerName="CamelHttpMethod">
			  <constant>POST</constant>
		    </setHeader>
		    <setHeader headerName="Accept">
			  <constant>application/json</constant>
		    </setHeader>
		    <enrich>
				<simple>velocity:vm/csiManageDeviceDetails.vm</simple>
			</enrich>
			<setBody>
				<simple>${body}</simple>
			</setBody>
			<!-- <log message="Headers in csiManageDeviceDetailsRoute ${headers}"/>  -->
		    <log message="payLoad in csiManageDeviceDetailsRoute: \n ${body}"/>
			<choice>
			      <when>
				      <simple>"{{use.proxy}}" != 'Y'</simple>
					  <to uri="http4://headeruri?throwExceptionOnFailure=false" />
			      </when>
			      <otherwise> 
				       <to uri="http4://headeruri?throwExceptionOnFailure=false&amp;proxyAuthHost={{proxy.auth.host}}&amp;proxyAuthPort={{proxy.auth.port}}" />
			      </otherwise> 		
		    </choice>
		    <convertBodyTo type="java.lang.String" />
			<to uri="bean:csiManageDeviceDetailsProcessor?method=handleCsiManageDeviceDetailResponse" />
			<onException>
				<exception>java.lang.Exception</exception>
				<to uri="bean:errorHandler?method=handleError" />
			</onException>
		</route>


		<route id="csiInquireDeviceDetailsRoute">
			<from uri="direct:csiInquireDeviceDetailsRoute" />
			<to uri="bean:csiInquireDeviceDetailsProcessor?method=execute" />
			<removeHeaders pattern="CamelHttp*" />
			<setHeader headerName="Exchange.HTTP_URI">
				<simple>${bean:propertiesUtil?method=getProperty(csi.inquire.device.detail.url)}
				</simple>
			</setHeader>
			<setHeader headerName="CamelHttpMethod">
			  <constant>POST</constant>
		    </setHeader>
		    <setHeader headerName="Accept">
			  <constant>application/json</constant>
		    </setHeader>
			<enrich>
				<simple>velocity:vm/csiInquireDeviceDetails.vm</simple>
			</enrich>
			<setBody>
				<simple>${body}</simple>
			</setBody>
			<!-- <log message="Headers in csiInquireDeviceDetailsRoute ${headers}"/>  -->
		    <log message="payLoad in csiInquireDeviceDetailsRoute ${body}"/>
			<choice>
			      <when>
				      <simple>"{{use.proxy}}" != 'Y'</simple>
					  <to uri="http4://headeruri?throwExceptionOnFailure=false" />
			      </when>
			      <otherwise> 
				       <to uri="http4://headeruri?throwExceptionOnFailure=false&amp;proxyAuthHost={{proxy.auth.host}}&amp;proxyAuthPort={{proxy.auth.port}}" />
			      </otherwise> 		
		    </choice>
			<convertBodyTo type="java.lang.String" />
			<to	uri="bean:csiInquireDeviceDetailsProcessor?method=handleCsiInquireDeviceDetailResponse" />
			<onException>
				<exception>java.lang.Exception</exception>
				<to uri="bean:errorHandler?method=handleError" />
			</onException>
		</route>

		<route id="csiManageDeviceProfileRoute">
			<from uri="direct:csiManageDeviceProfileRoute" />
			<removeHeaders pattern="CamelHttp*" />    
			<setHeader headerName="Exchange.HTTP_URI">
				<simple>${bean:commonUtil?method=getProperty(csi.manage.device.profile.url)}</simple>
			</setHeader>
			<setHeader headerName="CamelHttpMethod">
				<constant>POST</constant>
			</setHeader>
			<setHeader headerName="Accept">
				<constant>application/json</constant>
			</setHeader>
			<enrich>
				<simple>velocity:vm/csiManageDeviceProfile.vm</simple>
			</enrich>
			<setBody>
				<simple>${body}</simple>
			</setBody>
			<!-- <log message="Headers in csiManageDeviceProfileRoute ${headers}"/>  -->
			<log message="payLoad in csiManageDeviceProfileRoute ${body}"/> 
            <choice>
			<when>
				 <simple>"{{use.proxy}}" != 'Y'</simple>
					<to uri="http4://headeruri?throwExceptionOnFailure=false" />
			</when>
			<otherwise> 
				 <to uri="http4://headeruri?throwExceptionOnFailure=false&amp;proxyAuthHost={{proxy.auth.host}}&amp;proxyAuthPort={{proxy.auth.port}}" />
			</otherwise> 		
		</choice> 
		 <convertBodyTo type="java.lang.String" />
		 <to uri="bean:csiManageDeviceProfileResponse?method=handleCdfResponse" />
		<onException>
				<exception>java.lang.Exception</exception>
				<to uri="bean:errorHandler?method=handleError" />
		</onException>
		</route>

	</routeContext>


	<camelContext id="camel-task" xmlns="http://camel.apache.org/schema/spring">
		<routeContextRef ref="commonRoutes" />
	</camelContext>
</beans>