<routes xmlns="http://camel.apache.org/schema/spring">

	<!-- This is the startup route for sign cert micro service -->

	<route id="startup-route-sign">
	<interceptFrom>
		<choice>
			<when>
				<simple>${header.commoncontext} != null</simple>
				<removeHeaders pattern="commoncontext" />
			</when>
		</choice>
		<setHeader headerName="X-ATT-Transaction-Id">
			<simple>${bean:commonUtil?method=getAsArrayList($simple{in.header.TrackingId})}
			</simple>
		</setHeader>
		<to uri="bean:camelInterceptor?method=invokepreInterceptorChain" />
	</interceptFrom>
		<from uri="servlet:/accounts/{billingId}/signcerts?matchOnUriPrefix=true" />
		<setProperty propertyName="AccountPassPhrase">
           			 <simple>${in.header.AccountPassPhrase}</simple>
        </setProperty>		
		<choice>
			<when>
				<simple>${header.CamelHttpMethod} == "POST"</simple>
				<log message="Sign route start" />
				<!-- <to uri="cxfbean:jaxrsServices?providers=jaxrsProviders" /> -->
				<to uri="direct:SignRequestRoute" />
				<to uri="direct:SignResponseRoute" />
				<log message="sign route end" />
			</when>
		</choice>
	</route>
	<route id="SignRequestRoute">
		<from uri="direct:SignRequestRoute" />
		<convertBodyTo type="java.lang.String" />
		<to uri="bean:signRequestProcessor?method=process" />
		<setHeader headerName="AccountPassPhrase">
			<simple>${exchangeProperty.AccountPassPhrase}</simple>
		</setHeader>				
		<to uri="bean:mdmAuthToken?method=getAuthToken" />
		<onException>
			<exception>java.lang.Exception</exception>  	
			<to uri="bean:errorHandler?method=handleError"/> 
             <handled><constant>true</constant></handled>
		</onException>
	</route>
	<route id="SignResponseRoute">
		<from uri="direct:SignResponseRoute" /> 		     
		<setHeader headerName="Exchange.HTTP_URI">
			<simple>${in.header.IBMUrl}</simple>
		</setHeader>
		<setHeader headerName="Authorization">
			<simple>MaaS token="${in.header.authToken}"</simple>
		</setHeader>
		<setHeader headerName="CamelHttpMethod">
			<constant>POST</constant>
		</setHeader>
		<setHeader headerName="Content-Type">
			<constant>multipart/form-data</constant>
		</setHeader>
		<to uri="bean:commonUtil?method=logMAP('Headers to IBM SignCert Endpoint', ${headers})" />
         <choice>
			<when>
				<simple>"{{use.proxy}}" != 'Y'</simple>
					<to uri="http4://headeruri?httpClient.socketTimeout={{ibm.timeout}}&amp;throwExceptionOnFailure=false" />
			</when>
			<otherwise> 
				<to uri="http4://headeruri?httpClient.socketTimeout={{ibm.timeout}}&amp;throwExceptionOnFailure=false&amp;proxyAuthHost={{proxy.auth.host}}&amp;proxyAuthPort={{proxy.auth.port}}" />
			</otherwise> 		
		</choice> 
		<choice> 
		   <when> 
		        <simple>${header.CamelHttpResponseCode} != 200</simple> 
				<to uri="bean:errorHandler?method=handleError"/> 
		</when> 
		   <otherwise>
				<to uri="bean:signCertResponseProcessor?method=handleResponse" />
		</otherwise> 
		</choice>
		<onException>
			<exception>java.lang.Exception</exception>
			<log message="Exception Message: ${exception.message} . retry attempts: {{retry.max.attempt}}" />
			<onWhen>
				<simple> ${exception.message} contains '502' or ${exception.message} contains 'Connection refused'</simple>
			</onWhen>
			<redeliveryPolicy maximumRedeliveries="{{retry.max.attempt}}" delay="{{retry.delay}}"/>
			<continued>
				<constant>true</constant>
			</continued>
		</onException>
		<onException>
			<exception>java.lang.Exception</exception>  	
			<to uri="bean:errorHandler?method=handleError"/> 
             <handled><constant>true</constant></handled>
		</onException>
	</route>
</routes>

