<routes xmlns="http://camel.apache.org/schema/spring">

	<!-- This is the startup route for the UploadCert microservice -->
	<route id="startup-route-upload">
		<interceptFrom>
			<choice>
				<when>
					<simple>${header.commoncontext} != null</simple>
					<removeHeaders pattern="commoncontext" />
				</when>
			</choice>
			<setHeader headerName="X-ATT-Transaction-Id">
				<simple>${bean:commonUtil?method=getAsArrayList($simple{in.header.TrackingId})}
				</simple>
			</setHeader>
			<to uri="bean:camelInterceptor?method=invokepreInterceptorChain" />
		</interceptFrom>
		<from uri="servlet:/accounts/{billingId}/uploadcerts?matchOnUriPrefix=true" />		
		<setProperty propertyName="AccountPassPhrase">
           			 <simple>${in.header.AccountPassPhrase}</simple>
        </setProperty>			
		<choice>
			<when>
				<simple>${header.CamelHttpMethod} == "POST"</simple>
				<log message="Upload route start" />				
				<to uri="direct:UploadRequestRoute" />
				<to uri="direct:UploadResponseRoute" />
				<log message="upload route end" />
			</when>
		</choice>
	</route>
	
	<!-- This route validates the incoming request and prepares the headers and post body to be submitted to mdm -->
	<route id="UplaodRequestRoute">
		<from uri="direct:UploadRequestRoute" />
        <convertBodyTo type="java.lang.String" />
        <log message="${body}" />			
		<to uri="bean:uploadRequestProcessor?method=process" />
		<setHeader headerName="AccountPassPhrase">
			<simple>${exchangeProperty.AccountPassPhrase}</simple>
		</setHeader>		
		<to uri="bean:mdmAuthToken?method=getAuthToken" />
		<onException>
			<exception>java.lang.Exception</exception>  	
			<to uri="bean:errorHandler?method=handleError"/> 
             <handled><constant>true</constant></handled>
		</onException>
	</route>
	
	<!-- This  route posts the request to mdm vendor and handles the response -->
	<route id="UploadResponseRoute">
		<from uri="direct:UploadResponseRoute" /> 		     
		<setHeader headerName="Exchange.HTTP_URI">
			<simple>${in.header.IBMUrl}</simple>
		</setHeader>
		
		<setHeader headerName="Authorization">
			<simple>MaaS token="${in.header.authToken}"</simple>
		</setHeader>
	
		<setHeader headerName="CamelHttpMethod">
			<constant>POST</constant>
		</setHeader>		
		<setHeader headerName="Accept">
			<constant>application/json</constant>
		</setHeader>
		<setHeader headerName="Exchange.CONTENT_TYPE">
			<constant>multipart/form-data</constant>
		</setHeader>				
		<!-- <log message="UploadResponseRoute: ${headers}" /> -->
		<to uri="bean:commonUtil?method=logMAP('Headers to IBM UploadCert Endpoint', ${headers})" />
		<log message="UploadResponseRoute: ${body}" />
         <choice>
			<when>
				<simple>"{{use.proxy}}" != 'Y'</simple>
					<to uri="http4://headeruri?httpClient.socketTimeout={{ibm.timeout}}&amp;throwExceptionOnFailure=false" />
			</when>
			<otherwise> 
				<to uri="http4://headeruri?httpClient.socketTimeout={{ibm.timeout}}&amp;throwExceptionOnFailure=false&amp;proxyAuthHost={{proxy.auth.host}}&amp;proxyAuthPort={{proxy.auth.port}}" />
			</otherwise> 		
		</choice> 	
		<choice> 
		   <when> 
		        <simple>${header.CamelHttpResponseCode} != 200</simple> 
		        <to uri="bean:errorHandler?method=handleError"/>
		</when> 
		   <otherwise> 
				<to uri="bean:uploadCertResponseProcessor?method=handleUploadResponse" />
		</otherwise> 
		</choice>
		<onException>
			<exception>java.lang.Exception</exception>
			<log message="Exception Message: ${exception.message} . retry attempts: {{retry.max.attempt}}" />
			<onWhen>
				<simple> ${exception.message} contains '502' or ${exception.message} contains 'Connection refused'</simple>
			</onWhen>
			<redeliveryPolicy maximumRedeliveries="{{retry.max.attempt}}" delay="{{retry.delay}}"/>
			<continued>
				<constant>true</constant>
			</continued>
		</onException>
		<onException>
			<exception>java.lang.Exception</exception>  	
			<to uri="bean:errorHandler?method=handleError"/> 
             <handled><constant>true</constant></handled>
		</onException>
	</route>
</routes>

