<routes xmlns="http://camel.apache.org/schema/spring">


	<route id="startup-route-deenroll">
		<!-- <interceptFrom>
			<choice>
				<when>
					<simple>${header.commoncontext} != null</simple>
					<removeHeaders pattern="commoncontext" />
				</when>
			</choice>
			<setHeader headerName="X-ATT-Transaction-Id">
				<simple>${bean:commonUtil?method=getAsArrayList($simple{in.header.TrackingId})}
				</simple>
			</setHeader>
			<to uri="bean:camelInterceptor?method=invokepreInterceptorChain" />
		</interceptFrom> -->
		<from uri="servlet:/devices/deenroll?matchOnUriPrefix=true" />
		<setProperty propertyName="AccountPassPhrase">
			<simple>${in.header.AccountPassPhrase}</simple>
		</setProperty>
		<to uri="direct:DeenrollRequestRoute" />
		<to uri="direct:DeenrollResponseRoute" />
	</route>


	<route id="DeenrollRequestRoute">
		<from uri="direct:DeenrollRequestRoute" />
		<convertBodyTo type="java.lang.String" />
		<to uri="bean:deviceDeEnrollRequestProcessor?method=process" />
		<setHeader headerName="AccountPassPhrase">
			<simple>${exchangeProperty.AccountPassPhrase}</simple>
		</setHeader>
		<to uri="bean:mdmAuthToken?method=getAuthToken" />
		<onException>
			<exception>java.lang.Exception</exception>
			<to uri="bean:errorHandler?method=handleError" />
			<handled>
				<constant>true</constant>
			</handled>
		</onException>
	</route>



	<route id="DeenrollResponseRoute">
		<from uri="direct:DeenrollResponseRoute" />
		<setHeader headerName="Exchange.HTTP_URI">
			<simple>${in.header.IBMUrl}</simple>
		</setHeader>
		<setHeader headerName="CamelHttpMethod">
			<constant>POST</constant>
		</setHeader>
		<setHeader headerName="Exchange.CONTENT_TYPE">
			<constant>application/x-www-form-urlencoded</constant>
		</setHeader>
		<setHeader headerName="Accept">
			<simple>application/json</simple>
		</setHeader>
		<setHeader headerName="Authorization">
			<simple>MaaS token="${in.header.authToken}"</simple>
		</setHeader>

		<split parallelProcessing="false" strategyRef="joinReplyAggregationStrategy">
			<simple>${in.header.deviceList}</simple>
			<to uri="bean:deviceDeEnrollRequestProcessor?method=split" />
			<enrich>
				<simple>velocity:vm/deviceDeEnroll.vm</simple>
			</enrich>
			<setBody>
				<simple>${body}</simple>
			</setBody>
			<to uri="http4://headeruri?httpClient.socketTimeout={{ibm.timeout}}&amp;throwExceptionOnFailure=false" />
         <!-- <choice>
			<when>
				<simple>"{{use.proxy}}" != 'Y'</simple>
					<to uri="http4://headeruri?httpClient.socketTimeout={{ibm.timeout}}&amp;throwExceptionOnFailure=false" />
			</when>
			<otherwise> 
				<to uri="http4://headeruri?httpClient.socketTimeout={{ibm.timeout}}&amp;throwExceptionOnFailure=false&amp;proxyAuthHost={{proxy.auth.host}}&amp;proxyAuthPort={{proxy.auth.port}}" />
			</otherwise> 		
		</choice>  -->
			<choice>
				<when>
					<simple>${header.CamelHttpResponseCode} == 200 or ${header.CamelHttpResponseCode} == 202</simple>
					<to uri="bean:deviceDeEnrollResponseProcessor?method=handleResponse" />
				</when>
				<when>
					 <simple>${header.CamelHttpResponseCode} == 204</simple>
					 <to uri="bean:deviceDeEnrollResponseProcessor?method=handleNoContentResponse" />
				</when>
				<otherwise>
					<to uri="bean:errorHandler?method=handleError" />
				</otherwise>
			</choice>

		</split>
		<onException>
			<exception>java.lang.Exception</exception>
			<log message="Exception Message: ${exception.message} . retry attempts: {{retry.max.attempt}}" />
			<onWhen>
				<simple> ${exception.message} contains '502' or ${exception.message} contains 'Connection refused'</simple>
			</onWhen>
			<redeliveryPolicy maximumRedeliveries="{{retry.max.attempt}}" delay="{{retry.delay}}"/>
			<continued>
				<constant>true</constant>
			</continued>
		</onException>
		<onException>
			<exception>java.lang.Exception</exception>
			<to uri="bean:errorHandler?method=handleError" />
			<handled>
				<constant>true</constant>
			</handled>
		</onException>
	</route>
</routes>