<routes xmlns="http://camel.apache.org/schema/spring">

	<!-- This is the start up route for the Enroll Device APIGateway micro service -->
	<route id="startup-route-enrollDevice">
		<!-- <interceptFrom>
			<choice>
				<when>
					<simple>${header.commoncontext} != null</simple>
					<removeHeaders pattern="commoncontext" />
				</when>
			</choice>
			<setHeader headerName="X-ATT-Transaction-Id">
				<simple>${bean:commonUtil?method=getAsArrayList($simple{in.header.TrackingId})}
				</simple>
			</setHeader>
			<to uri="bean:camelInterceptor?method=invokepreInterceptorChain" />
		</interceptFrom> -->
		<from uri="servlet:devices/enroll?matchOnUriPrefix=true" />
		<setProperty propertyName="AccountPassPhrase">
			<simple>${in.header.AccountPassPhrase}</simple>
		</setProperty>
		<to uri="direct:enrollDeviceReq" />
		<to uri="direct:enrollDeviceResp" />
	</route>

	<route id="enrollDeviceReq">
		<from uri="direct:enrollDeviceReq" />
		<setHeader headerName="CamelHttpMethod">
			<constant>POST</constant>
		</setHeader>
		<setHeader headerName="Exchange.CONTENT_TYPE">
			<simple>application/json</simple>
		</setHeader>
		<setHeader headerName="Accept">
			<simple>application/json</simple>
		</setHeader>
		<convertBodyTo type="java.lang.String" />
		<to uri="bean:enrollDeviceRequest?method=process" />
		<setHeader headerName="AccountPassPhrase">
			<simple>${exchangeProperty.AccountPassPhrase}</simple>
		</setHeader>
		<to uri="bean:mdmAuthToken?method=getAuthToken" />
		<onException>
			<exception>java.lang.Exception</exception>
			<to uri="bean:errorHandler?method=handleError" />
			<handled>
				<constant>true</constant>
			</handled>
		</onException>
	</route>

	<route id="enrollDeviceResp" streamCache="true">
		<from uri="direct:enrollDeviceResp" />
		<setHeader headerName="Exchange.HTTP_URI">
			<simple>${in.header.IBMEnrollDeviceUrl}</simple>
		</setHeader>
		<setHeader headerName="Authorization">
			<simple>MaaS token="${in.header.authToken}"</simple>
		</setHeader>
		<setHeader headerName="CamelHttpMethod">
			<constant>POST</constant>
		</setHeader>
		<setHeader headerName="Exchange.CONTENT_TYPE">
			<simple>application/x-www-form-urlencoded</simple>
		</setHeader>
		<setHeader headerName="Accept">
			<simple>application/json</simple>
		</setHeader>
		<split parallelProcessing="true" strategyRef="joinReplyAggregationStrategy">
			<simple>${in.header.enrollmentList}</simple>
			<to uri="bean:enrollDeviceRequest?method=split" />
			<enrich>
				<simple>velocity:vm/deviceEnrollment.vm</simple>
			</enrich>
			<setBody>
				<simple>${body}</simple>
			</setBody>
			<log message="Calling Enroll Device with payload: ${body}" />
			<to uri="http4://headeruri?httpClient.socketTimeout={{ibm.timeout}}&amp;throwExceptionOnFailure=false" />
        <!--  <choice>
			<when>
				<simple>"{{use.proxy}}" != 'Y'</simple>
					<to uri="http4://headeruri?httpClient.socketTimeout={{ibm.timeout}}&amp;throwExceptionOnFailure=false" />
			</when>
			<otherwise> 
				<to uri="http4://headeruri?httpClient.socketTimeout={{ibm.timeout}}&amp;throwExceptionOnFailure=false&amp;proxyAuthHost={{proxy.auth.host}}&amp;proxyAuthPort={{proxy.auth.port}}" />
			</otherwise> 		
		</choice>  -->
			<log message="Response after Enroll Device : ${body}" />
			<choice>
				<when>
					<simple>${header.CamelHttpResponseCode} == 200</simple>
					<convertBodyTo type="java.lang.String" />
					<setProperty propertyName="responseBody">
						<simple>${body}</simple>
					</setProperty>
					<unmarshal ref="enrollDeviceResponseJson" />
					<to uri="bean:enrollDeviceResponse?method=handleResponse" />
				</when>
			</choice>
		</split>
		<onException>
			<exception>java.lang.Exception</exception>
			<log message="Exception Message: ${exception.message} . retry attempts: {{retry.max.attempt}}" />
			<onWhen>
				<simple> ${exception.message} contains '502' or ${exception.message} contains 'Connection refused'</simple>
			</onWhen>
			<redeliveryPolicy maximumRedeliveries="{{retry.max.attempt}}" delay="{{retry.delay}}"/>
			<continued>
				<constant>true</constant>
			</continued>
		</onException>
		<onException>
			<exception>java.lang.Exception</exception>
			<to uri="bean:errorHandler?method=handleError" />
			<handled>
				<constant>true</constant>
			</handled>
		</onException>
	</route>
</routes>
