<routes xmlns="http://camel.apache.org/schema/spring">
	<!-- This is the satrtup route for the APIGateway microservice -->

	<route id="startup-route-history">
		<interceptFrom>
			<choice>
				<when>
					<simple>${header.commoncontext} != null</simple>
					<removeHeaders pattern="commoncontext" />
				</when>
			</choice>
			<setHeader headerName="X-ATT-Transaction-Id">
				<simple>${bean:commonUtil?method=getAsArrayList($simple{in.header.TrackingId})}
			</simple>
			</setHeader>
		<to uri="bean:camelInterceptor?method=invokepreInterceptorChain" />
		</interceptFrom>
		<from uri="servlet:/devices/history?matchOnUriPrefix=true" />
		<setProperty propertyName="AccountPassPhrase">
           	<simple>${in.header.AccountPassPhrase}</simple>
       	</setProperty>
		<to uri="cxfbean:jaxrsServices?providers=jaxrsProviders" /> 		
		<to uri="direct:HistoryRequestRoute" />
		<to uri="direct:HistoryResponseRoute" />
	</route>
	<route id="HistoryRequestRoute">
		<from uri="direct:HistoryRequestRoute" />
		<convertBodyTo type="java.lang.String" />
		<to uri="bean:historyRequestProcessor?method=process" />
		<setHeader headerName="AccountPassPhrase">
			<simple>${exchangeProperty.AccountPassPhrase}</simple>
		</setHeader>
		<to uri="bean:mdmAuthToken?method=getAuthToken" />
		<onException>
			<exception>java.lang.Exception</exception>  	
			<to uri="bean:errorHandler?method=handleError"/> 
             <handled><constant>true</constant></handled>
		</onException>
	</route>
	
	<route id="HistoryResponseRoute">
		<from uri="direct:HistoryResponseRoute" /> 		     
		<setHeader headerName="Exchange.HTTP_URI">
			<simple>${in.header.IBMUrl}</simple>
		</setHeader>
		
		<setHeader headerName="Authorization">
			<simple>MaaS token="${in.header.authToken}"</simple>
		</setHeader>
	
		<setHeader headerName="CamelHttpMethod">
			<constant>GET</constant>
		</setHeader>
	
		<setHeader headerName="Content-Type">
			<constant>application/json</constant>
		</setHeader>
		<setHeader headerName="Accept">
			<constant>application/json</constant>
		</setHeader>
	
		<setBody>
			<simple>${body}</simple>
		</setBody>
		<to uri="bean:commonUtil?method=logMAP('Headers to IBM ActionHistory Endpoint', ${headers})" />
		<log message="IBM ActionHistory payload : ${body}" />
         <choice>
			<when>
				<simple>"{{use.proxy}}" != 'Y'</simple>
					<to uri="http4://headeruri?httpClient.socketTimeout={{ibm.timeout}}&amp;throwExceptionOnFailure=false" />
			</when>
			<otherwise> 
				<to uri="http4://headeruri?httpClient.socketTimeout={{ibm.timeout}}&amp;throwExceptionOnFailure=false&amp;proxyAuthHost={{proxy.auth.host}}&amp;proxyAuthPort={{proxy.auth.port}}" />
			</otherwise> 		
		</choice> 
		<choice> 
		   <when> 
		        <simple>${header.CamelHttpResponseCode} != 200</simple> 
		        <to uri="bean:errorHandler?method=handleError"/> 
		</when> 
		   <otherwise> 
				<unmarshal ref="actionStatusResponsesJson" />
				<to uri="bean:historyResponseProcessor?method=handleResponse" />
		</otherwise> 
		</choice>
		<onException>
			<exception>java.lang.Exception</exception>
			<log message="Exception Message: ${exception.message} . retry attempts: {{retry.max.attempt}}" />
			<onWhen>
				<simple> ${exception.message} contains '502' or ${exception.message} contains 'Connection refused'</simple>
			</onWhen>
			<redeliveryPolicy maximumRedeliveries="{{retry.max.attempt}}" delay="{{retry.delay}}"/>
			<continued>
				<constant>true</constant>
			</continued>
		</onException>
		<onException>
			<exception>java.lang.Exception</exception>  	
			<to uri="bean:errorHandler?method=handleError"/> 
             <handled><constant>true</constant></handled>
		</onException>
	</route>
</routes>

