<routes xmlns="http://camel.apache.org/schema/spring">

	<route id="wipeDeviceReq">
		<from uri="direct:wipeDeviceReq" />
		<convertBodyTo type="java.lang.String" />
		<to uri="bean:wipeDeviceReq?method=process" />
		<setHeader headerName="AccountPassPhrase">
			<simple>${exchangeProperty.AccountPassPhrase}</simple>
		</setHeader>
		<to uri="bean:mdmAuthToken?method=getAuthToken" />
		<onException>
			<exception>java.lang.Exception</exception>  
        	<to uri="bean:errorHandler?method=handleError"/> 
            <handled><constant>true</constant></handled>
		</onException>

	</route>

	<!-- This is the satrtup route for the APIGateway microservice -->

	<route id="startup-route-wipe-device">
		<interceptFrom>
			<choice>
				<when>
					<simple>${header.commoncontext} != null</simple>
					<removeHeaders pattern="commoncontext" />
				</when>
			</choice>
			<setHeader headerName="X-ATT-Transaction-Id">
				<simple>${bean:commonUtil?method=getAsArrayList($simple{in.header.TrackingId})}
			</simple>
			</setHeader>
		<to uri="bean:camelInterceptor?method=invokepreInterceptorChain" />
		</interceptFrom>	
		<from uri="servlet:devices/{deviceId}/wipe?matchOnUriPrefix=true" />
		<setProperty propertyName="AccountPassPhrase">
           			 <simple>${in.header.AccountPassPhrase}</simple>
        </setProperty>		
		<to uri="direct:wipeDeviceReq" />
		<to uri="direct:wipeDeviceResp" />
	</route>

	<route id="wipeDeviceResp">
		<from uri="direct:wipeDeviceResp" />
		<setHeader headerName="Exchange.HTTP_URI">
			<simple>${in.header.IBMWipeDeviceFinalURL}</simple>
		</setHeader>
		<setHeader headerName="Authorization">
			<simple>MaaS token="${in.header.authToken}"</simple>
		</setHeader>
		<setHeader headerName="CamelHttpMethod">
			<constant>POST</constant>
		</setHeader>
		<setHeader headerName="Exchange.CONTENT_TYPE">
			<simple>application/x-www-form-urlencoded</simple>
		</setHeader>
		<setHeader headerName="Exchange.CONTENT_ENCODING">
			<constant>UTF-8</constant>
		</setHeader>
		<setHeader headerName="Accept">
			<simple>application/json</simple>
		</setHeader>
		<to uri="bean:commonUtil?method=logMAP('Headers to IBM WipeDevice Endpoint', ${headers})" />
         <choice>
			<when>
				<simple>"{{use.proxy}}" != 'Y'</simple>
					<to uri="http4://headeruri?httpClient.socketTimeout={{ibm.timeout}}&amp;throwExceptionOnFailure=false" />
			</when>
			<otherwise> 
				<to uri="http4://headeruri?httpClient.socketTimeout={{ibm.timeout}}&amp;throwExceptionOnFailure=false&amp;proxyAuthHost={{proxy.auth.host}}&amp;proxyAuthPort={{proxy.auth.port}}" />
			</otherwise> 		
		</choice> 
		<log message = "Got response from IBM. Status code = ${header.CamelHttpResponseCode}"></log>
		<choice> 
			<when>
				<simple>${header.CamelHttpResponseCode} == 200</simple>
				<unmarshal ref="wipeDeviceJson" />
				<to uri="bean:wipeDeviceRes?method=handleResponse" />
			</when>
			<when>
				<simple>${header.CamelHttpResponseCode} == 204</simple>
				<to uri="bean:wipeDeviceRes?method=handleNoContentResponse" />
			</when>
			<otherwise>
				<to uri="bean:errorHandler?method=handleError"/> 
			</otherwise>
		</choice> 
		<onException>
			<exception>java.lang.Exception</exception>
			<log message="Exception Message: ${exception.message} . retry attempts: {{retry.max.attempt}}" />
			<onWhen>
				<simple> ${exception.message} contains '502' or ${exception.message} contains 'Connection refused'</simple>
			</onWhen>
			<redeliveryPolicy maximumRedeliveries="{{retry.max.attempt}}" delay="{{retry.delay}}"/>
			<continued>
				<constant>true</constant>
			</continued>
		</onException>
		<onException>
			<exception>java.lang.Exception</exception>  
        	<to uri="bean:errorHandler?method=handleError"/> 
            <handled><constant>true</constant></handled>
		</onException>
	</route>
</routes>
 
