<?xml version="1.0" encoding="UTF-8"?>
<jcr:root xmlns:cq="http://www.day.com/jcr/cq/1.0" xmlns:jcr="http://www.jcp.org/jcr/1.0"
    jcr:primaryType="cq:Dialog"
    activeTab="0"
    helpPath="en/cq/current/wcm/default_components.html#Text Image"
    xtype="dialog"
	width="840"
    fileUpload="true">
    <items jcr:primaryType="cq:Widget" xtype="tabpanel">
    <items jcr:primaryType="cq:WidgetCollection">
        <tab1
            jcr:primaryType="cq:Widget"
            anchor="100%"
            title="Contents"
            xtype="panel">
            <items jcr:primaryType="cq:WidgetCollection">
                <title
                    jcr:primaryType="cq:Widget"
                    fieldLabel="Link List Title"
                    name="./headline"
                    xtype="textfield"/>
			    <showborder
                        jcr:primaryType="cq:Widget"
                        fieldLabel="Display box borders"
                        name="./showborder"
                        type="checkbox"
                        xtype="selection"/>
				<linkalignment
                    jcr:primaryType="cq:Widget"
                    allowBlank="false"
                    defaultValue="0"
                    fieldDescription="Select the Link Alignment"
                    fieldLabel="Link Alignment"
                    name="./linkalignment"
                    type="select"
                    xtype="selection">
                    <options jcr:primaryType="cq:WidgetCollection">
                        <vertical
                            jcr:primaryType="nt:unstructured"
                            text="Vertical"
                            value="vertical"/>
                        <horizontal
                            jcr:primaryType="nt:unstructured"
                            text="Horizontal"
                            value="horizontal"/>
                    </options>
                 </linkalignment>
				 <linkseparator
                    jcr:primaryType="cq:Widget"
                    allowBlank="false"
                    defaultValue="0"
                    fieldDescription="Select the Link Separator"
                    fieldLabel="Link Separator"
                    name="./linkseparator"
                    type="select"
                    xtype="selection">
                    <options jcr:primaryType="cq:WidgetCollection">
                        <arrowimage
                            jcr:primaryType="nt:unstructured"
                            text="Arrow Image"
                            value="arrowRt"/>
                        <pipe
                            jcr:primaryType="nt:unstructured"
                            text="Pipe"
                            value="pipeRt"/>
                    </options>
                 </linkseparator>
				 <fontSize
                    jcr:primaryType="cq:Widget"
                    allowBlank="true"
                    defaultValue="0"
                    fieldDescription="Select a font size"
                    fieldLabel="Font Size"
                    name="./fontsize"
                    type="select"
                    xtype="selection">
                    <options jcr:primaryType="cq:WidgetCollection">
                        <default-13px
                            jcr:primaryType="nt:unstructured"
                            text="default-13px"
                            value=""/>
                        <small-11px
                            jcr:primaryType="nt:unstructured"
                            text="11px"
                            value="11px"/>
						<small-12px
                            jcr:primaryType="nt:unstructured"
                            text="12px"
                            value="12px"/>
                    </options>
                 </fontSize>
                <links
                    jcr:primaryType="cq:Widget"
                    fieldLabel="Links"
                    fieldSubLabel="(Link Title, Link URL)"
                    name="./linklist"
                    title="Links"
                    xtype="multifieldmultifield">
                     <fieldConfig jcr:primaryType="cq:WidgetCollection">
                         <field1
                             jcr:primaryType="cq:Widget"
                             fieldLabel="Link Text"
                             name="linkText"
                             xtype="textfield"
							 width="240"
                             allowBlank="false" />
                         <field2
                             jcr:primaryType="cq:Widget"
                             fieldLabel="Link Url"
                             name="linkUrl"
                             xtype="pathfield"
 							 width="235"
                             allowBlank="false" />
						 <field3
                                jcr:primaryType="cq:Widget"
                                allowBlank="false"
                                defaultValue="0"
                                fieldDescription="Select the target for this action"
                                fieldLabel="Target"
                                name="./linkTarget"
                                type="select"
                                width="100"
                                xtype="selection">
                                <options jcr:primaryType="cq:WidgetCollection">
                                    <newwindow
                                        jcr:primaryType="nt:unstructured"
                                        text="New Window"
                                        value="_blank"/>
                                    <samewindow
                                        jcr:primaryType="nt:unstructured"
                                        text="Same Window"
                                        value="_self"/>
                                </options>
                        </field3>
                     </fieldConfig>
                 </links>
            </items>
        </tab1>
    </items>
    </items>
</jcr:root>
