<?xml version="1.0" encoding="UTF-8"?>
<jcr:root xmlns:cq="http://www.day.com/jcr/cq/1.0" xmlns:jcr="http://www.jcp.org/jcr/1.0" xmlns:nt="http://www.jcp.org/jcr/nt/1.0"
    jcr:primaryType="cq:Dialog"
    activeTab="0"
    xtype="dialog">
    <items jcr:primaryType="cq:TabPanel">
        <items jcr:primaryType="cq:WidgetCollection">
            <tab1
                jcr:primaryType="cq:Panel"
                title="New Customer General">
                <items jcr:primaryType="cq:WidgetCollection">
                    <pageheading
                        jcr:primaryType="cq:Widget"
                        fieldDescription="eg:  Set up your U-verse with GigaPower"
                        fieldLabel="Page Heading"
                        defaultValue="Set up your U-verse with GigaPower"
                        name="./pageHeading"
                        xtype="textfield"/>
                    <headingcontent
                        jcr:primaryType="cq:Widget"
                        fieldDescription="eg: Quickly pick and personalize your U-verse with GigaPower service. Additional options are available by logging in to your account after installation."
                        fieldLabel="Heading Content"
                        defaultValue="Quickly pick and personalize your U-verse with GigaPower service. Additional options are available by logging in to your account after installation."
                        name="./headingContent"
                        xtype="textfield"/>
                        <whattoExpectText
                        jcr:primaryType="cq:Widget"
                        fieldDescription="eg: What to expect at installation"
                        defaultvalue="What to expect at installation"
                        fieldLabel="WhatToExpect Content"
                        name="./whattoexceptContent"
                        xtype="textfield"/>
                    <configSpeedmessage
                        jcr:primaryType="cq:Widget"
                        defaultValue=" "
                        fieldLabel="Message Text"
                        name="./message"
                        xtype="multifieldmultifield">
                        <fieldConfig jcr:primaryType="cq:WidgetCollection">
                            <field1
                                jcr:primaryType="cq:Widget"
                                emptyText="Speed Message Key"
                                fieldLabel="Link Text"
                                name="speedMessageKey"
                                width="100"
                                xtype="textfield"/>
	                       <messageValue
	                            jcr:primaryType="cq:Widget"
								emptyText="Message"
								fieldLabel="Message Text"
		                        name="messageValue"
		                        xtype="richtext">
                        <htmlRules jcr:primaryType="nt:unstructured">
                            	<links
                                jcr:primaryType="nt:unstructured"
                                ensureInternalLinkExt="{Boolean}false"
                                protocols="[http://,https://,mailto:]"/>
                        </htmlRules>
                        <rtePlugins
                            jcr:primaryType="nt:unstructured"
                            path="/apps/att/att-foundation/components/richtext/dialog/items/text/rtePlugins.infinity.json"
                            xtype="cqinclude"/>
                            </messageValue>
                       </fieldConfig>
                    </configSpeedmessage> 
                </items>
            </tab1>
            <tab2
                jcr:primaryType="cq:Panel"
                title="Configure TV Section">
                <items jcr:primaryType="cq:WidgetCollection">
                    <configureheading
                        jcr:primaryType="cq:Widget"
                        fieldDescription="eg:  Configure TV"
                        defaultValue="Configure TV"
                        fieldLabel="ConfigureTV Heading"
                        name="./configureHeading"
                        xtype="textfield"/>
                    <configureheadingcontent
                        jcr:primaryType="cq:Widget"
                        fieldDescription="eg: Select a Plan, any Add-ons, and the number of receivers you may need for each TV that you want."
                        defaultValue="Select a Plan, any Add-ons, and the number of receivers you may need for each TV that you want."
                        fieldLabel="Heading Content"
                        name="./configureHeadingContent"
                        xtype="textfield"/>
                    <pricesNote
                        jcr:primaryType="cq:Widget"
                        fieldDescription="eg: Prices are monthly unless otherwise noted"
                        defaultValue=" Prices are monthly unless otherwise noted"
                        fieldLabel="Prices Note"
                        name="./priceNote"
                        xtype="textfield"/>
               </items>
            </tab2>
            <tab3
                jcr:primaryType="cq:Panel"
                title=" TV plan &amp; channels section">
                <items jcr:primaryType="cq:WidgetCollection">
                    <section1heading
                        jcr:primaryType="cq:Widget"
                        fieldDescription="eg:  TV plan &amp; channels"
                        defaultValue="TV plan &amp; channels"
                        fieldLabel="Section 1 Heading"
                        name="./section1Heading"
                        xtype="textfield"/>
                    <channellineup
                        jcr:primaryType="cq:Widget"
                        fieldDescription="eg:  View Channel lineup"
                        defaultValue="View Channel lineup"
                        fieldLabel="Channel Lineup Text"
                        name="./channelLineupText"
                        xtype="textfield"/>
                    <channellineuplink
                        jcr:primaryType="cq:Widget"
                        fieldDescription="eg:  http://www.att.com/u-verse/shop/channellineupPopup.jsp"
                        defaultValue="http://www.att.com/u-verse/shop/channellineupPopup.jsp"
                        fieldLabel="Channel Lineup Link"
                        name="./channelLineupLink"
                        xtype="textfield"/>
                    <include
                        jcr:primaryType="cq:Widget"
                        fieldDescription="eg:incuded"
                        defaultValue="included"
                        fieldLabel="Tv Plan Text"
                        name="./includedTVPlanText"
                        xtype="textfield"/>
                    <addTextTVPlan
                        jcr:primaryType="cq:Widget"
                        defaultValue="add"
                        fieldDescription="eg: add"
                        fieldLabel="add TextTV Plan"
                        name="./addTextTVPlan"
                        xtype="textfield"/>
                    <subtractText
	                      jcr:primaryType="cq:Widget"
	                      defaultValue="subtract"
	                      fieldDescription="eg: subtract"
	                      fieldLabel="subtract Text"
	                      name="./subtractText"
	                      xtype="textfield"/> 
                     <showmore
                        jcr:primaryType="cq:Widget"
                        fieldDescription="eg:  Show more TV choices"
                        fieldLabel="Show more Link Text"
                        name="./showMoreLinkText"
                        xtype="textfield"/>
                    <motexttvlist
                        jcr:primaryType="cq:Widget"
                        fieldDescription="eg:  /mo."
                        defaultValue=" /mo."
                        fieldLabel="TV List Price per month text"
                        name="./moTextTVList"
                        xtype="textfield"/>
                    <legalText
                        jcr:primaryType="cq:Widget"
                        fieldDescription="eg:  All TV plans include Longhorn Network&amp;trade;&#xa;Note: For &amp;trade; write &amp;trade ; and remove space b/w trade and ;"
                        defaultValue="All TV plans include Longhorn Network"
                        fieldLabel="Legal Text"
                        name="./legalText"
                        xtype="textfield"/>
                   <latinoPackage
                        jcr:primaryType="cq:Widget"
                        fieldDescription="eg:  View Latino package"
                        defaultValue="View Latino package"
                        fieldLabel="Lation Package Text"
                        name="./latinoPackageText"
                        xtype="textfield"/>
                   <viewLatinoPackagesText
                        jcr:primaryType="cq:Widget"
                        defaultValue="View Latino TV packages"
                        fieldDescription="eg: View Latino TV packages"
                        fieldLabel="View Latino TV packages link text"
                        name="./viewLatinoPackagesText"
                        xtype="textfield"/>
                   <hideLatinoPackagesText
                        jcr:primaryType="cq:Widget"
                        defaultValue="Hide Latino TV packages"
                        fieldDescription="eg: Hide Latino TV packages"
                        fieldLabel="Hide Latino TV packages link text"
                        name="./hideLatinoPackagesText"
                        xtype="textfield"/>
                </items>
            </tab3>
            <tab4
                jcr:primaryType="cq:Panel"
                title="HD add-ons section">
                <items jcr:primaryType="cq:WidgetCollection">
                    <section3heading
                        jcr:primaryType="cq:Widget"
                        fieldDescription="eg: HD add-ons"
                        fieldLabel="Section 3 Heading"
                        defaultValue="HD add-ons"
                        name="./section3Heading"
                        xtype="textfield"/>
                    <includedtextHDaddonslist
                        jcr:primaryType="cq:Widget"
                        fieldDescription="eg: included"
                        defaultValue="included"
                        fieldLabel="HD add-On Included Text"
                        name="./includedTextHDAddOn"
                        xtype="textfield"/>
                   <motexthdlist
                        jcr:primaryType="cq:Widget"
                        fieldDescription="eg:  /mo."
                        defaultValue="/mo."
                        fieldLabel="HD List Price per month text"
                        name="./moTextHDAddOnList"
                        xtype="textfield"/>
                   <addtexthdlist
                        jcr:primaryType="cq:Widget"
                        fieldDescription="eg: add"
                        fieldLabel="HD List Add text"
                        name="./addTextHDList"
                        xtype="textfield"/>
                </items>
            </tab4>
     		<tab5
                jcr:primaryType="cq:Panel"
                title="Popular Programming Add-Ons ">
                <items jcr:primaryType="cq:WidgetCollection">
                    <section3heading
                        jcr:primaryType="cq:Widget"
                        fieldDescription="eg: Popular Programming Add-Ons"
                        defaultValue="Popular Programming Add-Ons"
                        fieldLabel="Section 4 Heading"
                        name="./section4Heading"
                        xtype="textfield"/>
                    <includedtextpopulartv
                        jcr:primaryType="cq:Widget"
                        fieldDescription="eg: included"
                        fieldLabel="PopularTV Included Text"
                        defaultValue="included"
                        name="./includedTextPopularTV"
                        xtype="textfield"/>
                    <motextpopulartv
                        jcr:primaryType="cq:Widget"
                        fieldDescription="eg:  /mo."
                        defaultValue="/mo."
                        fieldLabel="Popular TV Price per month text"
                        name="./moTextPopularTV"
                        xtype="textfield"/>
                    <addtextpopulartv
                        jcr:primaryType="cq:Widget"
                        fieldDescription="eg: add"
                        fieldLabel="Popular TV Add text"
                        name="./addTextPopularTV"
                        xtype="textfield"/>
                    <optionallegaltext
                        jcr:primaryType="cq:Widget"
                        fieldDescription="eg: Optional legal disclaimer"
                        defaultValue="Optional legal disclaimer"
                        fieldLabel="Optional Legal DisclaimerText"
                        name="./optionalLegalText"
                        xtype="textfield"/>
                     <openingBracket
                        jcr:primaryType="cq:Widget"
                        fieldDescription="eg: ("
                        defaultValue="("
                        fieldLabel="Opening Bracket"
                        name="./openingBracket"
                        xtype="textfield"/>  
                     <closingBracket
                        jcr:primaryType="cq:Widget"
                        fieldDescription="eg: )"
                        defaultValue=")"
                        fieldLabel="Closing Bracket"
                        name="./closingBracket"
                        xtype="textfield"/>    
                        
                </items>
            </tab5>
            <tab6
                jcr:primaryType="cq:Panel"
                title="&#xa;Number of TVs section">
                <items jcr:primaryType="cq:WidgetCollection">
                    <section4headingpart1
                        jcr:primaryType="cq:Widget"
                        defaultValue="Receivers (Select"
                        fieldDescription="eg:  Receivers (Select"
                        fieldLabel="Section 4 Heading Part 1"
                        name="./section4HeadingPart1"
                        xtype="textfield"/>
                    <section4headingpart2
                        jcr:primaryType="cq:Widget"
                        defaultValue="per TV, up to"
                        fieldDescription="eg:  per TV, up to"
                        fieldLabel="Section 4 Heading Part 2"
                        name="./section4HeadingPart2"
                        xtype="textfield"/>
                    <section4headingpart3
                        jcr:primaryType="cq:Widget"
                        defaultValue=")"
                        fieldDescription="eg:  )"
                        fieldLabel="Section 4 Heading Part 3"
                        name="./section4HeadingPart3"
                        xtype="textfield"/>
                    <section4headingsubsection
                        jcr:primaryType="cq:Widget"
                        defaultValue="Add up to 7 receivers, including 2 wireless receivers, for every TV in your house per account"
                        fieldDescription="eg:  Add up to 7 receivers, including 2 wireless receivers, for every TV in your house per account."
                        fieldLabel="Section Heading subsection"
                        name="./section4headingsubsection"
                        xtype="textfield"/>
                    <receiverLimitMsg
						jcr:primaryType="cq:Widget"
						defaultValue="Your account can have up to 4 receivers, including 2 wireless receivers."
						fieldDescription="eg: Your account can have up to 4 receivers, including 2 wireless receivers."
						fieldLabel="Receiver Limit Message"
						name="./receiverLimitMsg"
						xtype="textfield"/>   
                    <totalhomedvrtext
                        jcr:primaryType="cq:Widget"
                        defaultValue="Total Home DVR"
                        fieldDescription="eg: Total Home DVR"
                        fieldLabel="Total Home DVR Text"
                        name="./totalHomeDvrText"
                        xtype="textfield"/>
                    <includedtextreceiverslist
                        jcr:primaryType="cq:Widget"
                        defaultValue="included"
                        fieldDescription="eg: included"
                        fieldLabel="Receivers List Included Text"
                        name="./includedTextReceiversList"
                        xtype="textfield"/>
                    <addreceiverstext
                        jcr:primaryType="cq:Widget"
                        defaultValue="Add more receivers for just"
                        fieldDescription="eg: Add more receivers for just"
                        fieldLabel="Add More Receivers Text"
                        name="./addReceiversText"
                        xtype="textfield"/>
                    <addtext
                        jcr:primaryType="cq:Widget"
                        defaultValue="add"
                        fieldDescription="eg: add"
                        fieldLabel="add"
                        name="./addtext"
                        xtype="textfield"/>
                    <motextmorereceivers
                        jcr:primaryType="cq:Widget"
                        defaultValue="/mo. each:"
                        fieldDescription="eg:  /mo. each:"
                        fieldLabel="More Receivers Price per month text"
                        name="./moTextMoreReceivers"
                        xtype="textfield"/>
                    <motextreceiverslist
                        jcr:primaryType="cq:Widget"
                        defaultValue=" /mo."
                        fieldDescription="eg: /mo."
                        fieldLabel="Receivers List Price per month text"
                        name="./moTextReceiversList"
                        xtype="textfield"/>
                    <tvvirtualtext
                        jcr:primaryType="cq:Widget"
                        defaultValue="Place a TV virtually anywhere in your home"
                        fieldDescription="eg: Place a TV virtually anywhere in your home"
                        fieldLabel="TV Virtual Text"
                        name="./tvVirtualText"
                        xtype="textfield"/>
                    <tvvirtualpopover
                        jcr:primaryType="cq:Widget"
                        fieldDescription="Note: Use source edit for entering text"
                        fieldLabel="TV Virtual Pop-over content"
                        name="./tvVirtualPopOver"
                        xtype="richtext">
                        <htmlRules jcr:primaryType="nt:unstructured">
                            <links
                                jcr:primaryType="nt:unstructured"
                                ensureInternalLinkExt="{Boolean}false"
                                protocols="[http://,https://,mailto:]"/>
                        </htmlRules>
                        <rtePlugins
                            jcr:primaryType="nt:unstructured"
                            path="/apps/att/att-foundation/components/richtext/dialog/items/text/rtePlugins.infinity.json"
                            xtype="cqinclude"/>
                    </tvvirtualpopover>
                    <noofreceiverstext
                        jcr:primaryType="cq:Widget"
                        defaultValue="Number of TV receivers:"
                        fieldDescription="eg: Number of TV receivers:"
                        fieldLabel="Number of TV Receivers Text"
                        name="./noOfReceiversText"
                        xtype="textfield"/>
                    <onetimetext
                        jcr:primaryType="cq:Widget"
                        defaultValue=" A one-time"
                        fieldDescription="eg: A one-time"
                        fieldLabel="One-time Text"
                        name="./oneTimeText"
                        xtype="textfield"/>
                    <chargetext
                        jcr:primaryType="cq:Widget"
                        defaultValue=" charge"
                        fieldDescription="eg: charge"
                        fieldLabel="Charge Text"
                        name="./chargeText"
                        xtype="textfield"/>
                    <feeapplieseachwr
                        jcr:primaryType="cq:Widget"
                        defaultValue=" fee applies for each Wireless Receiver."
                        fieldDescription="eg: fee applies for each Wireless Receiver."
                        fieldLabel="Fee applies each Wireless Receiver Text"
                        name="./feeAppliesEachWR"
                        xtype="textfield"/>
                    <feeappliessecondwr
                        jcr:primaryType="cq:Widget"
                        defaultValue="fee applies for second Wireless Receiver."
                        fieldDescription="eg: fee applies for second Wireless Receiver."
                        fieldLabel="Fee applies second Wireless Receiver Text"
                        name="./feeAppliesSecondWR"
                        xtype="textfield"/>
                    <imageset1
                    jcr:primaryType="cq:Widget"
                    collapsed="true"
                    collapsible="true"
                    name="./imageSet1"
                    title="Receivers Images"
                    xtype="dialogfieldset">
                    <items jcr:primaryType="cq:WidgetCollection">
                        <checkimage1
                            jcr:primaryType="cq:Widget"
                            defaultValue="{Boolean}true"
                            fieldLabel="Display Image"
                            inputValue="true"
                            name="./checkImage2"
                            type="checkbox"
                            xtype="selection"/>
                       <imagesrc1
                            jcr:primaryType="cq:Widget"
                            fieldDescription="eg:/att/2014/shop/giga-power/receiver-wired-icon.png"
                            fieldLabel="Wired Receiver Image"
                            name="./imageSrc11"
                            xtype="pathfield"/>
                      <imgsrc1alt
                   			 jcr:primaryType="cq:Widget"
                    		 fieldDescription="eg: Wired Image"
                    		 fieldLabel="Wired Image Alt Text"
                    		 name="./imgsrc1alt"
                   		 	 xtype="textfield"/> 
                      <imagesrc2
                            jcr:primaryType="cq:Widget"
                            fieldDescription="eg: /att/2014/shop/giga-power/receiver-wireless-icon.png"
                            fieldLabel="Wireless Receiver Image"
                            name="./imageSrc12"
                            xtype="pathfield"/>
                         <imgsrc2alt
                   			 jcr:primaryType="cq:Widget"
                    		 fieldDescription="eg: Wireless Image"
                    		 fieldLabel="Wireless Image Alt Text"
                    		 name="./imgsrc2alt"
                   		 	 xtype="textfield"/>      
                    </items>
                </imageset1>
                    <wiredreceiver
                        jcr:primaryType="cq:Widget"
                        collapsed="false"
                        collapsible="true"
                        name="./wiredReceiver"
                        title="Wired Receiver"
                        xtype="dialogfieldset">
                        <items jcr:primaryType="cq:WidgetCollection">
                            <wiredreceiverslabel
                                jcr:primaryType="cq:Widget"
                                defaultValue="Additional Wired receivers"
                                fieldDescription="eg:  Additional Wired receivers"
                                fieldLabel="Wired Receivers Label"
                                name="./wiredReceiversLabel"
                                xtype="textfield"/>
                            <eachwiredreceivertext
                                jcr:primaryType="cq:Widget"
                                defaultValue="per receiver"
                                fieldDescription="eg: per receiver"
                                fieldLabel="For each wired receiver text"
                                name="./eachWiredReceiverText"
                                xtype="textfield"/>
                        </items>
                    </wiredreceiver>
                    <wirelessreceiver
                        jcr:primaryType="cq:Widget"
                        collapsed="false"
                        collapsible="true"
                        name="./wirelessReceiver"
                        title="Wireless Receiver"
                        xtype="dialogfieldset">
                        <items jcr:primaryType="cq:WidgetCollection">
                            <wirelessreceiverslabel
                                jcr:primaryType="cq:Widget"
                                defaultValue="Additional Wireless receivers"
                                fieldDescription="eg: Additional Wireless receivers"
                                fieldLabel="Additional Wireless Receivers Label"
                                name="./wirelessReceiversLabel"
                                xtype="textfield"/>
                            <u200wireless
                                jcr:primaryType="cq:Widget"
                                collapsed="false"
                                collapsible="true"
                                name="./u200Wireless"
                                title="TV List : U200 bundle"
                                xtype="dialogfieldset">
                                <items jcr:primaryType="cq:WidgetCollection">
                                    <andtextU200
                                        jcr:primaryType="cq:Widget"
                                        defaultValue="and a"
                                        fieldDescription="eg:  and a"
                                        fieldLabel="And text"
                                        name="./andTextU200"
                                        xtype="textfield"/>
                                    <onetimefeeU200
                                        jcr:primaryType="cq:Widget"
                                        defaultValue="one-time fee"
                                        fieldDescription="eg:  one-time fee"
                                        fieldLabel="One time fee text"
                                        name="./oneTimeFeeU200"
                                        xtype="textfield"/>
                                    <eachwirelessreceivertext
                                        jcr:primaryType="cq:Widget"
                                        defaultValue="for each wireless receiver"
                                        fieldDescription="eg:  for each wireless receiver"
                                        fieldLabel="For each wireless receiver text"
                                        name="./eachWirelessReceiverText"
                                        xtype="textfield"/>
                                </items>
                            </u200wireless>
                            <notu200wireless
                                jcr:primaryType="cq:Widget"
                                collapsed="false"
                                collapsible="true"
                                name="./notU200Wireless"
                                title="TV List : Other than U200"
                                xtype="dialogfieldset">
                                <items jcr:primaryType="cq:WidgetCollection">
                                    <onetimefeewaivednotU200
                                        jcr:primaryType="cq:Widget"
                                        defaultValue="$49 one-time fee waived"
                                        fieldDescription="eg: $49 one-time fee waived"
                                        fieldLabel="One time fee waived text"
                                        name="./oneTimeFeeWaivedNotU200"
                                        xtype="textfield"/>
                                    <firstwirelessreceivertext
                                        jcr:primaryType="cq:Widget"
                                        defaultValue="for the first Wireless Receiver"
                                        fieldDescription="eg: for the first Wireless Receiver"
                                        fieldLabel="For first wireless receiver text"
                                        name="./firstWirelessReceiverText"
                                        xtype="textfield"/>
                                    <andtextnotU200
                                        jcr:primaryType="cq:Widget"
                                        defaultValue="and a"
                                        fieldDescription="eg:  and a"
                                        fieldLabel="And text"
                                        name="./andTextNotU200"
                                        xtype="textfield"/>
                                    <onetimefeenotU200
                                        jcr:primaryType="cq:Widget"
                                        defaultValue="one-time fee"
                                        fieldDescription="eg: one-time fee"
                                        fieldLabel="One time fee waived text"
                                        name="./oneTimeFeeNotU200"
                                        xtype="textfield"/>
                                </items>
                            </notu200wireless>
                        </items>
                    </wirelessreceiver>
                </items>
            </tab6>
            <tab7
                jcr:primaryType="cq:Panel"
                title="&#xa;Voice options section">
                <items jcr:primaryType="cq:WidgetCollection">
                    <section5heading
                        jcr:primaryType="cq:Widget"
                        fieldDescription="eg: Voice options"
                        defaultValue="Voice options"
                        fieldLabel="Section 5 Heading"
                        name="./section5Heading"
                        xtype="textfield"/>
                    <subsectionheading1
                        jcr:primaryType="cq:Widget"
                        fieldDescription="eg: Directory listing"
                        defaultValue="Directory listing"
                        fieldLabel="Sub Section Heading 1"
                        name="./subSectionHeading1"
                        xtype="textfield"/>
                    <includedtextvoiceoptions
                        jcr:primaryType="cq:Widget"
                        fieldDescription="eg: included"
                        defaultValue="included"
                        fieldLabel="Voice Options Included Text"
                        name="./includedTextVoiceOptions"
                        xtype="textfield"/>
                    <motextvoiceoptions
                        jcr:primaryType="cq:Widget"
                        fieldDescription="eg: /mo."
                        defaultValue="/mo."
                        fieldLabel="Voice Options Price per month text"
                        name="./moTextVoiceOptions"
                        xtype="textfield"/>
                    <subsectionheading2
                        jcr:primaryType="cq:Widget"
                        fieldDescription="eg: Keep your number"
                        defaultValue="Keep your number"
                        fieldLabel="Sub Section Heading 2"
                        name="./subSectionHeading2"
                        xtype="textfield"/>
                    <phnno-cbtext
                        jcr:primaryType="cq:Widget"
                        fieldDescription="eg: Use my current home phone number"
                        defaultValue="Use my current home phone number"
                        fieldLabel="Phone Number Checkbox Text"
                        name="./phnNoCBText"
                        xtype="textfield"/>
                    <phnno-cbtextmutedcontent
                        jcr:primaryType="cq:Widget"
                        fieldDescription="eg: (landline only - no wireless)"
                        fieldLabel="Phone Number Checkbox Text Muted Content"
                        name="./phnNoCBTextMutedContent"
                        xtype="textfield"/>
                    <phn-notetext
                        jcr:primaryType="cq:Widget"
                        fieldDescription="Note: Use source edit for giving tags manually"
                        fieldLabel="Phone Number Note Text"
                        name="./phoneNoteText"
                        xtype="richtext">
                        <htmlRules jcr:primaryType="nt:unstructured">
                            <links
                                jcr:primaryType="nt:unstructured"
                                ensureInternalLinkExt="{Boolean}false"
                                protocols="[http://,https://,mailto:]"/>
                        </htmlRules>
                        <rtePlugins
                            jcr:primaryType="nt:unstructured"
                            path="/apps/att/att-foundation/components/richtext/dialog/items/text/rtePlugins.infinity.json"
                            xtype="cqinclude"/>
                    </phn-notetext>
                    <phnlabeltext
                        jcr:primaryType="cq:Widget"
                        fieldDescription="eg: Home phone numbers"
                        defaultValue="Home phone numbers"
                        fieldLabel="Phone Label Text"
                        name="./phnLabelText"
                        xtype="textfield"/>
                    <keepmynumberlabel
                        jcr:primaryType="cq:Widget"
                        fieldDescription="eg: Is the number you wish to transfer an AT&amp;T number ?"
                        defaultValue="Is the number you wish to transfer an AT&amp;T number ?"
                        fieldLabel="Keep my number label"
                        name="./keepMyNumLabel"
                        xtype="textfield"/>
                    <keepmynumberyestext
                        jcr:primaryType="cq:Widget"
                        fieldDescription="eg: Yes"
                         defaultValue="Yes"
                        fieldLabel="Keep my number yes option text"
                        name="./keepMyNumYesText"
                        xtype="textfield"/>
                    <keepmynumbernotext
                        jcr:primaryType="cq:Widget"
                        fieldDescription="eg: No"
                         defaultValue="No"
                        fieldLabel="Keep my number no option text"
                        name="./keepMyNumNoText"
                        xtype="textfield"/>
                    <notetext
                        jcr:primaryType="cq:Widget"
                        fieldDescription="eg: Note"
                        defaultValue="Note"
                        fieldLabel="Note Text"
                        name="./noteText"
                        xtype="textfield"/>    
                    <transfernotetext
                        jcr:primaryType="cq:Widget"
                        fieldDescription="eg: For non-AT&amp;T numbers, we will contact your current provider to complete the transfer. The transfer will automatically cancel your previous service."
                        defaultValue="For non-AT&amp;T numbers, we will contact your current provider to complete the transfer. The transfer will automatically cancel your previous service."
                        fieldLabel="Tansfer Number Note Text"
                        name="./transferNoteText"
                        xtype="textfield"/>
                    <tooltiptext
                        jcr:primaryType="cq:Widget"
                        fieldDescription="eg: See if your existing wireline number is eligible to be transferred. If it is, don't disconnect that number....."
                        defaultValue="See if your existing wireline number is eligible to be transferred. If it is, don't disconnect that number....."
                        fieldLabel="Keep my number tooltip text"
                        name="./tooltipText"
                        xtype="textarea"/>
                    <phnnovalidtext
                        jcr:primaryType="cq:Widget"
                        fieldDescription="eg: is eligible for transfer"
                        fieldLabel="Phone Number Valid Text"
                        name="./phnNoValidText"
                        xtype="textfield"/>
                </items>
            </tab7>
            <tab8
                jcr:primaryType="cq:Panel"
                title="&#xa;Existing customer section">
                <items jcr:primaryType="cq:WidgetCollection">
                    <existingheadingcontent
                        jcr:primaryType="cq:Widget"
                        fieldDescription="eg: You can quickly personalize your U-verse service to meet your needs. Additional options are available by logging in to your account after installation."
                        fieldLabel="Exisitng Customer Heading Content"
                        name="./ecHeadingContent"
                        xtype="textfield"/>
                    <section6heading
                        jcr:primaryType="cq:Widget"
                        fieldDescription="eg: Your U-verse with GigaPower Upgrade Tips"
                        fieldLabel="Section 6 Heading"
                        name="./section6Heading"
                        xtype="textfield"/>
                    <text
                        jcr:primaryType="cq:Widget"
                        fieldDescription="Note: Use source edit for giving tags manually"
                        fieldLabel="Section Content"
                        name="./section6text"
                        xtype="richtext">
                        <htmlRules jcr:primaryType="nt:unstructured">
                            <links
                                jcr:primaryType="nt:unstructured"
                                ensureInternalLinkExt="{Boolean}false"
                                protocols="[http://,https://,mailto:]"/>
                        </htmlRules>
                        <rtePlugins
                            jcr:primaryType="nt:unstructured"
                            path="/apps/att/att-foundation/components/richtext/dialog/items/text/rtePlugins.infinity.json"
                            xtype="cqinclude"/>
                    </text>
                </items>
            </tab8>
            <tab9
                jcr:primaryType="cq:Panel"
                title="&#xa;Monthly price section">
                <items jcr:primaryType="cq:WidgetCollection">
                    <monthlypricetext
                        jcr:primaryType="cq:Widget"
                        fieldDescription="eg: Monthly price as configured"
                        fieldLabel="Monthly Price Text"
                        defaultValue="Monthly price as configured"
                        name="./monthlyPriceText"
                        xtype="textfield"/>
                    <monthlypricecontentpart1
                        jcr:primaryType="cq:Widget"
                        fieldDescription="eg: Includes an in-Home Wi-Fi Gateway Equipment Fee of"
                        defaultValue="Includes an in-Home Wi-Fi Gateway Equipment Fee of"
                        fieldLabel="Monthly Price Content Part 1"
                        name="./monthlyPriceContentPart1"
                        xtype="textfield"/>
                    <monthlypricecontentpart2
                        jcr:primaryType="cq:Widget"
                        fieldDescription="eg: / mo. Excludes monthly taxes &amp; other fees."
                        defaultValue="/ mo. Excludes monthly taxes &amp; other fees."
                        fieldLabel="Monthly Price Content Part 2"
                        name="./monthlyPriceContentPart2"
                        xtype="textfield"/>
                </items>
            </tab9>
            <tab10
                jcr:primaryType="cq:Panel"
                title="Buttons Section">
                <items jcr:primaryType="cq:WidgetCollection">
                    <selectbutton
                        jcr:primaryType="cq:Widget"
                        fieldDescription="eg: Select"
                        defaultValue="Select"
                        fieldLabel="Select button text"
                        name="./select"
                        xtype="textfield"/>
                    <selectbuttonaltText
                        jcr:primaryType="cq:Widget"
                        fieldDescription="eg: Add to Cart"
                        defaultValue="Add to Cart"
                        fieldLabel="Select button alt text"
                        name="./selectalt"
                        xtype="textfield"/>
                    <orderSummaryurl
		    			jcr:primaryType="cq:Widget"
	                	fieldLabel="Order Summary Navigation URL"
	                	fieldDescription="Eg: buy.html#/ordersummary" 
	                	defaultValue="buy.html#/ordersummary"
	                	width="350"
	                	name="./orderSummaryURL"
	                	xtype="textfield"/>
	               	<validatenumberbutton
                        jcr:primaryType="cq:Widget"
                        fieldDescription="eg: Validate Number"
                        fieldLabel="Validate Number Button Text"
                        name="./validateNoButton"
                        xtype="textfield"/>
                    <cancelbutton
                        jcr:primaryType="cq:Widget"
                        fieldDescription="eg: Cancel"
                        defaultValue="Cancel"
                        fieldLabel="Cancel button text"
                        name="./cancel"
                        xtype="textfield"/>
                  <cancelbuttonAltText
                        jcr:primaryType="cq:Widget"
                        fieldDescription="eg: Cancel"
                        defaultValue="Cancel"
                        fieldLabel="Cancel button Alt text"
                        name="./cancelalt"
                        xtype="textfield"/>
                   <cancelorderSummaryurl
		    			jcr:primaryType="cq:Widget"
	                	fieldLabel="Cancel Navigation URL"
	                	fieldDescription="Eg: buy.html#/offerdetails" 
	                	defaultValue="buy.html#/offerdetails"
	                	width="350"
	                	name="./previousOfferURL"
	                	xtype="textfield"/>
                </items>
            </tab10>
            <tab11
                jcr:primaryType="cq:Panel"
                title="Call Section">
                <items jcr:primaryType="cq:WidgetCollection">
                    <text
                        jcr:primaryType="cq:Widget"
                        fieldDescription="Note: Use source edit for giving tags manually"
                        fieldLabel="Call Section Text"
                        name="./calltext"
                        xtype="richtext">
                        <htmlRules jcr:primaryType="nt:unstructured">
                            <links
                                jcr:primaryType="nt:unstructured"
                                ensureInternalLinkExt="{Boolean}false"
                                protocols="[http://,https://,mailto:]"/>
                        </htmlRules>
                        <rtePlugins
                            jcr:primaryType="nt:unstructured"
                            path="/apps/att/att-foundation/components/richtext/dialog/items/text/rtePlugins.infinity.json"
                            xtype="cqinclude"/>
                    </text>
                </items>
            </tab11>
            <tab12
                jcr:primaryType="cq:Panel"
                title="Wrong Phone Modal">
                <items jcr:primaryType="cq:WidgetCollection">
                    <wrongPhnModalHeading
                        jcr:primaryType="cq:Widget"
                        fieldDescription="eg: Can I use my current phone number?"
                        fieldLabel="Wrong Phone Modal Heading"
                        name="./wrongPhnModalHeading"
                        xtype="textfield"/>
                    <notEligibleText1
                        jcr:primaryType="cq:Widget"
                        fieldDescription="eg: Sorry, but"
                        fieldLabel="Not Eligible Text Part 1"
                        name="./notEligibleText1"
                        xtype="textfield"/>
                    <notEligibleText2
                        jcr:primaryType="cq:Widget"
                        fieldDescription="eg: is not eligible for transfer. We'll need to assign you a new number for your U-verse Voice service."
                        fieldLabel="Not Eligible Text Part 2"
                        name="./notEligibleText2"
                        xtype="textfield"/>
                    <wrongPhnModalContent
                        jcr:primaryType="cq:Widget"
                        fieldDescription="Note: Use source edit for giving tags manually"
                        fieldLabel="Section Content"
                        name="./wrongPhnModalContent"
                        xtype="richtext">
                        <htmlRules jcr:primaryType="nt:unstructured">
                            <links
                                jcr:primaryType="nt:unstructured"
                                ensureInternalLinkExt="{Boolean}false"
                                protocols="[http://,https://,mailto:]"/>
                        </htmlRules>
                        <rtePlugins
                            jcr:primaryType="nt:unstructured"
                            path="/apps/att/att-foundation/components/richtext/dialog/items/text/rtePlugins.infinity.json"
                            xtype="cqinclude"/>
                    </wrongPhnModalContent>
                    <wrongPhnModalOK
                        jcr:primaryType="cq:Widget"
                        fieldDescription="eg: OK"
                        fieldLabel="Wrong Phone Modal Ok Button"
                        name="./wrongPhnModalOK"
                        xtype="textfield"/>
                </items>
            </tab12>
          
        </items>
    </items>
</jcr:root>