<?xml version="1.0" encoding="UTF-8"?>
<jcr:root xmlns:cq="http://www.day.com/jcr/cq/1.0" xmlns:jcr="http://www.jcp.org/jcr/1.0"
    jcr:primaryType="cq:Dialog"
    xtype="tabpanel">
    <items jcr:primaryType="cq:WidgetCollection">
        <tab1
            jcr:primaryType="cq:Widget"
            title="Title Heading"
            xtype="panel">
            <items jcr:primaryType="cq:WidgetCollection">
                <headerField
                    jcr:primaryType="cq:Widget"
                    fieldLabel="Header Text"
                    name="./headerText"
                    xtype="textfield"/>
            </items>
        </tab1>
        <tab3
            jcr:primaryType="cq:Widget"
            title="URL Heading"
            xtype="panel">
            <items jcr:primaryType="cq:WidgetCollection">
                <deviceUnlockStatusPortalLink
                    jcr:primaryType="cq:Widget"
                    fieldLabel="Link for Device Unlock Status Portal"
                    name="./deviceUnlockStatusPortalLink"
                    xtype="textfield"/>
                <deviceUnlockStatusPortalText
                    jcr:primaryType="cq:Widget"
                    fieldLabel="Text for Device Unlock Status Portal"
                    name="./deviceUnlockStatusPortalText"
                    xtype="textfield"/>
                <deviceunlockUrl
                    jcr:primaryType="cq:Widget"
                    fieldLabel="Link for Device Unlock "
                    name="./deviceunlockUrl"
                    xtype="textfield"/>
                <deviceunlockText
                    jcr:primaryType="cq:Widget"
                    fieldLabel="Text for Device Unlock"
                    name="./deviceunlockText"
                    xtype="textfield"/>
            </items>
        </tab3>
    </items>
</jcr:root>
