<routes xmlns="http://camel.apache.org/schema/spring">

	<route>
		<from uri="direct:create-user-route" />
		<to uri="direct:create-user-request-route" />
		<to uri="direct:create-user-response-route" />
	</route>
	
	<route>
		<from uri="direct:create-user-request-route" />
		<to uri="bean:createUserProcessor?method=execute" />
		<onException>
			<exception>java.lang.Exception</exception>
			<to uri="bean:errorHandler?method=handleError" />
			<handled>
				<constant>true</constant>
			</handled>
		</onException>
	</route>

	<route>
		<from uri="direct:create-user-response-route" />
		 <removeHeaders pattern="CamelHttpPath" />
		<setHeader headerName="Exchange.HTTP_URI">
			<simple>${in.header.MDM_CREATE_USER_URL}</simple>
		</setHeader>
		<setHeader headerName="Authorization">
			<simple>${exchangeProperty.callerAuthToken}</simple>
		</setHeader>
		<setHeader headerName="AccountPassPhrase">
			<simple>${exchangeProperty.AccountPassPhrase}</simple>
		</setHeader>
		<setHeader headerName="CamelHttpMethod">
			<constant>POST</constant>
		</setHeader>
		<setHeader headerName="Exchange.CONTENT_TYPE">
			<simple>application/json</simple>
		</setHeader>
		<setHeader headerName="Accept">
			<simple>application/json</simple>
		</setHeader>
		<enrich>
			<simple>velocity:vm/creteUser.vm</simple>
		</enrich>
		<log message="Headers to CreateUser Endpoint:: - ${headers}" />  
		<log message="payload to CreateUser Endpoint:: - ${body}" />
		<to uri="http4://headeruri?throwExceptionOnFailure=false" />      
		<!-- <choice>
			<when>
				<simple>"{{use.proxy}}" != 'Y'</simple>
				<to uri="http4://headeruri?throwExceptionOnFailure=false" />
			</when>
			<otherwise>
				<to
					uri="http4://headeruri?throwExceptionOnFailure=false&amp;proxyAuthHost={{proxy.auth.host}}&amp;proxyAuthPort={{proxy.auth.port}}" />
			</otherwise>
		</choice> -->
	<!-- 	<log message="Create User IBM Response = ${body}" /> -->
		<choice>
			<when>
				<simple>${header.CamelHttpResponseCode} == 201</simple>
				<to uri="bean:createUserProcessor?method=handleCreateUserSuccessResponse" />
			</when>
			<otherwise>
				<to uri="bean:createUserProcessor?method=handleCreateUserErrorResponse" />
				<to uri="direct:csi-manage-device-details-route" />
			</otherwise>	
		</choice>
		<onException>
			<exception>java.lang.Exception</exception>
			<to uri="bean:errorHandler?method=handleError" />
			<handled>
				<constant>true</constant>
			</handled>
		</onException>
	</route>
</routes>
