<routes xmlns="http://camel.apache.org/schema/spring">

	<route id="startup-route-device-enroll">
		<from uri="direct:enroll-device-route" />
		<to uri="direct:enroll-device-request-route" />
		<to uri="direct:enroll-device-response-route" />
	</route>


	<route id="enroll-device-request-route">
		<from uri="direct:enroll-device-request-route" />
		<to uri="bean:enrollDeviceProcessor?method=process" />
		<onException>
			<exception>java.lang.Exception</exception>
			<to uri="bean:errorHandler?method=handleError" />
			<handled>
				<constant>true</constant>
			</handled>
		</onException>
	</route>

	<route id="enroll-device-response-route">
		<from uri="direct:enroll-device-response-route" />
		<setHeader headerName="Exchange.HTTP_URI">
			<simple>${bean:commonUtil?method=getProperty($simple{in.header.emmproductcode}.enroll.device.url)}</simple>
		</setHeader>
		<setHeader headerName="Authorization">
			<simple>${exchangeProperty.callerAuthToken}</simple>
		</setHeader>
		<setHeader headerName="AccountPassPhrase">
			<simple>${exchangeProperty.AccountPassPhrase}</simple>
		</setHeader>
		<setHeader headerName="CamelHttpMethod">
			<constant>POST</constant>
		</setHeader>
		<setHeader headerName="Exchange.CONTENT_TYPE">
			<simple>application/json</simple>
		</setHeader>
		<setHeader headerName="Accept">
			<simple>application/json</simple>
		</setHeader>
		<log message="Headers to APIGW EnrollDevice Endpoint:: - ${headers}" />  
		<log message="payload to APIGW EnrollDevice Endpoint:: - ${body}" /> 
		<to uri="http4://headeruri?throwExceptionOnFailure=true" />   
		<!-- <choice>
			<when>
				<simple>"{{use.proxy}}" != 'Y'</simple>
				<to uri="http4://headeruri?throwExceptionOnFailure=true" />
			</when>
			<otherwise>
				<to
					uri="http4://headeruri?throwExceptionOnFailure=true&amp;proxyAuthHost={{proxy.auth.host}}&amp;proxyAuthPort={{proxy.auth.port}}" />
			</otherwise>
		</choice> -->
		<choice>
			<when>
				<simple>${header.CamelHttpResponseCode} == 201</simple>
				<convertBodyTo type="java.lang.String" />
				<to uri="bean:enrollDeviceProcessor?method=handleEnrollDeviceSuccessResponse" />
			</when>
			<otherwise>
				<to uri="bean:enrollDeviceProcessor?method=handleEnrollDeviceErrorResponse" />
				<to uri="direct:csi-manage-device-details-route" />
			</otherwise>
		</choice>
		<onException>
			<exception>java.lang.Exception</exception>
			<to uri="bean:errorHandler?method=handleError" />
			<handled>
				<constant>true</constant>
			</handled>
		</onException>
	</route>
</routes>
