<routes xmlns="http://camel.apache.org/schema/spring">

	<!-- This is the satrtup route for the APIGateway microservice -->
	<route id="enroll-task-startup-route">
		<interceptFrom>
			<choice>
				<when>
					<simple>${header.commoncontext} != null</simple>
					<removeHeaders pattern="commoncontext" />
				</when>
			</choice>
			<setHeader headerName="X-ATT-Transaction-Id">
				<simple>${bean:commonUtil?method=getAsArrayList($simple{in.header.TrackingId})}
			</simple>
			</setHeader>
		<to uri="bean:camelInterceptor?method=invokepreInterceptorChain" />
		</interceptFrom>
		<from uri="servlet:devices/enrollDeviceTask?matchOnUriPrefix=true" />
		<setProperty propertyName="callerAuthToken">
			<simple>${in.header.authorization}</simple>
		</setProperty>
		<setProperty propertyName="AccountPassPhrase">
			<simple>${in.header.AccountPassPhrase}</simple>
		</setProperty>
		<log message="Execution started for Enroll Device Task" />
		<convertBodyTo type="java.lang.String" />
		<log message="Enroll Device Request = ${body}" />
		<to uri="bean:enrollDeviceTaskProcessor?method=process" />
		<to uri="direct:csi-inquire-device-details-route" />
		<choice>
			<when>
				<simple>${header.ApplyApn} == "Yes" </simple>				
				<to uri="direct:apply-apn-route" />
			</when>
		</choice>
		<onException>
			<exception>java.lang.Exception</exception>
			<to uri="bean:errorHandler?method=handleError" />
			<handled>
				<constant>true</constant>
			</handled>
		</onException>
	</route>

	<route id="csi-inquire-device-details-route">
		<from uri="direct:csi-inquire-device-details-route" />
		<to uri="bean:csiInquireDeviceDetailsProcessor?method=execute" />
		<removeHeaders pattern="CamelHttp*" />
		<setHeader headerName="Exchange.HTTP_URI">
			<simple>{{csi.inquire.device.detail.url}}
			</simple>
		</setHeader>
		<setHeader headerName="CamelHttpMethod">
			<constant>POST</constant>
		</setHeader>
		<setHeader headerName="Accept">
			<constant>application/json</constant>
		</setHeader>
		<enrich>
			<simple>velocity:vm/csiInquireDeviceDetails.vm</simple>
		</enrich>
		<setBody>
			<simple>${body}</simple>
		</setBody>
		<!-- <log message="Headers in csiInquireDeviceDetailsRoute ${headers}"/> -->
		<!-- <log message="payLoad in csiInquireDeviceDetailsRoute ${body}" /> -->
		<to uri="bean:commonUtil?method=logXML('payLoad in csi-inquire-device-details-route', ${body})" />
		<choice>
			<when>
				<simple>"{{use.proxy}}" != 'Y'</simple>
				<to uri="http4://headeruri?httpClient.socketTimeout={{apigw.timeout}}&amp;throwExceptionOnFailure=false" />
			</when>
			<otherwise>
				<to
					uri="http4://headeruri?httpClient.socketTimeout={{apigw.timeout}}&amp;throwExceptionOnFailure=false&amp;proxyAuthHost={{proxy.auth.host}}&amp;proxyAuthPort={{proxy.auth.port}}" />
			</otherwise>
		</choice>
		<convertBodyTo type="java.lang.String" />
		<to
			uri="bean:csiInquireDeviceDetailsProcessor?method=handleCsiInquireDeviceDetailResponse" />
		<onException>
			<exception>java.lang.Exception</exception>
			<log message="Exception Message: ${exception.message} . retry attempts: {{retry.max.attempt}}" />
			<onWhen>
				<simple>${exception.message} contains 'Connection refused'</simple>
			</onWhen>
			<redeliveryPolicy maximumRedeliveries="{{retry.max.attempt}}" delay="{{retry.delay}}"/>
			<continued>
				<constant>true</constant>
			</continued>
		</onException>
		<onException>
			<exception>java.lang.Exception</exception>
			<to uri="bean:errorHandler?method=handleError" />
		</onException>
	</route>
	
	<route id="apply-apn-route">
		<from uri="direct:apply-apn-route" />
		<setHeader headerName="Exchange.HTTP_URI">
			<simple>{{apply.remove.apn.url}}</simple>
		</setHeader>
		<setHeader headerName="CamelHttpMethod">
			<constant>POST</constant>
		</setHeader>
		<setHeader headerName="Accept">
			<constant>application/json</constant>
		</setHeader>
		<setHeader headerName="Exchange.CONTENT_TYPE">
			<constant>application/json</constant>
		</setHeader>
		<enrich>
			<simple>velocity:vm/applyAPN.vm</simple>
		</enrich>
		<setBody>
			<simple>${body}</simple>
		</setBody>
		<log message="Headers in applyRemoveAPNRoute ${headers}" />
		<log message="payLoad in applyRemoveAPNRoute ${body}" />
		<choice>
			<when>
				<simple>"{{use.proxy}}" != 'Y'</simple>
				<to uri="http4://headeruri?throwExceptionOnFailure=false" />
			</when>
			<otherwise>
				<to
					uri="http4://headeruri?throwExceptionOnFailure=false&amp;proxyAuthHost={{proxy.auth.host}}&amp;proxyAuthPort={{proxy.auth.port}}" />
			</otherwise>
		</choice>

		<choice>
			<when>
				<simple>${header.CamelHttpResponseCode} == 200 or
					${header.CamelHttpResponseCode} == 202</simple>
				<to uri="bean:enrollDeviceTaskProcessor?method=handleAPNResponse" />
			</when>
			<otherwise>
				<to uri="bean:errorHandler?method=handleError" />
			</otherwise>
		</choice>
		<onException>
			<exception>java.lang.Exception</exception>
			<to uri="bean:errorHandler?method=handleError" />
			<handled>
				<constant>true</constant>
			</handled>
		</onException>
	</route>
	
</routes>