<?xml version="1.0" encoding="UTF-8"?>
<jcr:root 
	xmlns:cq="http://www.day.com/jcr/cq/1.0" 
	xmlns:jcr="http://www.jcp.org/jcr/1.0"
    jcr:primaryType="cq:Dialog"
    xtype="dialog"
    autoWidth="{Boolean}false"
    width="720">
    <items jcr:primaryType="cq:Widget" xtype="tabpanel"> 
	    <items jcr:primaryType="cq:WidgetCollection">
			<text
				jcr:primaryType="cq:Widget"
	         	xtype="panel"
	         	title="Author Text">
	         	<items jcr:primaryType="cq:WidgetCollection">
		         	<text jcr:primaryType="cq:Widget"
			         	xtype="textarea"
				   		name="./authortext"
				   		fieldLabel="Author Text"/>				  
	         	</items>
	        </text>
		</items>
	</items>
</jcr:root>