<?xml version="1.0" encoding="UTF-8"?>
<routes xmlns="http://camel.apache.org/schema/spring">
   <route id="startup-route-signcerts">
      <from uri="servlet:accounts/{billingId}/signcerts?matchOnUriPrefix=true" />
      <to uri="bean:appleCertRequestProcessor?method=process" />
      <setProperty propertyName="HttpPath">
         <simple>${in.header.CamelHttpPath}</simple>
      </setProperty>
      <removeHeaders pattern="Camel*" />
      <log message="Headers received: ${headers}" />
      <setHeader headerName="Exchange.HTTP_URI">
         <simple>${bean:commonUtil?method=getProperty($simple{in.header.emmproductcode}.signcerts.account.url)}${exchangeProperty.HttpPath}</simple>
      </setHeader>
      <setHeader headerName="AccountPassPhrase">
         <simple>${in.header.AccountPassPhrase}</simple>
      </setHeader>
      <setBody>
         <simple>${body}</simple>
      </setBody>
      <choice>
         <when>
            <simple>"{{use.proxy}}" != 'Y'</simple>
            <to uri="http4://headeruri?throwExceptionOnFailure=false" />
         </when>
         <otherwise>
            <to uri="http4://headeruri?throwExceptionOnFailure=false&amp;proxyAuthHost={{proxy.auth.host}}&amp;proxyAuthPort={{proxy.auth.port}}" />
         </otherwise>
      </choice>
		<onException>
			<log message="Exception occurred. response :: ${headers}" />
			<exception>java.lang.Exception</exception>
			<to uri="bean:errorHandler?method=handleError" />
			<handled>
				<constant>true</constant>
			</handled>
		</onException>      
      <!-- <log message="Body received from endpoint: ${body}"/> -->
   </route>
   
   <route id="startup-route-uploadcerts">
      <from uri="servlet:accounts/{billingId}/uploadcerts?matchOnUriPrefix=true" />
      <to uri="bean:appleCertRequestProcessor?method=process" />
      <setProperty propertyName="HttpPath">
         <simple>${in.header.CamelHttpPath}</simple>
      </setProperty>
      <removeHeaders pattern="Camel*" />
      <log message="Headers received: ${headers}" />
      <setHeader headerName="Exchange.HTTP_URI">
         <simple>${bean:commonUtil?method=getProperty($simple{in.header.emmproductcode}.uploadcerts.account.url)}${exchangeProperty.HttpPath}</simple>
      </setHeader>
      <setHeader headerName="AccountPassPhrase">
         <simple>${in.header.AccountPassPhrase}</simple>
      </setHeader>
      <setBody>
         <simple>${body}</simple>
      </setBody>
      <choice>
         <when>
            <simple>"{{use.proxy}}" != 'Y'</simple>
            <to uri="http4://headeruri?throwExceptionOnFailure=false" />
         </when>
         <otherwise>
            <to uri="http4://headeruri?throwExceptionOnFailure=false&amp;proxyAuthHost={{proxy.auth.host}}&amp;proxyAuthPort={{proxy.auth.port}}" />
         </otherwise>
      </choice>
		<onException>
			<log message="Exception occurred. response :: ${headers}" />
			<exception>java.lang.Exception</exception>
			<to uri="bean:errorHandler?method=handleError" />
			<handled>
				<constant>true</constant>
			</handled>
		</onException>      
      <!-- <log message="Body received from endpoint: ${body}"/> -->
   </route>       
   
   
</routes>