<routes xmlns="http://camel.apache.org/schema/spring">

	<!-- This is the satrtup route for the APIGateway microservice -->
	
	<route id="startup-route-create-tenant-account">

		<interceptFrom>
			<setHeader headerName="X-ATT-Transaction-Id">
				<simple>${bean:commonUtil?method=getAsArrayList($simple{in.header.TrackingId})}
				</simple>
			</setHeader>
			<to uri="bean:camelInterceptor?method=invokepreInterceptorChain" />
		</interceptFrom>
		<from uri="servlet:/accounts/createaccount?matchOnUriPrefix=true" />
		<setProperty propertyName="callerAuthToken">
			<simple>${in.header.authorization}</simple>
		</setProperty>
		<setProperty propertyName="callerEMMProductCode">
			<simple>${in.header.EMMProductCode}</simple>
		</setProperty>
		<setProperty propertyName="callerTrackingId">
			<simple>${in.header.trackingId}</simple>
		</setProperty>
		<setHeader headerName="partnerAccount">
			<constant>Y</constant>
		</setHeader>
		<!-- <to uri="cxfbean:jaxrsServices?providers=jaxrsProviders" /> -->
		<to uri="direct:create-tenant-account-request" />
		<setProperty propertyName="createAccountPayload">
			<simple>${body}</simple>
		</setProperty>
		<to uri="direct:direct:create-tenant-account-response" />
		<choice>
			<when>
				<simple>${header.CamelHttpResponseCode} == 201</simple>
				<to uri="direct:create-tenant-cdf-update-route" />
			</when>
		</choice>
	</route>

	<route id="create-tenant-account-request">
		<from uri="direct:create-tenant-account-request" />
		<convertBodyTo type="java.lang.String" />
		<to uri="bean:createTenantAccountReqProcessor?method=process" />
		<onException>
			<exception>java.lang.Exception</exception>
			<to uri="bean:errorHandler?method=handleError" />
			<handled>
				<constant>true</constant>
			</handled>
		</onException>
	</route>
	<route id="direct:create-tenant-account-response">
		<from uri="direct:direct:create-tenant-account-response" />
		<convertBodyTo type="java.lang.String" />
		<setHeader headerName="Exchange.HTTP_URI">
			<simple>${bean:commonUtil?method=getProperty(${exchangeProperty.callerEMMProductCode}.create.account.url)}
			</simple>
		</setHeader>
		<setHeader headerName="Authorization">
			<simple>${exchangeProperty.callerAuthToken}</simple>
		</setHeader>
		<setHeader headerName="EMMProductCode">
			<simple>${exchangeProperty.callerEMMProductCode}</simple>
		</setHeader>
		<setHeader headerName="CamelHttpMethod">
			<constant>POST</constant>
		</setHeader>
		<setHeader headerName="Exchange.CONTENT_TYPE">
			<simple>application/json</simple>
		</setHeader>
		<setHeader headerName="Accept">
			<simple>application/json</simple>
		</setHeader>
		<setHeader headerName="trackingId">
			<simple>${exchangeProperty.callerTrackingId}</simple>
		</setHeader>
		<setBody>
			<simple>${body}</simple>
		</setBody>
		<log message="Calling createTenantAccount with Headers: ${headers}" />
		<!-- <log message="Request Body :: ${body}" /> -->

		<choice>
			<when>
				<simple>"{{use.proxy}}" != 'Y'</simple>
				<to uri="http4://headeruri?throwExceptionOnFailure=false" />
			</when>
			<otherwise>
				<to
					uri="http4://headeruri?throwExceptionOnFailure=false&amp;proxyAuthHost={{proxy.auth.host}}&amp;proxyAuthPort={{proxy.auth.port}}" />
			</otherwise>
		</choice>
		<!-- <log message="payload response:: - ${body}" /> -->
		<choice>
			<when>
				<simple>${header.CamelHttpResponseCode} != 201</simple>
				<to uri="bean:errorHandler?method=handleError" />
			</when>
			<otherwise>
				<convertBodyTo type="java.lang.String" />
				<to uri="bean:createTenantAccountResProcessor?method=handleResponse" />
			</otherwise>
		</choice>
		<onException>
			<exception>java.lang.Exception</exception>
			<to uri="bean:errorHandler?method=handleError" />
			<handled>
				<constant>true</constant>
			</handled>
		</onException>
	</route>

	<route id="create-tenant-cdf-update-route">
		<from uri="direct:create-tenant-cdf-update-route" />
		<to uri="bean:csiManageDeviceProfileRequest?method=prepareCdfRequest" />
		<to uri="direct:csi-manage-device-profile-route" />
	</route>

</routes>
