<routes xmlns="http://camel.apache.org/schema/spring">

	<!-- This is the satrtup route for the APIGateway microservice -->

	<route id="startup-route-expire">

		<from uri="direct:startup-route-expire" />
		<log message="expireAccount route start with Headers: ${headers}" />
		<!-- <to uri="cxfbean:jaxrsServices?providers=jaxrsProviders" /> -->
		<to uri="direct:common-route" />
		<choice>
			<when>
				<simple>"{{async.call}}" == 'Y' </simple>
				<to uri="seda:expire-async-route?waitForTaskToComplete=Never" />
				<to uri="bean:expireAccountResponseProcessor?method=processAsyncResponse" />
			</when>
			<otherwise>
				<to uri="direct:expire-route" />
			</otherwise>
		</choice>
		<onException>
			<exception>java.lang.Exception</exception>
			<to uri="bean:errorHandler?method=handleError" />
			<handled>
				<constant>true</constant>
			</handled>
		</onException>		
	</route>
	
	<route id="expire-async-route">
		<interceptFrom>
			<setHeader headerName="X-ATT-Transaction-Id">
				<simple>${bean:commonUtil?method=getAsArrayList($simple{in.header.TrackingId})}</simple>
			</setHeader>
			<to uri="bean:camelInterceptor?method=invokepreInterceptorChain" />
		</interceptFrom>
		<log message="Processing expire Asynchronously" />
		<from uri="seda:expire-async-route" />
		<to uri="direct:expire-route" />
	</route>
	
	<route id="expire-route">	
	<from uri="direct:expire-route" />
	<to uri="direct:inquire-device-route" />
		<choice>
			<when>
				<simple>${header.deviceDeEnrollRequired} == 'Y'</simple>
				<to uri="direct:deenroll-device-route" />
			</when>
		</choice>
		<choice>
			<when>
				<simple>${header.deviceDeEnrollRequired} == 'N' or
					${header.CamelHttpResponseCode} == 202</simple>
				<to uri="direct:expire-account-route" />
			</when>
		</choice>
		<to uri="direct:cdf-update-route" />
		<onException>
			<exception>java.lang.Exception</exception>
			<to uri="bean:errorHandler?method=handleError" />
			<handled>
				<constant>true</constant>
			</handled>
		</onException>	
		<log message="expireaccount route end" />
	</route>

	<route id="common-route">
		<from uri="direct:common-route" />
		<convertBodyTo type="java.lang.String" />
		<to uri="bean:expireAccountRequestProcessor?method=process" />
		<onException>
			<exception>java.lang.Exception</exception>
			<to uri="bean:errorHandler?method=handleError" />
			<handled>
				<constant>true</constant>
			</handled>
		</onException>
	</route>

	<route id="inquire-device-route">
		<from uri="direct:inquire-device-route" />
		<removeHeaders pattern="CamelHttpPath" />
		<setHeader headerName="Exchange.HTTP_URI">
			<simple>${bean:commonUtil?method=getProperty($simple{in.header.emmproductcode}.inquire.device.url)}
			</simple>
		</setHeader>
		<setHeader headerName="Authorization">
			<simple>${exchangeProperty.callerAuthToken}</simple>
		</setHeader>
		<setHeader headerName="AccountPassPhrase">
			<simple>${exchangeProperty.AccountPassPhrase}</simple>
		</setHeader>
		<setHeader headerName="CamelHttpMethod">
			<constant>GET</constant>
		</setHeader>
		<setHeader headerName="Exchange.HTTP_QUERY">
			<simple>${in.header.QueryParam}</simple>
		</setHeader>
		<setHeader headerName="Accept">
			<constant>application/json</constant>
		</setHeader>
		<log message="Calling InquireDevice with Headers: ${headers}" />
		<choice>
			<when>
				<simple>"{{use.proxy}}" != 'Y'</simple>
				<to uri="http4://headeruri?throwExceptionOnFailure=false" />
			</when>
			<otherwise>
				<to
					uri="http4://headeruri?throwExceptionOnFailure=false&amp;proxyAuthHost={{proxy.auth.host}}&amp;proxyAuthPort={{proxy.auth.port}}" />
			</otherwise>
		</choice>
		<choice>
			<when>
				<simple>${header.CamelHttpResponseCode} == 200</simple>
				<unmarshal ref="deviceJson" />
				<to
					uri="bean:expireAccountResponseProcessor?method=handleInquireDeviceResponse" />
			</when>
		</choice>
		<onException>
			<exception>java.lang.Exception</exception>
			<to uri="bean:errorHandler?method=handleError" />
			<handled>
				<constant>true</constant>
			</handled>
		</onException>
	</route>


	<route id="deenroll-device-route" streamCache="true">
		<from uri="direct:deenroll-device-route" />
		<removeHeaders pattern="CamelHttpPath" />
		<setHeader headerName="Exchange.HTTP_URI">
			<simple>${bean:commonUtil?method=getProperty($simple{in.header.emmproductcode}.deenroll.device.url)}
			</simple>
		</setHeader>
		<setHeader headerName="Authorization">
			<simple>${exchangeProperty.callerAuthToken}</simple>
		</setHeader>
		<setHeader headerName="CamelHttpMethod">
			<constant>POST</constant>
		</setHeader>
		<setHeader headerName="Exchange.CONTENT_TYPE">
			<constant>application/json</constant>
		</setHeader>
		<setHeader headerName="Accept">
			<constant>application/json</constant>
		</setHeader>
		<log message="Calling deenrolldevice with Headers: ${headers}" />
		<convertBodyTo type="java.lang.String" />
		<log message="payload in deenroll-device-route - ${body}" />
		<choice>
			<when>
				<simple>"{{use.proxy}}" != 'Y'</simple>
				<to uri="http4://headeruri?throwExceptionOnFailure=false" />
			</when>
			<otherwise>
				<to
					uri="http4://headeruri?throwExceptionOnFailure=false&amp;proxyAuthHost={{proxy.auth.host}}&amp;proxyAuthPort={{proxy.auth.port}}" />
			</otherwise>
		</choice>
		<log message="Response in deenroll-device-route:: - ${body}" />
		<choice>
			<when>
				<simple>${header.CamelHttpResponseCode} == 202</simple>
				<to
					uri="bean:expireAccountResponseProcessor?method=handleDeenrollDeviceResponse" />
			</when>
		</choice>
		<onException>
			<exception>java.lang.Exception</exception>
			<to uri="bean:errorHandler?method=handleError" />
			<handled>
				<constant>true</constant>
			</handled>
		</onException>
	</route>

	<route id="expire-account-route" streamCache="true">
		<from uri="direct:expire-account-route" />
		<setHeader headerName="Exchange.HTTP_URI">
			<simple>${bean:commonUtil?method=getProperty($simple{in.header.emmproductcode}.expire.account.url)}
			</simple>
		</setHeader>
		<setHeader headerName="CamelHttpPath">
			<simple>${exchangeProperty.expirePath}</simple>
		</setHeader>
		<setHeader headerName="Authorization">
			<simple>${exchangeProperty.callerAuthToken}</simple>
		</setHeader>
		<setHeader headerName="CamelHttpMethod">
			<constant>DELETE</constant>
		</setHeader>
		<setHeader headerName="Accept">
			<constant>application/json</constant>
		</setHeader>
		<setBody>
			<constant>null</constant>
		</setBody>
		<log message="Headers in expire-account-route::: ${headers}" />
		<choice>
			<when>
				<simple>"{{use.proxy}}" != 'Y'</simple>
				<to uri="http4://headeruri?throwExceptionOnFailure=false" />
			</when>
			<otherwise>
				<to
					uri="http4://headeruri?throwExceptionOnFailure=false&amp;proxyAuthHost={{proxy.auth.host}}&amp;proxyAuthPort={{proxy.auth.port}}" />
			</otherwise>
		</choice>
		<log message="Response in expire-account-route::: - ${body}" />
		<choice>
			<when>
				<simple>${header.CamelHttpResponseCode} == 202</simple>
				<to
					uri="bean:expireAccountResponseProcessor?method=handleExpireAccountResponse" />
			</when>
		</choice>
		<onException>
			<exception>java.lang.Exception</exception>
			<to uri="bean:errorHandler?method=handleError" />
			<handled>
				<constant>true</constant>
			</handled>
		</onException>
	</route>


	<route id="cdf-update-route">
		<from uri="direct:cdf-update-route" />
		 <removeProperty propertyName="AccountPassPhrase"/>
		<to uri="bean:csiManageDeviceProfileRequest?method=prepareCdfRequest" />
		<to uri="direct:csi-manage-device-profile-route" />
	</route>
</routes>