<routes xmlns="http://camel.apache.org/schema/spring">


	<!-- This is the satrtup route for the APIGateway microservice -->

	<route id="startup-route">
		<interceptFrom>
			<setHeader headerName="X-ATT-Transaction-Id">
				<simple>${bean:commonUtil?method=getAsArrayList($simple{in.header.TrackingId})}
				</simple>
			</setHeader>
			<to uri="bean:camelInterceptor?method=invokepreInterceptorChain" />
		</interceptFrom>

		<from uri="servlet:/accounts?matchOnUriPrefix=true" />
		<setProperty propertyName="callerAuthToken">
			<simple>${in.header.authorization}</simple>
		</setProperty>
		<setProperty propertyName="AccountPassPhrase">
			<simple>${in.header.AccountPassPhrase}</simple>
		</setProperty>
		<choice>
			<when>
				<simple>${header.CamelHttpMethod} == "DELETE"</simple>
				<log message="startup route for expire" />
				<to uri="direct:startup-route-expire" />
			</when>
			<otherwise>
				<log message="startup route for inquire" />
				<setHeader headerName="partnerAccount">
					<constant>Y</constant>
				</setHeader>
				<to uri="direct:startup-route-inquire" />
			</otherwise>
		</choice>

	</route>

	<route id="startup-route-inquire">

		<from uri="direct:startup-route-inquire" />
		<log message="inquire route start" />
		<!-- <to uri="cxfbean:jaxrsServices?providers=jaxrsProviders" /> -->
		<to uri="direct:inquire-account-request-route" />
		<to uri="direct:inquire-account-response-route" />
		<log message="inquire route end" />
	</route>

	<route id="inquire-account-request-route">
		<from uri="direct:inquire-account-request-route" />
		<convertBodyTo type="java.lang.String" />
		<to uri="bean:inquireAccountRequestProcessor?method=process" />
		<onException>
			<exception>java.lang.Exception</exception>
			<to uri="bean:errorHandler?method=handleError" />
			<handled>
				<constant>true</constant>
			</handled>
		</onException>
	</route>

	<route id="inquire-account-response-route">
		<from uri="direct:inquire-account-response-route" />
		<setHeader headerName="Exchange.HTTP_URI">
			<simple>${bean:commonUtil?method=getProperty($simple{in.header.emmproductcode}.search.account.url)}
			</simple>
		</setHeader>
		<setHeader headerName="Authorization">
			<simple>${exchangeProperty.callerAuthToken}</simple>
		</setHeader>
		<setHeader headerName="CamelHttpMethod">
			<constant>GET</constant>
		</setHeader>
		<setHeader headerName="Exchange.HTTP_QUERY">
			<simple>${in.header.SearchQueryParam}</simple>
		</setHeader>
		<setHeader headerName="Exchange.CONTENT_TYPE">
			<constant>application/json</constant>
		</setHeader>
		<setHeader headerName="Accept">
			<constant>application/json</constant>
		</setHeader>
		<log message="Calling InquireAccount with Headers: ${headers}" />
		<choice>
			<when>
				<simple>"{{use.proxy}}" != 'Y'</simple>
				<to uri="http4://headeruri?throwExceptionOnFailure=false" />
			</when>
			<otherwise>
				<to
					uri="http4://headeruri?throwExceptionOnFailure=false&amp;proxyAuthHost={{proxy.auth.host}}&amp;proxyAuthPort={{proxy.auth.port}}" />
			</otherwise>
		</choice>
		<choice>
			<when>
				<simple>${header.CamelHttpResponseCode} != 200</simple>
				<to uri="bean:errorHandler?method=handleError" />
			</when>
			<otherwise>
				<convertBodyTo type="java.lang.String" />
				<to uri="bean:inquireAccountResponseProcessor?method=handleResponse" />
			</otherwise>
		</choice>
		<onException>
			<exception>java.lang.Exception</exception>
			<to uri="bean:errorHandler?method=handleError" />
			<handled>
				<constant>true</constant>
			</handled>
		</onException>
	</route>
</routes>