<?xml version="1.0" encoding="UTF-8"?>
<jcr:root xmlns:cq="http://www.day.com/jcr/cq/1.0" xmlns:jcr="http://www.jcp.org/jcr/1.0" xmlns:nt="http://www.jcp.org/jcr/nt/1.0"
    jcr:primaryType="cq:Dialog"
    activeTab="0"
    xtype="dialog">
    <items jcr:primaryType="cq:TabPanel">
        <items jcr:primaryType="cq:WidgetCollection">
            <tab1
                jcr:primaryType="cq:Panel"
                title="Header Details">
                <items jcr:primaryType="cq:WidgetCollection">
                    <headingText
                        jcr:primaryType="cq:Widget"
                        defaultValue="Error Message"
                        fieldDescription="Eg: Error Message"
                        fieldLabel="Heading Text"
                        name="./headingText"
                        xtype="textfield"/>
                    <modalContent
                        jcr:primaryType="cq:Widget"
                        defaultValue="We're sorry, but we were unable to update your order with your selections. Please try again. If the problem persists, call 855.632.8209 for assistance."
                        fieldDescription="Note: Use source edit for entering text"
                        fieldLabel="Modal Content"
                        name="./modalContent"
                        xtype="richtext">
                        <htmlRules jcr:primaryType="nt:unstructured">
                            <links
                                jcr:primaryType="nt:unstructured"
                                ensureInternalLinkExt="{Boolean}false"
                                protocols="[http://,https://,mailto:]"/>
                        </htmlRules>
                        <rtePlugins
                            jcr:primaryType="nt:unstructured"
                            path="/apps/att/att-foundation/components/richtext/dialog/items/text/rtePlugins.infinity.json"
                            xtype="cqinclude"/>
                    </modalContent>
                    <modalbutton
                        jcr:primaryType="cq:Widget"
                        defaultValue="Ok"
                        fieldDescription="Eg: Ok"
                        fieldLabel="Modal Button Text"
                        name="./buttonText"
                        xtype="textfield"/>
                </items>
            </tab1>
        </items>
    </items>
</jcr:root>
