<?xml version="1.0" encoding="UTF-8"?>
<jcr:root xmlns:cq="http://www.day.com/jcr/cq/1.0" xmlns:jcr="http://www.jcp.org/jcr/1.0" xmlns:nt="http://www.jcp.org/jcr/nt/1.0"
    jcr:primaryType="cq:TabPanel"
    activeTab="0"
    xtype="tabpanel">
    <items jcr:primaryType="cq:WidgetCollection">
        <_x0031_-tab1
            jcr:primaryType="cq:Widget"
            ddGroups="[media]"
            fileNameParameter="./image/fileName"
            fileReferenceParameter="./image/fileReference"
            name="./image/file"
            requestSuffix="/image.img.png"
            sizeLimit="100"
            title="Panel Image"
            uploadUrl="/tmp/upload/*"
            xtype="smartimage"/>
        <_x0032_-tab2
            jcr:primaryType="cq:Widget"
            anchor="100%"
            autoHeight="{Boolean}true"
            title="Text"
            xtype="panel">
            <items jcr:primaryType="cq:WidgetCollection">
                <_x0032_-text
                    jcr:primaryType="cq:Widget"
                    autoHeight="{Boolean}true"
                    fieldLabel="Main Text"
                    hideLabel="{Boolean}false"
                    name="./text"
                    xtype="richtext">
                    <rtePlugins jcr:primaryType="nt:unstructured">
                        <edit
                            jcr:primaryType="nt:unstructured"
                            defaultPasteMode="plaintext"/>
                    </rtePlugins>
                </_x0032_-text>
                <isRichTextFlag
                    jcr:primaryType="cq:Widget"
                    ignoreData="{Boolean}true"
                    name="./textIsRich"
                    value="true"
                    xtype="hidden"/>
                <resType
                    jcr:primaryType="cq:Widget"
                    ignoreData="{Boolean}true"
                    name="./image/sling:resourceType"
                    value="foundation/components/image"
                    xtype="hidden"/>
            </items>
        </_x0032_-tab2>
        <_x0033_-tab3
            jcr:primaryType="cq:Widget"
            anchor="100%"
            autoHeight="{Boolean}true"
            title="Conditional Flag Options"
            xtype="panel">
            <items jcr:primaryType="cq:WidgetCollection">
                <caimflag
                    jcr:primaryType="cq:Widget"
                    fieldLabel="Do you want to have caimZipRollout conditional for this block?"
                    inputValue="true"
                    name="./caimZipRollout"
                    type="checkbox"
                    xtype="selection"/>
                <adresearchflag
                    jcr:primaryType="cq:Widget"
                    fieldLabel="Do you want to have addresearchZipRollout conditional for this block?"
                    inputValue="true"
                    name="./adrRschZipRollout"
                    type="checkbox"
                    xtype="selection"/>
            </items>
        </_x0033_-tab3>
        <_x0034_-tab4
            jcr:primaryType="cq:Widget"
            anchor="100%"
            autoHeight="{Boolean}true"
            title="CTA Layout Option"
            xtype="panel">
            <items jcr:primaryType="cq:WidgetCollection">
                <choose
                    jcr:primaryType="cq:Widget"
                    defaultValue="0"
                    fieldDescription="Choose a Layout Option"
                    fieldLabel="Layout Option"
                    name="./choose"
                    type="select"
                    xtype="selection">
                    <options jcr:primaryType="cq:WidgetCollection">
                        <_x0030_-ctabelowtxt
                            jcr:primaryType="nt:unstructured"
                            text="CTA Below Text Description"
                            value="ctabelowtxt"/>
                        <_x0031_-ctanexttotxt
                            jcr:primaryType="nt:unstructured"
                            text="CTA Next to Text Description"
                            value="ctanexttotxt"/>
                    </options>
                </choose>
            </items>
        </_x0034_-tab4>
    </items>
</jcr:root>
