{
	"variables": [],
	"info": {
		"name": "Account",
		"_postman_id": "4b7d6e5f-253a-e1b1-1256-1eb4e1352604",
		"description": "",
		"schema": "https://schema.getpostman.com/json/collection/v2.0.0/collection.json"
	},
	"item": [
		{
			"name": "CreateTenantAccount",
			"event": [
				{
					"listen": "test",
					"script": {
						"type": "text/javascript",
						"exec": [
							"var jsonData = JSON.parse(responseBody);",
							"postman.setEnvironmentVariable(\"customerBillingId\", jsonData.account.billingId);",
							"postman.setEnvironmentVariable(\"customerUserName\", jsonData.account.adminUserName);"
						]
					}
				}
			],
			"request": {
				"url": "https://services.m3.maas360.com/account-provisioning/account/1.0/createCustomerAccount/{{partnerBillingId}}",
				"method": "POST",
				"header": [
					{
						"key": "Authorization",
						"value": "MaaS token=\"{{adminAuthToken}}\"",
						"description": ""
					},
					{
						"key": "Content-Type",
						"value": "application/x-www-form-urlencoded",
						"description": ""
					},
					{
						"key": "Accept",
						"value": "application/json",
						"description": ""
					}
				],
				"body": {
					"mode": "urlencoded",
					"urlencoded": [
						{
							"key": "billingId",
							"value": "{{partnerBillingId}}",
							"type": "text",
							"enabled": true
						},
						{
							"key": "accountType",
							"value": "Customer",
							"type": "text",
							"enabled": true
						},
						{
							"key": "accountName",
							"value": "SivaMuthusamy1",
							"type": "text",
							"enabled": true
						},
						{
							"key": "adminEmailAddress",
							"value": "sm7993@att.com",
							"type": "text",
							"enabled": true
						},
						{
							"key": "externalAccountID",
							"value": "{{fan}}",
							"type": "text",
							"enabled": true
						},
						{
							"key": "forceAdminAcceptEULA",
							"value": "No",
							"type": "text",
							"enabled": true
						},
						{
							"key": "sendWelcomeEmail",
							"value": "Yes",
							"type": "text",
							"enabled": true
						},
						{
							"key": "allowPortalLogin",
							"value": "1",
							"type": "text",
							"enabled": true
						},
						{
							"key": "committedLicenses",
							"value": "0",
							"type": "text",
							"enabled": true
						},
						{
							"key": "password",
							"value": "{{customerPassword}}",
							"type": "text",
							"enabled": true
						}
					]
				},
				"description": "Create Account Request - Using Form Fields."
			},
			"response": []
		},
		{
			"name": "SearchAccounts",
			"request": {
				"url": "https://services.m3.maas360.com/account-provisioning/account/1.0/searchCustomers/{{partnerBillingId}}",
				"method": "GET",
				"header": [
					{
						"key": "Authorization",
						"value": "MaaS token=\"{{adminAuthToken}}\"",
						"description": ""
					},
					{
						"key": "Accept",
						"value": "application/json",
						"description": ""
					}
				],
				"body": {},
				"description": "SearchAccount - GET\n\nPOST is not supported and only GET. Can pass the externalAccountID to filter the result."
			},
			"response": []
		},
		{
			"name": "ExpireAccount",
			"request": {
				"url": "https://services.m3.maas360.com/account-provisioning/account/1.0/expireAccount/{{partnerBillingId}}",
				"method": "POST",
				"header": [
					{
						"key": "Authorization",
						"value": "MaaS token=\"{{adminAuthToken}}\"",
						"description": ""
					},
					{
						"key": "Content-Type",
						"value": "application/x-www-form-urlencoded",
						"description": ""
					}
				],
				"body": {
					"mode": "urlencoded",
					"urlencoded": [
						{
							"key": "customerBillingId",
							"value": "{{customerBillingId}}",
							"type": "text",
							"enabled": true
						}
					]
				},
				"description": "ExpireAccount"
			},
			"response": []
		}
	]
}