{
	"variables": [],
	"info": {
		"name": "Apps",
		"_postman_id": "cbebff0c-1578-8f8b-3b15-98265030d985",
		"description": "",
		"schema": "https://schema.getpostman.com/json/collection/v2.0.0/collection.json"
	},
	"item": [
		{
			"name": "SearhApps",
			"request": {
				"url": "https://services.m3.maas360.com/application-apis/installedApps/1.0/search/{{customerBillingId}}",
				"method": "GET",
				"header": [
					{
						"key": "Authorization",
						"value": "MaaS token=\"{{customerAuthToken}}\"",
						"description": ""
					}
				],
				"body": {},
				"description": "Device Search V2"
			},
			"response": []
		},
		{
			"name": "InstallApps",
			"request": {
				"url": "https://services.m3.maas360.com/application-apis/applications/1.0/distributeApp/{{customerBillingId}}",
				"method": "POST",
				"header": [
					{
						"key": "Authorization",
						"value": "MaaS token=\"{{customerAuthToken}}\"",
						"description": ""
					},
					{
						"key": "Content-Type",
						"value": "application/x-www-form-urlencoded",
						"description": ""
					}
				],
				"body": {
					"mode": "urlencoded",
					"urlencoded": [
						{
							"key": "appType",
							"value": "3",
							"type": "text",
							"enabled": true
						},
						{
							"key": "appId",
							"value": "com.google.android.calendar",
							"type": "text",
							"enabled": true
						},
						{
							"key": "targetDevices",
							"value": "2",
							"type": "text",
							"enabled": true
						},
						{
							"key": "deviceId",
							"value": "{{deviceId}}",
							"type": "text",
							"enabled": true
						},
						{
							"key": "sendEmail",
							"value": "Yes",
							"type": "text",
							"enabled": true
						},
						{
							"key": "sendNotification",
							"value": "No",
							"type": "text",
							"enabled": true
						}
					]
				},
				"description": "Install Applications"
			},
			"response": []
		},
		{
			"name": "DeleteApps",
			"request": {
				"url": "https://services.m3.maas360.com/application-apis/applications/1.0/deleteApp/{{customerBillingId}}",
				"method": "POST",
				"header": [
					{
						"key": "Authorization",
						"value": "MaaS token=\"{{customerAuthToken}}\"",
						"description": ""
					},
					{
						"key": "Content-Type",
						"value": "application/x-www-form-urlencoded",
						"description": ""
					}
				],
				"body": {
					"mode": "urlencoded",
					"urlencoded": [
						{
							"key": "deviceId",
							"value": "{{authToken}}",
							"type": "text",
							"enabled": true
						},
						{
							"key": "appId",
							"value": "com.vikatanapp",
							"type": "text",
							"enabled": true
						},
						{
							"key": "appType",
							"value": "4",
							"type": "text",
							"enabled": true
						}
					]
				},
				"description": "Delete Applications"
			},
			"response": []
		}
	]
}