{
	"variables": [],
	"info": {
		"name": "Authentication",
		"_postman_id": "c2191c4e-7d0f-ef41-b568-768bcbc9f6bd",
		"description": "",
		"schema": "https://schema.getpostman.com/json/collection/v2.0.0/collection.json"
	},
	"item": [
		{
			"name": "PartnerAuthentication",
			"event": [
				{
					"listen": "test",
					"script": {
						"type": "text/javascript",
						"exec": [
							"var jsonData = JSON.parse(responseBody);",
							"postman.setEnvironmentVariable(\"adminAuthToken\", jsonData.authResponse.authToken);",
							""
						]
					}
				}
			],
			"request": {
				"url": "https://services.m3.maas360.com/auth-apis/auth/1.0/authenticate/{{partnerBillingId}}",
				"method": "POST",
				"header": [
					{
						"key": "Content-Type",
						"value": "application/json",
						"description": ""
					},
					{
						"key": "Accept",
						"value": "application/json",
						"description": ""
					}
				],
				"body": {
					"mode": "raw",
					"raw": "{\r\n  \"authRequest\": {\r\n    \"maaS360AdminAuth\": {\r\n      \"billingID\": \"{{partnerBillingId}}\",\r\n      \"platformID\": \"{{platformID}}\",\r\n      \"appID\": \"{{appID}}\",\r\n      \"appVersion\": \"{{appVersion}}\",\r\n      \"appAccessKey\": \"{{appAccessKey}}\",\r\n      \"userName\": \"{{adminUserName}}\",\r\n      \"password\": \"{{adminPassword}}\"\r\n    }\r\n  }\r\n}"
				},
				"description": ""
			},
			"response": []
		},
		{
			"name": "CustomerAuthentication",
			"event": [
				{
					"listen": "test",
					"script": {
						"type": "text/javascript",
						"exec": [
							"var jsonData = JSON.parse(responseBody);",
							"postman.setEnvironmentVariable(\"customerAuthToken\", jsonData.authResponse.authToken);"
						]
					}
				}
			],
			"request": {
				"url": "https://services.m3.maas360.com/auth-apis/auth/1.0/authenticate/{{customerBillingId}}",
				"method": "POST",
				"header": [
					{
						"key": "Content-Type",
						"value": "application/json",
						"description": ""
					},
					{
						"key": "Accept",
						"value": "application/json",
						"description": ""
					}
				],
				"body": {
					"mode": "raw",
					"raw": "{\r\n  \"authRequest\": {\r\n    \"maaS360AdminAuth\": {\r\n      \"billingID\": \"{{customerBillingId}}\",\r\n      \"platformID\": \"3\",\r\n      \"appID\": \"com.att.api\",\r\n      \"appVersion\": \"1.0\",\r\n      \"appAccessKey\": \"FZZ4QXRlDs\",\r\n      \"userName\": \"{{customerUserName}}\",\r\n      \"password\": \"{{customerPassword}}\"\r\n    }\r\n  }\r\n}"
				},
				"description": ""
			},
			"response": []
		}
	]
}