{
	"variables": [],
	"info": {
		"name": "Devices",
		"_postman_id": "d961971a-9a95-6c62-eda3-c109bc508781",
		"description": "",
		"schema": "https://schema.getpostman.com/json/collection/v2.0.0/collection.json"
	},
	"item": [
		{
			"name": "EnrollDevice",
			"event": [
				{
					"listen": "test",
					"script": {
						"type": "text/javascript",
						"exec": [
							"var jsonData = JSON.parse(responseBody);",
							"postman.setEnvironmentVariable(\"deviceEnrollmentId\", jsonData.deviceEnrollment.enrollmentId);"
						]
					}
				}
			],
			"request": {
				"url": "https://services.m3.maas360.com/device-apis/devices/1.0/enrollDevice/{{customerBillingId}}",
				"method": "POST",
				"header": [
					{
						"key": "Authorization",
						"value": "MaaS token=\"{{customerAuthToken}}\"",
						"description": ""
					},
					{
						"key": "Content-Type",
						"value": "application/x-www-form-urlencoded",
						"description": ""
					},
					{
						"key": "Accept",
						"value": "application/json",
						"description": ""
					}
				],
				"body": {
					"mode": "urlencoded",
					"urlencoded": [
						{
							"key": "userName",
							"value": "{{deviceUserName}}",
							"type": "text",
							"enabled": true
						},
						{
							"key": "domain",
							"value": "att.com",
							"type": "text",
							"enabled": true
						},
						{
							"key": "emailAddress",
							"value": "{{deviceUserEmail}}",
							"type": "text",
							"enabled": true
						},
						{
							"key": "phoneNumber",
							"value": "{{ctn}}",
							"type": "text",
							"enabled": true
						},
						{
							"key": "sendSMSUser",
							"value": "Yes",
							"type": "text",
							"enabled": true
						},
						{
							"key": "emailUser",
							"value": "Yes",
							"type": "text",
							"enabled": true
						},
						{
							"key": "emailAdmin",
							"value": "Yes",
							"type": "text",
							"enabled": true
						}
					]
				},
				"description": "enrollDevice"
			},
			"response": [
				{
					"id": "909bd0c7-2f7f-459d-9970-26db88b0d006",
					"name": "EnrollDevice_Response",
					"originalRequest": {
						"url": "https://services.m3.maas360.com/device-apis/devices/1.0/enrollDevice/30052663",
						"method": "POST",
						"header": [
							{
								"key": "Authorization",
								"value": "MaaS token=\"949a1649-c7db-40aa-b09a-9c0394fdf77c-C3L8q2A\"",
								"type": "text",
								"enabled": true,
								"disabled": false
							},
							{
								"key": "Content-Type",
								"name": "Content-Type",
								"value": "application/x-www-form-urlencoded",
								"disabled": false
							}
						],
						"body": {
							"mode": "formdata",
							"formdata": [
								{
									"key": "userName",
									"value": "30056293_sm2017",
									"type": "text",
									"enabled": true
								},
								{
									"key": "domain",
									"value": "att.com",
									"type": "text",
									"enabled": true
								},
								{
									"key": "emailAddress",
									"value": "sm7993@att.com",
									"type": "text",
									"enabled": true
								},
								{
									"key": "phoneNumber",
									"value": "4699550815",
									"type": "text",
									"enabled": true
								},
								{
									"key": "sendSMSUser",
									"value": "Yes",
									"type": "text",
									"enabled": true
								}
							]
						}
					},
					"status": "Unauthorized",
					"code": 401,
					"_postman_previewlanguage": "html",
					"_postman_previewtype": "text",
					"header": [
						{
							"key": "Connection",
							"value": "Keep-Alive",
							"name": "Connection",
							"description": "Options that are desired for the connection"
						},
						{
							"key": "Content-Language",
							"value": "en",
							"name": "Content-Language",
							"description": "The language the content is in"
						},
						{
							"key": "Content-Length",
							"value": "967",
							"name": "Content-Length",
							"description": "The length of the response body in octets (8-bit bytes)"
						},
						{
							"key": "Content-Type",
							"value": "text/html;charset=utf-8",
							"name": "Content-Type",
							"description": "The mime type of this content"
						},
						{
							"key": "Date",
							"value": "Wed, 15 Mar 2017 02:41:54 GMT",
							"name": "Date",
							"description": "The date and time that the message was sent"
						},
						{
							"key": "Keep-Alive",
							"value": "timeout=5, max=10000",
							"name": "Keep-Alive",
							"description": "Custom header"
						},
						{
							"key": "Strict-Transport-Security",
							"value": "max-age=31536000; includeSubDomains",
							"name": "Strict-Transport-Security",
							"description": "A HSTS Policy informing the HTTP client how long to cache the HTTPS only policy and whether this applies to subdomains."
						},
						{
							"key": "X-Rate-Limit-Max",
							"value": "100000",
							"name": "X-Rate-Limit-Max",
							"description": "Custom header"
						},
						{
							"key": "X-Rate-Limit-Remaining",
							"value": "99990",
							"name": "X-Rate-Limit-Remaining",
							"description": "Custom header"
						},
						{
							"key": "X-Rate-Limit-ResetWindow",
							"value": "85873",
							"name": "X-Rate-Limit-ResetWindow",
							"description": "Custom header"
						}
					],
					"cookie": [],
					"responseTime": 179,
					"body": "<html><head><title>Fiberlink Server - Error report</title><style><!--H1 {font-family:Tahoma,Arial,sans-serif;color:white;background-color:#525D76;font-size:22px;} H2 {font-family:Tahoma,Arial,sans-serif;color:white;background-color:#525D76;font-size:16px;} H3 {font-family:Tahoma,Arial,sans-serif;color:white;background-color:#525D76;font-size:14px;} BODY {font-family:Tahoma,Arial,sans-serif;color:black;background-color:white;} B {font-family:Tahoma,Arial,sans-serif;color:white;background-color:#525D76;} P {font-family:Tahoma,Arial,sans-serif;background:white;color:black;font-size:12px;}A {color : black;}A.name {color : black;}HR {color : #525D76;}--></style> </head><body><h1>HTTP Status 401 - Not entitled</h1><HR size=\"1\" noshade=\"noshade\"><p><b>type</b> Status report</p><p><b>message</b> <u>Not entitled</u></p><p><b>description</b> <u>This request requires HTTP authentication.</u></p><HR size=\"1\" noshade=\"noshade\"><h3>Fiberlink Server</h3></body></html>"
				},
				{
					"id": "5ec3a3e2-cdd3-489b-9793-a9bb564ee29a",
					"name": "EnrollDeviceResponse",
					"originalRequest": {
						"url": "https://services.m3.maas360.com/device-apis/devices/1.0/enrollDevice/30056295",
						"method": "POST",
						"header": [
							{
								"key": "Authorization",
								"value": "MaaS token=\"ce2a500c-732f-4c4d-8629-74efa7e7cbc0-C3Pzeb3\"",
								"type": "text",
								"enabled": true,
								"disabled": false
							},
							{
								"key": "Content-Type",
								"name": "Content-Type",
								"value": "application/x-www-form-urlencoded",
								"disabled": false
							}
						],
						"body": {
							"mode": "urlencoded",
							"urlencoded": [
								{
									"key": "userName",
									"value": "dummy12",
									"type": "text",
									"enabled": true
								},
								{
									"key": "domain",
									"value": "att.com",
									"type": "text",
									"enabled": true
								},
								{
									"key": "emailAddress",
									"value": "sm7993@att.com",
									"type": "text",
									"enabled": true
								},
								{
									"key": "phoneNumber",
									"value": "4699550815",
									"type": "text",
									"enabled": true
								},
								{
									"key": "sendSMSUser",
									"value": "Yes",
									"type": "text",
									"enabled": true
								}
							]
						}
					},
					"status": "OK",
					"code": 200,
					"_postman_previewlanguage": "xml",
					"_postman_previewtype": "text",
					"header": [
						{
							"key": "Connection",
							"value": "close",
							"name": "Connection",
							"description": "Options that are desired for the connection"
						},
						{
							"key": "Content-Length",
							"value": "359",
							"name": "Content-Length",
							"description": "The length of the response body in octets (8-bit bytes)"
						},
						{
							"key": "Content-Type",
							"value": "application/xml",
							"name": "Content-Type",
							"description": "The mime type of this content"
						},
						{
							"key": "Date",
							"value": "Wed, 15 Mar 2017 16:08:55 GMT",
							"name": "Date",
							"description": "The date and time that the message was sent"
						},
						{
							"key": "Strict-Transport-Security",
							"value": "max-age=31536000; includeSubDomains",
							"name": "Strict-Transport-Security",
							"description": "A HSTS Policy informing the HTTP client how long to cache the HTTPS only policy and whether this applies to subdomains."
						},
						{
							"key": "X-Rate-Limit-Max",
							"value": "100000",
							"name": "X-Rate-Limit-Max",
							"description": "Custom header"
						},
						{
							"key": "X-Rate-Limit-Remaining",
							"value": "99999",
							"name": "X-Rate-Limit-Remaining",
							"description": "Custom header"
						},
						{
							"key": "X-Rate-Limit-ResetWindow",
							"value": "86400",
							"name": "X-Rate-Limit-ResetWindow",
							"description": "Custom header"
						}
					],
					"cookie": [],
					"responseTime": 241,
					"body": "<?xml version=\"1.0\" encoding=\"UTF-8\" standalone=\"yes\"?><deviceEnrollment><corporateIdentifier>30056295</corporateIdentifier><enrollmentId>5517216</enrollmentId><passcode>6rw698f</passcode><qrCodeURL>https://m3.maas360.com/chart?cht=qr&amp;chs=200x200&amp;chl=https://m.dm/30056295/5517216</qrCodeURL><url>https://m.dm/30056295/5517216</url></deviceEnrollment>"
				}
			]
		},
		{
			"name": "SearchDevice",
			"event": [
				{
					"listen": "test",
					"script": {
						"type": "text/javascript",
						"exec": [
							"var jsonData = JSON.parse(responseBody);",
							"if(jsonData.devices.device.imeiEsn != null && (jsonData.devices.device.imeiEsn).length != \"\")",
							"postman.setEnvironmentVariable(\"imei\", jsonData.devices.device.imeiEsn);"
						]
					}
				}
			],
			"request": {
				"url": "https://services.m3.maas360.com/device-apis/devices/2.0/search/customer/{{customerBillingId}}?maas360DeviceId={{deviceId}}",
				"method": "GET",
				"header": [
					{
						"key": "Authorization",
						"value": "MaaS token=\"{{customerAuthToken}}\"",
						"description": ""
					},
					{
						"key": "Accept",
						"value": "application/json",
						"description": ""
					}
				],
				"body": {},
				"description": "Device Search V2"
			},
			"response": []
		},
		{
			"name": "SearchActionHistroy",
			"request": {
				"url": "https://services.m3.maas360.com/device-apis/devices/1.0/searchActionHistory/{{customerBillingId}}?complianceEventsOnly=No",
				"method": "GET",
				"header": [
					{
						"key": "Authorization",
						"value": "MaaS token=\"{{customerAuthToken}}\"",
						"description": ""
					}
				],
				"body": {},
				"description": "Device Search Action history."
			},
			"response": []
		},
		{
			"name": "ManageDeviceEnrollment",
			"event": [
				{
					"listen": "test",
					"script": {
						"type": "text/javascript",
						"exec": [
							"var jsonData = JSON.parse(responseBody);",
							"if(jsonData.deviceEnrollments.deviceEnrollment.maas360DeviceID != null && (jsonData.deviceEnrollments.deviceEnrollment.maas360DeviceID).length != \"\")",
							"postman.setEnvironmentVariable(\"deviceId\", jsonData.deviceEnrollments.deviceEnrollment.maas360DeviceID);"
						]
					}
				}
			],
			"request": {
				"url": "https://services.m3.maas360.com/device-apis/devices/1.0/manageDeviceEnrollments/{{customerBillingId}}?enrollmentId={{deviceEnrollmentId}}",
				"method": "GET",
				"header": [
					{
						"key": "Authorization",
						"value": "MaaS token=\"{{customerAuthToken}}\"",
						"description": ""
					},
					{
						"key": "Accept",
						"value": "application/json",
						"description": ""
					}
				],
				"body": {},
				"description": "To get the deviceId and status."
			},
			"response": []
		},
		{
			"name": "GetDevicePolicies",
			"request": {
				"url": "https://services.m3.maas360.com/device-apis/devices/1.0/policies/{{customerBillingId}}",
				"method": "GET",
				"header": [
					{
						"key": "Authorization",
						"value": "MaaS token=\"{{customerAuthToken}}\"",
						"description": ""
					},
					{
						"key": "Accept",
						"value": "application/json",
						"description": ""
					}
				],
				"body": {},
				"description": "To get the policy ids."
			},
			"response": []
		},
		{
			"name": "SearchInstalledApps",
			"request": {
				"url": "https://services.m3.maas360.com/device-apis/devices/1.0/softwareInstalled/{{customerBillingId}}?deviceId={{deviceId}}",
				"method": "GET",
				"header": [
					{
						"key": "Authorization",
						"value": "MaaS token=\"{{customerAuthToken}}\"",
						"description": ""
					},
					{
						"key": "Accept",
						"value": "application/json",
						"description": ""
					}
				],
				"body": {},
				"description": "Device Search V2"
			},
			"response": []
		}
	]
}