{
	"variables": [],
	"info": {
		"name": "Users",
		"_postman_id": "f8c01f8a-5080-784e-653d-757cab0f1e67",
		"description": "",
		"schema": "https://schema.getpostman.com/json/collection/v2.0.0/collection.json"
	},
	"item": [
		{
			"name": "AddDeviceUser",
			"event": [
				{
					"listen": "test",
					"script": {
						"type": "text/javascript",
						"exec": [
							"var jsonData = JSON.parse(responseBody);",
							"postman.setEnvironmentVariable(\"deviceUserIdentifier\", jsonData.response.userIdentifier);",
							""
						]
					}
				}
			],
			"request": {
				"url": "https://services.m3.maas360.com/user-apis/user/1.0/addUser/customer/{{customerBillingId}}",
				"method": "POST",
				"header": [
					{
						"key": "Authorization",
						"value": "MaaS token=\"{{customerAuthToken}}\"",
						"description": ""
					},
					{
						"key": "Content-Type",
						"value": "application/x-www-form-urlencoded",
						"description": ""
					},
					{
						"key": "Accept",
						"value": "application/json",
						"description": ""
					}
				],
				"body": {
					"mode": "urlencoded",
					"urlencoded": [
						{
							"key": "fullname",
							"value": "{{deviceUserFullname}}",
							"type": "text",
							"enabled": true
						},
						{
							"key": "userName",
							"value": "{{deviceUserName}}",
							"type": "text",
							"enabled": true
						},
						{
							"key": "domain",
							"value": "att.com",
							"type": "text",
							"enabled": true
						},
						{
							"key": "email",
							"value": "{{deviceUserEmail}}",
							"type": "text",
							"enabled": true
						}
					]
				},
				"description": "Add Local User Account"
			},
			"response": [
				{
					"id": "3c129955-7f6a-400b-857e-3a5e77e82f1f",
					"name": "ALUA_RESPONSE",
					"originalRequest": {
						"url": "https://services.m3.maas360.com/user-apis/user/1.0/addUser/customer/30052663",
						"method": "POST",
						"header": [
							{
								"key": "Authorization",
								"value": "MaaS token=\"15cd60b7-1893-49d4-a966-133680173f0d-C3L2iuN\"",
								"type": "text",
								"enabled": true,
								"disabled": false
							},
							{
								"key": "Content-Type",
								"type": "text",
								"name": "Content-Type",
								"value": "application/x-www-form-urlencoded",
								"disabled": false
							}
						],
						"body": {
							"mode": "formdata",
							"formdata": [
								{
									"key": "userName",
									"value": "sm7asdr",
									"type": "text",
									"enabled": true
								},
								{
									"key": "domain",
									"value": "dom.com",
									"type": "text",
									"enabled": true
								},
								{
									"key": "email",
									"value": "test@test.com",
									"type": "text",
									"enabled": true
								}
							]
						}
					},
					"status": "Internal Server Error",
					"code": 500,
					"_postman_previewlanguage": "xml",
					"_postman_previewtype": "text",
					"header": [
						{
							"key": "Connection",
							"value": "close",
							"name": "Connection",
							"description": "Options that are desired for the connection"
						},
						{
							"key": "Content-Length",
							"value": "143",
							"name": "Content-Length",
							"description": "The length of the response body in octets (8-bit bytes)"
						},
						{
							"key": "Content-Type",
							"value": "application/xml",
							"name": "Content-Type",
							"description": "The mime type of this content"
						},
						{
							"key": "Date",
							"value": "Wed, 15 Mar 2017 02:24:07 GMT",
							"name": "Date",
							"description": "The date and time that the message was sent"
						},
						{
							"key": "Strict-Transport-Security",
							"value": "max-age=31536000; includeSubDomains",
							"name": "Strict-Transport-Security",
							"description": "A HSTS Policy informing the HTTP client how long to cache the HTTPS only policy and whether this applies to subdomains."
						},
						{
							"key": "X-Rate-Limit-Max",
							"value": "100000",
							"name": "X-Rate-Limit-Max",
							"description": "Custom header"
						},
						{
							"key": "X-Rate-Limit-Remaining",
							"value": "99992",
							"name": "X-Rate-Limit-Remaining",
							"description": "Custom header"
						},
						{
							"key": "X-Rate-Limit-ResetWindow",
							"value": "86113",
							"name": "X-Rate-Limit-ResetWindow",
							"description": "Custom header"
						}
					],
					"cookie": [],
					"responseTime": 245,
					"body": "<?xml version=\"1.0\" encoding=\"UTF-8\" standalone=\"yes\"?><response><description>Unknown error occured.</description><status>1</status></response>"
				}
			]
		}
	]
}