<?xml version="1.0" encoding="UTF-8"?>
<jcr:root xmlns:cq="http://www.day.com/jcr/cq/1.0" xmlns:jcr="http://www.jcp.org/jcr/1.0"
    jcr:primaryType="cq:Dialog"
    autoWidth="{Boolean}false"
    width="720"
    xtype="dialog">
    <items
        jcr:primaryType="cq:Widget"
        xtype="tabpanel">
        <items jcr:primaryType="cq:WidgetCollection">
            <links
                jcr:primaryType="cq:Widget"
                title="Links"
                xtype="panel">
                <items jcr:primaryType="cq:WidgetCollection">
                    <links
                        jcr:primaryType="cq:Widget"
                        fieldLabel="Links"
                        fieldSubLabel="(Link Title, Link URL)"
                        name="./linklist"
                        title="Links"
                        xtype="multifieldmultifield">
                        <fieldConfig jcr:primaryType="cq:WidgetCollection">
                            <field1
                                jcr:primaryType="cq:Widget"
                                fieldLabel="Title Text"
                                name="titleText"
                                xtype="textfield"/>
                            <field2
                                jcr:primaryType="cq:Widget"
                                fieldLabel="Link Url"
                                name="linkUrl"
                                xtype="pathfield"/>
                        </fieldConfig>
                    </links>
                </items>
            </links>
        </items>
    </items>
</jcr:root>
