<?xml version="1.0" encoding="UTF-8"?>
<jcr:root xmlns:cq="http://www.day.com/jcr/cq/1.0" xmlns:jcr="http://www.jcp.org/jcr/1.0"
    jcr:primaryType="cq:Dialog"
    autoWidth="{Boolean}false"
    width="720"
    xtype="dialog"
    fileUpload="true" >
    <items
        jcr:primaryType="cq:Widget"
        xtype="tabpanel">
        <items jcr:primaryType="cq:WidgetCollection">
            <breadcrumb
                jcr:primaryType="cq:Widget"
                title="Top Links (Breadcrumb)"
                xtype="panel">
                <items jcr:primaryType="cq:WidgetCollection">
                    <title
                        jcr:primaryType="cq:Widget"
                        fieldDescription="(Shop)"
                        fieldLabel="Parent Link Title"
                        name="./linktitle"
                        xtype="textfield"/>
                    <link
                        jcr:primaryType="cq:Widget"
                        fieldLabel="Parent Link Link"
                        name="./linklink"
                        xtype="pathfield"
                        width="320" />
                    <current
                        jcr:primaryType="cq:Widget"
                        fieldDescription="(Wireless, Uverse, etc)"
                        fieldLabel="Current Page Title"
                        name="./currentpagetitle"
                        xtype="textfield"/>
                </items>
            </breadcrumb>
            <image
                jcr:primaryType="cq:Widget"
                cropParameter="./image/imageCrop"
                ddGroups="[media]"
                fileNameParameter="./image/fileName"
                fileReferenceParameter="./image/fileReference"
                mapParameter="./image/imageMap"
                name="./image/file"
                requestSuffix="/image.img.png"
                rotateParameter="./image/imageRotate"
                title="Current Page Image"
                uploadUrl="/tmp/upload_test/*"
                xtype="smartimage"/>
            <advanced
                jcr:primaryType="cq:Widget"
                title="Advanced"
                xtype="panel">
                <items jcr:primaryType="cq:WidgetCollection">
                    <title
                        jcr:primaryType="cq:Widget"
                        fieldLabel="Title"
                        name="./image/jcr:title"
                        xtype="textfield"/>
                    <alt
                        jcr:primaryType="cq:Widget"
                        fieldDescription="(leave empty to use the title defined above)"
                        fieldLabel="Alt Text"
                        name="./image/alt"
                        xtype="textfield"/>
                    <resType
                        jcr:primaryType="cq:Widget"
                        ignoreData="{Boolean}true"
                        name="./image/sling:resourceType"
                        value="foundation/components/image"
                        xtype="hidden"/>
                </items>
            </advanced>
            <links1
                jcr:primaryType="cq:Widget"
                title="Link List 1"
                xtype="panel">
                <items jcr:primaryType="cq:WidgetCollection">
                    <title
                        jcr:primaryType="cq:Widget"
                        fieldLabel="Link List Title"
                        name="./linklisttitle1"
                        xtype="textfield"/>
                    <links
                        jcr:primaryType="cq:Widget"
                        fieldLabel="Links"
                        fieldSubLabel="(Link Title, Link URL, Link Tag)"
                        name="./linklist1"
                        title="Links"
                        xtype="multifieldmultifield">
                        <fieldConfig jcr:primaryType="cq:WidgetCollection">
                            <field1
                                jcr:primaryType="cq:Widget"
                                fieldLabel="Link Text"
                                name="linkText"
                                xtype="textfield"
                                allowBlank="false" />
                            <field2
                                jcr:primaryType="cq:Widget"
                                fieldLabel="Link Url"
                                name="linkUrl"
                                xtype="pathfield"
                                width="320"
                                allowBlank="false" />
                            <field3
                                jcr:primaryType="cq:Widget"
                                fieldLabel="Link Tag"
                                name="linkTag"
                                xtype="textfield" />
                            <field4
                                jcr:primaryType="cq:Widget"
                                fieldLabel="Link Target"
                                name="linkTarget"
                                type="select"
                                xtype="selection">
                                <options jcr:primaryType="cq:WidgetCollection">
                                    <newwindow
                                        jcr:primaryType="nt:unstructured"
                                        text="New Window"
                                        value="_blank"/>
                                    <samewindow
                                        jcr:primaryType="nt:unstructured"
                                        text="Same Window"
                                        value="_self"/>
                                </options>
                            </field4>
                        </fieldConfig>
                    </links>
                </items>
            </links1>
            <links2
                jcr:primaryType="cq:Widget"
                title="Link List 2"
                xtype="panel">
                <items jcr:primaryType="cq:WidgetCollection">
                    <title
                        jcr:primaryType="cq:Widget"
                        fieldLabel="Link List Title"
                        name="./linklisttitle2"
                        xtype="textfield"/>
                    <links
                        jcr:primaryType="cq:Widget"
                        fieldLabel="Links"
                        fieldSubLabel="(Link Title, Link URL, Link Tag)"
                        name="./linklist2"
                        title="Links"
                        xtype="multifieldmultifield">
                        <fieldConfig jcr:primaryType="cq:WidgetCollection">
                            <field1
                                jcr:primaryType="cq:Widget"
                                fieldLabel="Link Text"
                                name="linkText"
                                xtype="textfield"
                                allowBlank="false" />
                            <field2
                                jcr:primaryType="cq:Widget"
                                fieldLabel="Link Url"
                                name="linkUrl"
                                xtype="pathfield"
                                width="320"
                                allowBlank="false" />
                            <field3
                                jcr:primaryType="cq:Widget"
                                fieldLabel="Link Tag"
                                name="linkTag"
                                xtype="textfield" />
                            <field4
                                jcr:primaryType="cq:Widget"
                                fieldLabel="Link Target"
                                name="linkTarget"
                                type="select"
                                xtype="selection">
                                <options jcr:primaryType="cq:WidgetCollection">
                                    <newwindow
                                        jcr:primaryType="nt:unstructured"
                                        text="New Window"
                                        value="_blank"/>
                                    <samewindow
                                        jcr:primaryType="nt:unstructured"
                                        text="Same Window"
                                        value="_self"/>
                                </options>
                            </field4>
                        </fieldConfig>
                    </links>
                </items>
            </links2>
            <links3
                jcr:primaryType="cq:Widget"
                title="Link List 3"
                xtype="panel">
                <items jcr:primaryType="cq:WidgetCollection">
                    <title
                        jcr:primaryType="cq:Widget"
                        fieldLabel="Link List Title"
                        name="./linklisttitle3"
                        xtype="textfield"/>
                    <links
                        jcr:primaryType="cq:Widget"
                        fieldLabel="Links"
                        fieldSubLabel="(Link Title, Link URL, Link Tag)"
                        name="./linklist3"
                        title="Links"
                        xtype="multifieldmultifield">
                        <fieldConfig jcr:primaryType="cq:WidgetCollection">
                            <field1
                                jcr:primaryType="cq:Widget"
                                fieldLabel="Link Text"
                                name="linkText"
                                xtype="textfield"
                                allowBlank="false" />
                            <field2
                                jcr:primaryType="cq:Widget"
                                fieldLabel="Link Url"
                                name="linkUrl"
                                xtype="pathfield"
                                width="320"
                                allowBlank="false" />
                            <field3
                                jcr:primaryType="cq:Widget"
                                fieldLabel="Link Tag"
                                name="linkTag"
                                xtype="textfield" />
                            <field4
                                jcr:primaryType="cq:Widget"
                                fieldLabel="Link Target"
                                name="linkTarget"
                                type="select"
                                xtype="selection">
                                <options jcr:primaryType="cq:WidgetCollection">
                                    <newwindow
                                        jcr:primaryType="nt:unstructured"
                                        text="New Window"
                                        value="_blank"/>
                                    <samewindow
                                        jcr:primaryType="nt:unstructured"
                                        text="Same Window"
                                        value="_self"/>
                                </options>
                            </field4>
                        </fieldConfig>
                    </links>
                </items>
            </links3>
            <links4
                jcr:primaryType="cq:Widget"
                title="Link List 4"
                xtype="panel">
                <items jcr:primaryType="cq:WidgetCollection">
                    <title
                        jcr:primaryType="cq:Widget"
                        fieldLabel="Link List Title"
                        name="./linklisttitle4"
                        xtype="textfield"/>
                    <links
                        jcr:primaryType="cq:Widget"
                        fieldLabel="Links"
                        fieldSubLabel="(Link Title, Link URL, Link Tag)"
                        name="./linklist4"
                        title="Links"
                        xtype="multifieldmultifield">
                        <fieldConfig jcr:primaryType="cq:WidgetCollection">
                            <field1
                                jcr:primaryType="cq:Widget"
                                fieldLabel="Link Text"
                                name="linkText"
                                xtype="textfield"
                                allowBlank="false" />
                            <field2
                                jcr:primaryType="cq:Widget"
                                fieldLabel="Link Url"
                                name="linkUrl"
                                xtype="pathfield"
                                width="320"
                                allowBlank="false" />
                            <field3
                                jcr:primaryType="cq:Widget"
                                fieldLabel="Link Tag"
                                name="linkTag"
                                xtype="textfield" />
                            <field4
                                jcr:primaryType="cq:Widget"
                                fieldLabel="Link Target"
                                name="linkTarget"
                                type="select"
                                xtype="selection">
                                <options jcr:primaryType="cq:WidgetCollection">
                                    <newwindow
                                        jcr:primaryType="nt:unstructured"
                                        text="New Window"
                                        value="_blank"/>
                                    <samewindow
                                        jcr:primaryType="nt:unstructured"
                                        text="Same Window"
                                        value="_self"/>
                                </options>
                            </field4>
                        </fieldConfig>
                    </links>
                </items>
            </links4>
            <links5
                jcr:primaryType="cq:Widget"
                title="Link List 5"
                xtype="panel">
                <items jcr:primaryType="cq:WidgetCollection">
                    <title
                        jcr:primaryType="cq:Widget"
                        fieldLabel="Link List Title"
                        name="./linklisttitle5"
                        xtype="textfield"/>
                    <links
                        jcr:primaryType="cq:Widget"
                        fieldLabel="Links"
                        fieldSubLabel="(Link Title, Link URL, Link Tag)"
                        name="./linklist5"
                        title="Links"
                        xtype="multifieldmultifield">
                        <fieldConfig jcr:primaryType="cq:WidgetCollection">
                            <field1
                                jcr:primaryType="cq:Widget"
                                fieldLabel="Link Text"
                                name="linkText"
                                xtype="textfield"
                                allowBlank="false" />
                            <field2
                                jcr:primaryType="cq:Widget"
                                fieldLabel="Link Url"
                                name="linkUrl"
                                xtype="pathfield"
                                width="320"
                                allowBlank="false" />
                            <field3
                                jcr:primaryType="cq:Widget"
                                fieldLabel="Link Tag"
                                name="linkTag"
                                xtype="textfield" />
                            <field4
                                jcr:primaryType="cq:Widget"
                                fieldLabel="Link Target"
                                name="linkTarget"
                                type="select"
                                xtype="selection">
                                <options jcr:primaryType="cq:WidgetCollection">
                                    <newwindow
                                        jcr:primaryType="nt:unstructured"
                                        text="New Window"
                                        value="_blank"/>
                                    <samewindow
                                        jcr:primaryType="nt:unstructured"
                                        text="Same Window"
                                        value="_self"/>
                                </options>
                            </field4>
                        </fieldConfig>
                    </links>
                </items>
            </links5>
        </items>
    </items>
</jcr:root>
