<?xml version="1.0" encoding="UTF-8"?>
<jcr:root xmlns:cq="http://www.day.com/jcr/cq/1.0" xmlns:jcr="http://www.jcp.org/jcr/1.0" xmlns:nt="http://www.jcp.org/jcr/nt/1.0"
    jcr:primaryType="cq:Dialog"
    activeTab="0"
    xtype="dialog">
    <items jcr:primaryType="cq:TabPanel">
        <items jcr:primaryType="cq:WidgetCollection">
            <tab1
                jcr:primaryType="cq:Panel"
                title="AutoPay Section">
                <items jcr:primaryType="cq:WidgetCollection">
                    <autoPayHeading
                        jcr:primaryType="cq:Widget"
                        fieldDescription="AutoPay"
                        fieldLabel="Auto Pay Hint Label"
                        name="./autoPay"
                        xtype="textfield"/>
                    <autoPayRequiredHeading
                        jcr:primaryType="cq:Widget"
                        fieldDescription="Enroll in AutoPay (required)"
                        fieldLabel="Auto Pay Required Heading"
                        name="./autoPayRequiredHeading"
                        xtype="textfield"/>
                    <autoPayRequiredContent
                        jcr:primaryType="cq:Widget"
                        fieldDescription="Based on an assessment of your current credit information, enrollment in AutoPay is required to provide your U-verse service. Please enter your credit card info below to continue with your order."
                        fieldLabel="Auto Pay Required Content"
                        name="./autoPayRequiredContent"
                        xtype="textarea"/>
                    <autoPayText
                        jcr:primaryType="cq:Widget"
                        fieldDescription="With AutoPay, you'll enjoy more.... [Use Source edit for HTML tags]"
                        fieldLabel="Auto Pay Benefits"
                        height="{Long}175"
                        name="./autoPayBenefits"
                        xtype="richtext">
                        <rtePlugins jcr:primaryType="nt:unstructured">
                            <misctools
                                jcr:primaryType="nt:unstructured"
                                features="[sourceedit]"/>
                        </rtePlugins>
                    </autoPayText>
                    <autoPayCheck
                        jcr:primaryType="cq:Widget"
                        fieldDescription="I want to sign up for AutoPay"
                        fieldLabel="I want to sign up for AutoPay Label"
                        name="./autoPayCheck"
                        xtype="textfield"/>
                    <autoPayAgreeText
                        jcr:primaryType="cq:Widget"
                        defaultValue="By signing up for AutoPay, you agree to the"
                        fieldDescription="Eg: By signing up for AutoPay, you agree to the"
                        fieldLabel="Sign up for AutoPay Agree Text"
                        name="./autoPayAgreeText"
                        xtype="textfield"/>
                    <autopaylinkset
                        jcr:primaryType="cq:Widget"
                        collapsible="true"
                        name="./autopaylinkset"
                        title="Auto Pay Link"
                        xtype="dialogfieldset">
                        <items jcr:primaryType="cq:WidgetCollection">
                            <autopayLinkText
                                jcr:primaryType="cq:Widget"
                                defaultValue="AutoPay Terms and Conditions"
                                fieldDescription="eg: AutoPay Terms and Conditions"
                                fieldLabel="AutoPay Link Text"
                                name="./autoPayLinkText"
                                xtype="textfield"/>
                            <autopayLink
                                jcr:primaryType="cq:Widget"
                                defaultValue="https://www.att.com/u-verse/legal/terms.jsp?q_termsKey=uverseServiceAgreement&amp;amp;q_termsName"
                                fieldDescription="eg: https://www.att.com/u-verse/legal/terms.jsp?q_termsKey=uverseServiceAgreement&amp;amp;q_termsName"
                                fieldLabel="AutoPay Link"
                                name="./autoPayLink"
                                xtype="textfield"/>
                            <target
                                jcr:primaryType="cq:Widget"
                                defaultValue="_blank"
                                fieldLabel="Open Target in"
                                name="./autoPayTarget"
                                type="select"
                                xtype="selection">
                                <options jcr:primaryType="cq:WidgetCollection">
                                    <new
                                        jcr:primaryType="nt:unstructured"
                                        text="New Window"
                                        value="_blank"/>
                                    <self
                                        jcr:primaryType="nt:unstructured"
                                        text="Self Window"
                                        value="_self"/>
                                </options>
                            </target>
                        </items>
                    </autopaylinkset>
                    <requiredFieldText
                        jcr:primaryType="cq:Widget"
                        fieldDescription="Required field"
                        fieldLabel="Required Field Text"
                        name="./requiredFieldText"
                        xtype="textfield"/>
                    <requiredFieldSymbol
                        jcr:primaryType="cq:Widget"
                        fieldDescription="*"
                        fieldLabel="Required Field Symbol"
                        name="./requiredFieldSymbol"
                        xtype="textfield"/>
                </items>
            </tab1>
            <tab2
                jcr:primaryType="cq:Panel"
                title="Auto Pay Credit Card Information">
                <items jcr:primaryType="cq:WidgetCollection">
                    <creditCardInfo
                        jcr:primaryType="cq:Widget"
                        fieldDescription="Enter Credit Card info"
                        fieldLabel="Credit Card Info Text"
                        name="./creditCardInfoText"
                        xtype="textfield"/>
                    <nameoncard
                        jcr:primaryType="cq:Widget"
                        fieldDescription="Name on card"
                        fieldLabel="Name On Card Label"
                        name="./nameonCardpay"
                        xtype="textfield"/>
                    <cardNumber
                        jcr:primaryType="cq:Widget"
                        defaultValue="Card number"
                        fieldDescription="Eg: Card number"
                        fieldLabel="Card number Label"
                        name="./cardNumberLabel"
                        xtype="textfield"/>
                    <autoPayExpire
                        jcr:primaryType="cq:Widget"
                        fieldLabel="Expiration Date Label"
                        name="./autoPayExpireDate"
                        xtype="textfield"/>
                    <paycardBillingAddress
                        jcr:primaryType="cq:Widget"
                        fieldLabel="Card Billing Address"
                        name="./payCardBillingAddress"
                        xtype="textfield"/>
                    <paySameAddress
                        jcr:primaryType="cq:Widget"
                        fieldLabel="Same as Service Address"
                        name="./autoPaySameAddress"
                        xtype="textfield"/>
                    <payDifferentAddress
                        jcr:primaryType="cq:Widget"
                        fieldLabel="Use a Different Address"
                        name="./autoPayDifferentAddress"
                        xtype="textfield"/>
                    <creditCardAddres1
                        jcr:primaryType="cq:Widget"
                        fieldLabel="First Billing Address Option"
                        name="./autoPayAddone"
                        xtype="textfield"/>
                    <creditCardAddres2
                        jcr:primaryType="cq:Widget"
                        fieldLabel="Second Billing Address Option"
                        name="./autoPayAddTwo"
                        xtype="textfield"/>
                    <autoPaycity
                        jcr:primaryType="cq:Widget"
                        fieldLabel="City Label"
                        name="./autoPayCity"
                        xtype="textfield"/>
                    <autoPaystate
                        jcr:primaryType="cq:Widget"
                        fieldLabel="State Label"
                        name="./autoPayState"
                        xtype="textfield"/>
                    <autoPayzipcode
                        jcr:primaryType="cq:Widget"
                        fieldLabel="Zip Code Label"
                        name="./autoPayzipCode"
                        xtype="textfield"/>
                </items>
            </tab2>
            <tab3
                jcr:primaryType="cq:Panel"
                title="Customer Agreements Section">
                <items jcr:primaryType="cq:WidgetCollection">
                    <continueSubmit
                        jcr:primaryType="cq:Widget"
                        feildDescripion="#Continue"
                        fieldLabel="Continue Label"
                        name="./continueButton"
                        xtype="textfield"/>
                    <continueSubmitAltText
                        jcr:primaryType="cq:Widget"
                        feildDescripion="Continue Button Alt Text"
                        fieldLabel="Continue Button Alt Text"
                        name="./continueSubmitAltText"
                        xtype="textfield"/>
                    <backSubmit
                        jcr:primaryType="cq:Widget"
                        fieldDescription="#Cancel"
                        fieldLabel="Cancel Label"
                        name="./cancelButton"
                        xtype="textfield"/>
                    <backSubmitAltText
                        jcr:primaryType="cq:Widget"
                        fieldDescription="Cancel Button Alt Text"
                        fieldLabel="Cancel Button Alt Text"
                        name="./cancelbuttonalt"
                        xtype="textfield"/>
                </items>
            </tab3>
        </items>
    </items>
</jcr:root>
