<?xml version="1.0" encoding="UTF-8"?>
<jcr:root xmlns:cq="http://www.day.com/jcr/cq/1.0" xmlns:jcr="http://www.jcp.org/jcr/1.0" xmlns:nt="http://www.jcp.org/jcr/nt/1.0"
    jcr:primaryType="cq:Dialog"
    autoWidth="{Boolean}false"
    width="{Long}1350"
    xtype="tabpanel">
    <items jcr:primaryType="cq:WidgetCollection">
        <tab1
            jcr:primaryType="cq:Widget"
            title="Routing URLs"
            xtype="panel">
             <items jcr:primaryType="cq:WidgetCollection">
				<defaultHashURL
					jcr:primaryType="cq:Widget"
					fieldLabel="Default #URL"
					name="./defaultHashURL"
					width="100"
					xtype="textfield"/>
				<links1
                    jcr:primaryType="cq:Widget"
                    fieldLabel="Routing URLs"
                    fieldSubLabel="(Page title, slash URL, Template URL, Angular Controller Name)"
                    name="./linklist"
                    title="Links"
                    xtype="multifieldmultifield">
                    <fieldConfig jcr:primaryType="cq:WidgetCollection">
                        <pageTitle
                            jcr:primaryType="cq:Widget"
                            emptyText="page title"
                            fieldLabel="Page title"
                            name="pageTitle"
							width="125"
                            xtype="textfield"/>
                        <hashURL
                            jcr:primaryType="cq:Widget"
                            emptyText="/URL"
                            fieldLabel="slash URL"
                            name="hashURL"
							width="125"
                            xtype="textfield"/>
                        <field2
                            jcr:primaryType="cq:Widget"
                            emptyText="Link URL"
                            fieldLabel="Link Url"
                            name="linkUrl"
							width="220"
                            xtype="pathfield"/>
                        <params
                            jcr:primaryType="cq:Widget"
                            emptyText="Angular controller name"
                            fieldLabel="Angular controller name"
                            name="controller"
							width="180"
                            xtype="textfield"/>                               
                    </fieldConfig>
                </links1>
             </items>   
		</tab1>
    </items>
</jcr:root>
