{
    "attunlockstep2formcomponent": [
        {
            "wirelessNumberLabel": "número de teléfono móvil de AT&T",
            "accountHolderFirstnameLabel": "el primer nombre del titular de la cuenta",
            "accountHolderLastnameLabel": "apellido del titular de la cuenta",
            "ssnLabel": "4 últimos dígitos de la cuenta del titular de la SSN",
            "ssnRequiredError": "Introduzca los 4 últimos dígitos del SSN del titular de la cuenta",
            "ssnValidationError": "Introducir una cuenta de 4 últimos dígitos del SSN del titular de la cuenta",
            "businessAccountNameLabel": "nombre de cuenta comercial",
            "businessAccountNameRequiredError": "Introduzca su nombre de cuenta de negocios.",
            "billingAccountNumberLabel": "Introduzca los 4 últimos dígitos de su número de cuenta de facturación.",
            "billingAccountNumberTooltip": "",
            "billingAccountNumberRequiredError": "Introduzca los 4 últimos dígitos de su número de cuenta de facturación.",
            "billingAccountNumberValidationError": "Por favor, introduzca válidos últimos 4 dígitos del número de cuenta de negocios",
            "activeSimCardNumberTooltip": "Para encontrar el número de la tarjeta SIM, consulte los tutoriales del dispositivo",
            "activeSimCardNumberLabel": "Los cuatro últimos números de la tarjeta SIM activa",
            "activeSimCardNumberRequiredError": "Introduzca los 4 últimos dígitos de su número de tarjeta SIM activa.",
            "activeSimCardNumberValidationError": "Por favor, introduzca válidos últimos 4 números de la tarjeta SIM activa",
            "passcodeTooltip": "Se trata de un código de acceso adicional que ha añadido a su cuenta para que sea más seguro.",
            "passcodeLabel": "AT&T código de acceso de seguridad inalámbrica",
            "passcoderequiredLabel": "(Requerido si se crea)",
            "passcodeRequiredError": "Por favor, introduzca la contraseña de cuenta válido",
            "passcodeErrorValidation": "Introducir una cuenta de 4 a 8 dígitos de AT & T cuenta con clave",
            "forgotPasswordLink": "¿Ha olvidado su contraseña?",
            "emailLabel": "Dirección de correo electrónico",
            "emailTooltip": "Usted necesitará una dirección de correo electrónico válida para recibir instrucciones para desbloquear el dispositivo.",
            "emailValidationError": "Introduzca una dirección de correo electrónico válida (ejemplo: user@att.com)",
            "emailRequiredError": "Introduzca una dirección de correo electrónico.",
            "ULP_1010": "Introduzca una dirección de correo electrónico seguro.",
            "militaryPersonalRadiolabel": "personal militar desplegado activo?",
            "yesRadioLabel": "Sí",
            "noRadioLabel": "No",
            "backButton": "Espalda",
            "cancelButton": "Cancelar",
            "nextButton": "Siguiente"
        }
    ]
}