{
    "CheckstatusComponent": [
        {
            "checkstatusIntroTxt": "Averiguar su estado de desbloqueo. Recuerde, las solicitudes pueden tardar hasta 2 días. Volver a comprobar si han pasado menos de 2 días.",
            "imeiLabel": "Número IMEI",
            "imeiTooltip": "Puede encontrar su número de IMEI de 15 dígitos:",
            "imeiLine1Tooltip": "por dailing",
            "imeiLine2Tooltip": " *#06# ",
            "imeiLine3Tooltip": "Escoger",
            "imeiLine4Tooltip": "Settings > About",
            "imeiLine5Tooltip": "o",
            "imeiLine6Tooltip": "Bajo la batería del teléfono",
            "imeiRequiredError": "Introduzca un número de IMEI.",
            "imeiLengthError": "Introduzca un número de IMEI de 15 dígitos.",
            "imeiValidationError": "Introduzca un número de IMEI válido",
            "requestNumberLabel": "número de solicitud",
            "requestNumberRequiredError": "Solicitud número debe ser alfanumérico.",
            "backButton": "Espalda",
            "submitButton": "Enviar"
        }
    ]
}