{
    "emaillinkexpired": [
        {
            "deviceUnlockSupportLabel": "Desbloqueo de dispositivo de apoyo",
            "accessibilityToolTipContentLabel": "El enlace se abre en una nueva ventana",
            "emailexpiredLabel": "Email enlace caducado",
            "emailexpiredText1Label": "Este enlace ha caducado.",
            "questionLabel": "¿Preguntas? Por favor llama <strong>800.331.0500</strong>, o marque<strong>611</strong> desde su teléfono móvil de AT & T."
        }
    ]
}