{
    "nextsteplinks": [
        {
            "headerIntroTextBeforeLink": "¿Quieres desbloquear un dispositivo y llevarlo con usted? Podemos ayudar. Podemos desbloquear cualquier otro dispositivo destinado a trabajar en nuestra network.You'll hacer todo en línea, en un solo lugar. Si necesita un poco de ayuda, leer el tutorial paso a paso",
            "supportUrlText": "Desbloquear el teléfono o la tableta",
            "headerIntroTextAfterLink": "antes de empezar.",
            "headerTextLine2": "Llevar un dispositivo de AT&T? Podemos ayudar con eso también. Pero, en primer lugar debe ponerse en contacto con su proveedor de servicio para desbloquearlo.",
            "unlockyourDevice": "Desbloquear el dispositivo",
            "unlockDeviceDescription": "Desbloqueo de un dispositivo es simple. En primer lugar, verificar su elegibilidad dispositivo. A continuación, seguir unos pasos para enviar su solicitud. Asegúrese de tener el número de teléfono móvil y el nombre del cliente en la cuenta a la mano.",
            "checkUnlockStatusTxt": "Compruebe el estado de desbloqueo",
            "checkUnlockStatusDescrp": "Averiguar su estado de desbloqueo. Necesitará el IMEI del dispositivo y el número de solicitud de desbloqueo que le envió. El número IMEI es por lo general 15 números. Su número de solicitud es una combinación de letras y números. Para su información, las solicitudes pueden tardar hasta 2 días."
        }
    ]
}