<?xml version="1.0" encoding="UTF-8"?>
<jcr:root xmlns:cq="http://www.day.com/jcr/cq/1.0" xmlns:jcr="http://www.jcp.org/jcr/1.0" xmlns:nt="http://www.jcp.org/jcr/nt/1.0"
    jcr:primaryType="cq:Dialog"
    title="column control"
    xtype="dialog">
    <items
        jcr:primaryType="cq:Widget"
        xtype="tabpanel">
        <items jcr:primaryType="cq:WidgetCollection">
            <n-up_x0020_column
                jcr:primaryType="cq:Panel"
                title="Column Layout">
                <items jcr:primaryType="cq:WidgetCollection">
                    <columnType
                        jcr:primaryType="cq:Widget"
                        fieldDescription="Select type of column from the drop down'"
                        fieldLabel="Column type"
                        name="./columnType"
                        type="select"
                        xtype="selection">
                        <options jcr:primaryType="cq:WidgetCollection">
                            <twocol
                                jcr:primaryType="nt:unstructured"
                                text="Two column"
                                value="twocol"/>
                            <threecol
                                jcr:primaryType="nt:unstructured"
                                text="Three column"
                                value="threecol"/>
                        </options>
                    </columnType>
                    <Layout
                        jcr:primaryType="cq:Widget"
                        fieldDescription="Enter the width of each column by comma separated number values eg : 33,33,33 if it is three up"
                        fieldLabel="Layout"
                        name="./layout"
                        xtype="textfield"/>
                </items>
            </n-up_x0020_column>
        </items>
    </items>
</jcr:root>
