{
    "attunlockstep3formcomponent": [
        {
            "imeiLabel": "IMEI",
            "imeiTooltip": "You can find your 15-digit IMEI number:",
            "imeiLine1Tooltip": "By dialling",
            "imeiLine2Tooltip": " *#06# ",
            "imeiLine3Tooltip": "Choose",
            "imeiLine4Tooltip": "Settings > About",
            "imeiLine5Tooltip": ", or",
            "imeiLine6Tooltip": "Under your phone’s battery",
            "imeiRequiredError": "Enter an IMEI number.",
            "imeiLengthError": "Enter a 15-digit IMEI number.",
            "ULS_8023": "Check the IMEI number and enter it again.",
            "makeLabel": "Make",
            "modelLabel": "Model",
            "backButton": "Back",
            "submitButton": "Submit"
        }
    ]
}