{
    "attunlockstep2formcomponent": [
        {
            "wirelessNumberLabel": " AT&T wireless number",
            "accountHolderFirstnameLabel": "Account holder's first name",
            "accountHolderLastnameLabel": "Account holder's last name",
            "ssnLabel": "Last 4 digits of account holder's SSN",
            "ssnRequiredError": "Enter the last 4 digits of the account holder's Social Security Number",
            "ssnValidationError": "Enter a valid Last 4 Digits of the Account Holder's SSN",
            "businessAccountNameLabel": "Business account name",
            "businessAccountNameRequiredError": "Enter your business account name.",
            "billingAccountNumberLabel": "Enter the last 4 digits of your billing account number.",
            "billingAccountNumberTooltip": "",
            "billingAccountNumberRequiredError": "Enter the last 4 digits of your billing account number.",
            "billingAccountNumberValidationError": "Please enter valid Last 4 Digits of Business Account Number",
            "activeSimCardNumberTooltip": "To find the SIM card number, refer to the device tutorials",
            "activeSimCardNumberLabel": "Last four numbers of active SIM card",
            "activeSimCardNumberRequiredError": "Enter the last 4 digits of your active SIM card number.",
            "activeSimCardNumberValidationError": "Please enter valid Last 4 Numbers of Active SIM Card",
            "passcodeTooltip": "This is an additional passcode you added to your account to make it more secure.",
            "passcodeLabel": "AT&T wireless security passcode",
            "passcoderequiredLabel": "(Required if created)",
            "passcodeRequiredError": "Please enter valid Account Passcode",
            "passcodeErrorValidation": "Enter a valid 4 to 8 digit AT&T Account Passcode",
            "forgotPasswordLink": "Forgot your passcode?",
            "emailLabel": "Email address",
            "emailTooltip": "You'll need a valid email address to receive instructions to unlock your device.",
            "emailValidationError": "Enter a valid Email Address (example: user@att.com)",
            "emailRequiredError": "Enter an email address.",
            "ULP_1010": "Enter a secure email address.",
            "militaryPersonalRadiolabel": "Active deployed military personnel?",
            "yesRadioLabel": "Yes",
            "noRadioLabel": "No",
            "backButton": "Back",
            "cancelButton": "Cancel",
            "nextButton": "Next"
        }
    ]
}