{
    "CheckstatusComponent": [
        {
            "checkstatusIntroTxt": "Find out your unlock status. Remember, requests can take up to 2 days. Check back if it's been less than 2 days.",
            "imeiLabel": "IMEI Number",
            "imeiTooltip": "You can find your 15-digit IMEI number:",
            "imeiLine1Tooltip": "By dialling",
            "imeiLine2Tooltip": " *#06# ",
            "imeiLine3Tooltip": "Choose",
            "imeiLine4Tooltip": "Settings > About",
            "imeiLine5Tooltip": ", or",
            "imeiLine6Tooltip": "Under your phone’s battery",
            "imeiRequiredError": "Enter an IMEI number.",
            "imeiLengthError": "Enter a 15-digit IMEI number.",
            "imeiValidationError": "Enter a valid IMEI number",
            "requestNumberLabel": "Request Number",
            "requestNumberRequiredError": "Request Number Should be alphanumeric.",
            "backButton": "Back",
            "submitButton": "Submit"
        }
    ]
}