{
    "emailconfirmationsuccess": [
        {
            "deviceUnlockLabel": "Device unlock portal",
            "emailSuccessHeaderlabel": "Email Link Expired",
            "emailSuccessText1Label": "Your unlock request is in review now. Please allow two business days to process it.",
            "emailSuccessText2Label": " We'll send you an email message soon with the status of your request, or check it yourself on the",
            "deviceStatusPortalEmailSuccessLabel": "Device Unlock Status portal",
            "emailSuccesstext3part1Labellabel": "Remember that your request number is",
            "emailSuccesstext3part2Labellabel": ". Please keep this information for future reference."
        }
    ]
}
