{
    "eligibilityRequirementsModal": [
        {
            "modalheaderText": "Device unlock eligibility requirements",
            "closeButtonHeader": "Close",
            "closeButtonFooter": "Close",
            "modalBodyHeader": "Device requirements for ALL requests",
            "supportURL": "/esupport/article.jsp?sid=KB414532&cv=820",
            "supportText": "Device unlock support",
            "section1title": "Devices must:",
            "section1listpart1beforeLink": "Be designed for use on, and locked to, the AT&T network. (Questions? See ",
            "section1listpart1afterLink": ")",
            "section1listpart2": [
                "Not be reported lost or stolen",
                "Not be involved with fraudulent activity",
                "Have all service commitments and installment plans completed and all early termination fees paid in full",
                "Not currently be active on a different AT&T customer's account"
            ],
            "nonATTcusttitle": "Not an AT&T customer?",
            "nonATTcustDescp": "If you don't have an AT&T wireless account for the device you're unlocking, the device still must meet all these requirements.",
            "section2Header": "Account requirements",
            "section2": [
                {
                    "title": "Business accounts",
                    "list": [
                        "Be sure the person making the request is authorized by a current or former AT&T business customer."
                    ]
                },
                {
                    "title": "Service commitment or installment plan accounts",
                    "list": [
                        "If you did an early upgrade, you can't request to unlock your previous device before the 14-day buyer's remorse period ends.",
                        "Your account must be active for at least 60 days with no past due or unpaid balance.",
                        "When you become eligible for an unlock, you'll see an alert on your myAT&T account overview when you log in."
                    ]
                },
                {
                    "title": "Prepaid / GoPhone accounts",
                    "list": [
                        "Your device must have been active for at least 6 months of paid service."
                    ]
                },
                {
                    "title": "Non-AT&T mobility customers",
                    "list": [
                        "If you've never had an AT&T wireless account, be sure your request meets all the device requirements shown above."
                    ]
                },
                {
                    "title": "Deployed military personnel (current AT&T customers only)",
                    "list": [
                        "Be sure to send us your deployment verification and meet all the requirements for devices.",
                        "To unlock your device, military personnel don't need to complete installment plans or service commitments. You also aren't required to pay early termination fees.",
                        "AT&T may limit the number of devices military personnel can unlock."
                    ]
                }
            ],
            "ImpNoteTitle": "Important:",
            "ImpNoteDescp": "AT&T reserves the right to deny any unlock request that it concludes would result in an abuse of this policy or is part of an effort to defraud AT&T or its customers. AT&T further reserves the right to alter this unlocking policy at its discretion without advance notice. If during any one month, more than 100 requests are made from a single source, and if more than 10% of those requests are duplicate IMEI numbers, AT&T will no longer process unlock requests from that source."
        }
    ]
}