{
    "systemerror": [
        {
            "deviceUnlockSupportLabel": "Device unlock support",
            "accessibilityToolTipContentLabel": "Link opens in a new window",
            "systemerrorLabel": "System Error",
            "systemerrorLine1TextLabel": "We're sorry, but we're having technical difficulties with our network at the moment. Please try again later",
			"systemerrorLine2TextLabel": "If this problem persists, try clearing the cache and cookies from your device.",
			"systemerrorLine3part1": "Questions? Call us at ",
			"systemerrorLine3part2": " , or dial ",
			"systemerrorLine3part3":" from your wireless phone.",
			"custServiceNumber1": "800.331.0500",
			"custServiceNumber2":"611"
        }
    ]
}
