{
    "attunlockstep1formcomponent": [
        {
            "introTextBeforeLink": "Unlocking a device is simple. You'll do everything online, in one place. First, verify and agree to our",
            "modalLinkTxt": "device unlock eligibility requirements",
            "introTextAfterLink": "Next, follow these steps to submit your request.",
            "acknowledgementTxt": "Yes, I've read the legal stuff and agree to the",
            "radioLabel": "Are you an AT&T wireless customer?",
            "yesRadioLabel": "Yes",
            "noRadioLabel": "No",
            "customerTypeError": "Select a customer type option to continue",
            "wirelessNumberLabel": "AT&T wireless number",
            "wirelessNumberTooltip": "This must be a wireless number associated with your wireless account",
            "wirelessNumberRequiredError": "Enter an AT&T Wireless Number",
            "wirelessNumberValidationError": "Enter a valid 10-digit AT&T wireless number with area code first (example: 5035557654)",
            "accountHolderFirstnameLabel": "Account holder's first name",
            "accountHolderFirstnameRequiredError": "Enter the Account Holder's First Name",
            "accountHolderLastnameLabel": "Account holder's last name",
            "accountHolderLastnameRequiredError": "Enter the Account Holder's Last Name",
            "imeiLabel": "IMEI",
            "imeiTooltip": "You can find your 15-digit IMEI number: ",
            "imeiLine1Tooltip": "By dialling",
            "imeiLine2Tooltip": " *#06# ",
            "imeiLine3Tooltip": "Choose",
            "imeiLine4Tooltip": "Settings > About",
            "imeiLine5Tooltip": ", or",
            "imeiLine6Tooltip": "Under your phone’s battery",
            "imeiRequiredError": "Enter an IMEI number.",
            "imeiLengthError": "Enter a 15-digit IMEI number.",
            "ULS_8023": " Check the IMEI number and enter it again.",
            "makeLabel": "Make",
            "modelLabel": "Model",
            "capchaLabel": "Enter the passphrase characters",
            "capchaRequiredError": "Enter the characters shown in the image to continue",
            "backButton": "Back",
            "nextButton": "Next",
            "ULP_2004": "We can’t find a match for this wireless number. Check your information and try again."
        }
    ]
}