<?xml version="1.0" encoding="UTF-8"?>
<beans xmlns="http://www.springframework.org/schema/beans"
	xmlns:xsi="http://www.w3.org/2001/XMLSchema-instance" xmlns:context="http://www.springframework.org/schema/context"
	xmlns:p="http://www.springframework.org/schema/p"
	xsi:schemaLocation="http://www.springframework.org/schema/beans  
            http://www.springframework.org/schema/beans/spring-beans-3.0.xsd
            http://www.springframework.org/schema/context
	        http://www.springframework.org/schema/context/spring-context-3.0.xsd">
	        
	     
		<bean id="actionResponseJson" class="org.apache.camel.component.jackson.JacksonDataFormat">
		  <property name="unmarshalType" value="com.att.sapmp.apigw.apps.model.ActionResponse"/>
		</bean>
		<bean id="authResponseJson" class="org.apache.camel.component.jackson.JacksonDataFormat">
		<property name="unmarshalType" value="com.att.sapmp.apigw.apps.util.AuthResponse" />
	</bean>
		<bean id="initializationService" init-method="init" name="initializationService" class="com.att.sapmp.apigw.apps.service.InitializationService"/>
		<bean id="initializationMdmService" init-method="init" name="initializationMdmService" class="com.att.sapmp.apigw.apps.util.InitializationMdmService" />
		<bean id="requestProcessor" class="com.att.sapmp.apigw.apps.service.DistributeAppRequestProcessor"/>
		<bean id="responseProcessor" class="com.att.sapmp.apigw.apps.service.DistributeAppResponseProcessor"/>
		<bean id="deleteApprequestProcessor" class="com.att.sapmp.apigw.apps.service.DeleteAppRequestProcessor"/>
		<bean id="deleteAppresponseProcessor" class="com.att.sapmp.apigw.apps.service.DeleteAppResponseProcessor"/>
		<bean id="joinReplyAggregationStrategy" class="com.att.sapmp.apigw.apps.service.JoinReplyAggregationStrategy"/>
	
		
</beans>  