{
  "swagger" : "2.0",
  "info" : {
    "version" : "0.0.1-SNAPSHOT",
    "title" : "apigw-manage-apps-api Service"
  },
  "basePath" : "/sapmp/v1/apps/distributeapps",
  "tags" : [ {
    "name" : "deleteapp"
  }, {
    "name" : "distributeapps"
  } ],
  "paths" : {
    "/deleteapp" : {
      "post" : {
        "tags" : [ "deleteapp" ],
        "summary" : "Uninstall the apps fron selected device or group of selected devices",
        "description" : "This operation will stop all distributions of the app and delete the app. It is supported only for iOS and Android devices ",
        "operationId" : "deleteApp",
        "consumes" : [ "application/json" ],
        "parameters" : [ {
          "in" : "body",
          "name" : "body",
          "description" : "distribute Request Object",
          "required" : true,
          "schema" : {
            "$ref" : "#/definitions/App"
          }
        } ],
        "responses" : {
          "200" : {
            "description" : "successful operation",
            "schema" : {
              "type" : "object"
            }
          },
          "400" : {
            "description" : "Bad Request. Please verify your input"
          },
          "404" : {
            "description" : "Service not available"
          },
          "500" : {
            "description" : "Unexpected Server error"
          }
        }
      }
    },
    "/distributeapps" : {
      "post" : {
        "tags" : [ "distributeapps" ],
        "summary" : "Distribute the applications on devices",
        "description" : "Distribute the applications on devices enrolled under a given emmAccountID ",
        "operationId" : "distributeApp",
        "consumes" : [ "application/json" ],
        "produces" : [ "application/json" ],
        "parameters" : [ {
          "in" : "body",
          "name" : "body",
          "description" : "distribute Request Object",
          "required" : true,
          "schema" : {
            "$ref" : "#/definitions/App"
          }
        } ],
        "responses" : {
          "200" : {
            "description" : "successful operation",
            "schema" : {
              "type" : "object"
            }
          },
          "400" : {
            "description" : "Bad Request. Please verify your input"
          },
          "404" : {
            "description" : "Service not available"
          },
          "500" : {
            "description" : "Unexpected Server error"
          }
        }
      }
    }
  },
  "definitions" : {
    "App" : {
      "type" : "object",
      "properties" : {
        "emmAccountId" : {
          "type" : "string"
        },
        "applications" : {
          "$ref" : "#/definitions/Applications"
        }
      },
      "description" : "manage app - input payload"
    },
    "Application" : {
      "type" : "object",
      "properties" : {
        "appId" : {
          "type" : "string"
        },
        "deviceId" : {
          "type" : "string"
        },
        "appVersion" : {
          "type" : "string"
        },
        "appType" : {
          "type" : "string"
        }
      }
    },
    "Applications" : {
      "type" : "object",
      "properties" : {
        "application" : {
          "type" : "array",
          "items" : {
            "$ref" : "#/definitions/Application"
          }
        }
      }
    },
    "JSONObject" : {
      "type" : "object"
    },
    "User" : {
      "type" : "object",
      "properties" : {
        "name" : {
          "type" : "string"
        },
        "age" : {
          "type" : "string"
        }
      }
    }
  }
}
