<?xml version="1.0" encoding="UTF-8"?>
<jcr:root xmlns:cq="http://www.day.com/jcr/cq/1.0" xmlns:jcr="http://www.jcp.org/jcr/1.0" xmlns:nt="http://www.jcp.org/jcr/nt/1.0"
    jcr:primaryType="cq:Dialog"
    xtype="tabpanel">
    <items jcr:primaryType="cq:WidgetCollection">
        <Requirements
            jcr:primaryType="cq:Widget"
            title="Requirement"
            xtype="panel">
            <items jcr:primaryType="cq:WidgetCollection">
                <headerText
                    jcr:primaryType="cq:Widget"
                    autoHeight="{Boolean}true"
                    fieldLabel="Requirement Heading"
                    hidelabel="{Boolean}false"
                    name="./headerText"
                    xtype="richtext">
                    <rtePlugins jcr:primaryType="nt:unstructured">
                        <misctools
                            jcr:primaryType="nt:unstructured"
                            features="[sourceedit]"/>
                        <subsuperscript
                            jcr:primaryType="nt:unstructured"
                            features="*"/>
                    </rtePlugins>
                </headerText>
                <generalreq
                    jcr:primaryType="cq:Widget"
                    fieldLabel="Requirement Description"
                    name="./authrrext"
                    xtype="richtext">
                    <rtePlugins jcr:primaryType="nt:unstructured">
                        <misctools
                            jcr:primaryType="nt:unstructured"
                            features="[sourceedit]"/>
                    </rtePlugins>
                </generalreq>
                <!--changes for B2C-278620 start-->
                <textBeforeLink
                    jcr:primaryType="cq:Widget"
                    fieldLabel="Text Before Link"
                    name="./textBeforeLink"
                    xtype="textfield"/>
                <textAfterLink
                    jcr:primaryType="cq:Widget"
                    fieldLabel="Text After Link"
                    name="./textAfterLink"
                    xtype="textfield"/>
                <urlText
                    jcr:primaryType="cq:Widget"
                    fieldLabel="URL text"
                    name="./urlText"
                    xtype="textfield"/>
                <linkPath
                    jcr:primaryType="cq:Widget"
                    fieldLabel="Link Path"
                    name="./linkPath"
                    xtype="textfield"/>
                <!--changes for B2C-278620 end-->
            </items>
        </Requirements>
        <!--changes for B2C-278620 start-->
        <notAnATTCust
            jcr:primaryType="cq:Widget"
            title="Not an ATT customer Requirements"
            xtype="panel">
            <items jcr:primaryType="cq:WidgetCollection">
                <nonATTcustText
                    jcr:primaryType="cq:Widget"
                    fieldLabel="Text for Non AT&amp;T customers"
                    name="./nonATTcustText"
                    xtype="textfield"/>
                <nonATTcustDesc
                    jcr:primaryType="cq:Widget"
                    fieldLabel="Description for Non AT&amp;T customers"
                    name="./nonATTcustDesc"
                    xtype="textfield"/>
            </items>
        </notAnATTCust>
        <!--changes for B2C-278620 end-->
    </items>
</jcr:root>
