<?xml version="1.0" encoding="UTF-8"?>
<jcr:root xmlns:sling="http://sling.apache.org/jcr/sling/1.0" xmlns:cq="http://www.day.com/jcr/cq/1.0" xmlns:jcr="http://www.jcp.org/jcr/1.0" xmlns:nt="http://www.jcp.org/jcr/nt/1.0"
    jcr:mixinTypes="[cq:Console]"
    jcr:primaryType="cq:Widget"
    jcr:title="CQ5 DAM"
    sling:redirect="{Boolean}false"
    sling:resourceType="cq/ui/components/widget"
    sling:vanityOrder="{Long}292"
    sling:vanityPath="/damadmin"
    consoleDescription="Organize your various digital assets."
    consoleTitle="Digital Assets"
    iconClass="damadmin"
    id="cq-damadmin"
    jsLibs="[cq.dam.admin]"
    noSearch="{Boolean}true"
    tabTitle="Digital Assets"
    xtype="siteadmin">
    <grid jcr:primaryType="nt:unstructured">
        <assets
            jcr:primaryType="nt:unstructured"
            pageSize="15"
            pathRegex="\\/(/.*)?"
            storeProxySuffix=".assets.json"
            storeReaderFields="[index,title,label,type,lockedBy,width,height,size,mime,inWorkflow,replication,scheduledTasks,numberer,workflows,lastModified,lastModifiedBy,inProgress,ck,scene7Status,project]">
            <columns jcr:primaryType="cq:WidgetCollection">
                <numberer
                    jcr:primaryType="nt:unstructured"
                    usePredefined="numberer"
                    xtype="gridcolumn"/>
                <thumbnail
                    jcr:primaryType="nt:unstructured"
                    hidden="{Boolean}false"
                    usePredefined="thumbnail"
                    xtype="gridcolumn"/>
                <title
                    jcr:primaryType="nt:unstructured"
                    hidden="{Boolean}true"
                    usePredefined="title"
                    xtype="gridcolumn"/>
                <name
                    jcr:primaryType="nt:unstructured"
                    usePredefined="name"
                    xtype="gridcolumn"/>
                <published
                    jcr:primaryType="nt:unstructured"
                    usePredefined="published"
                    xtype="gridcolumn"/>
                <modified
                    jcr:primaryType="nt:unstructured"
                    usePredefined="modified"
                    xtype="gridcolumn"/>
                <status
                    jcr:primaryType="nt:unstructured"
                    usePredefined="status"
                    xtype="gridcolumn"/>
                <project
                    jcr:primaryType="nt:unstructured"
                    header="Project"
					dataIndex="project"
					hidden="{Boolean}false"
                    xtype="gridcolumn"/>
                <workflow
                    jcr:primaryType="nt:unstructured"
                    usePredefined="workflow"
                    xtype="gridcolumn"/>
                <scene7status
                    jcr:primaryType="nt:unstructured"
                    hidden="{Boolean}true"
                    usePredefined="scene7Status"
                    xtype="gridcolumn"/>
                <width
                    jcr:primaryType="nt:unstructured"
                    usePredefined="width"
                    xtype="gridcolumn"/>
                <height
                    jcr:primaryType="nt:unstructured"
                    usePredefined="height"
                    xtype="gridcolumn"/>
                <size
                    jcr:primaryType="nt:unstructured"
                    usePredefined="size"
                    xtype="gridcolumn"/>
            </columns>
        </assets>
    </grid>
    <treeRoot
        jcr:primaryType="nt:unstructured"
        name="content/dam"
        text="Digital Assets"/>
    <actions jcr:primaryType="nt:unstructured">
        <create
            jcr:primaryType="nt:unstructured"
            cls="cq-damadmin-create"
            context="[toolbar]"
            iconCls="cq-damadmin-create-icon"
            split="{Boolean}true"
            text="New...">
            <menu jcr:primaryType="nt:unstructured">
                <createFile
                    jcr:primaryType="nt:unstructured"
                    cls="cq-damadmin-create-file"
                    conditions="[CQ.wcm.SiteAdmin.hasTreeSelection,CQ.wcm.SiteAdmin.canDoFolderOp]"
                    disabled="{Boolean}false"
                    handler="CQ.wcm.SiteAdmin.uploadFiles"
                    iconCls="cq-damadmin-create-file-icon"
                    isDefaultAction="{Boolean}true"
                    privileges="[create]"
                    target="CQ.wcm.SiteAdmin.getTargetFromTree"
                    text="New File..."/>
                <createFolder
                    jcr:primaryType="nt:unstructured"
                    cls="cq-damadmin-create-folder"
                    conditions="[CQ.wcm.SiteAdmin.hasTreeSelection,CQ.wcm.SiteAdmin.canDoFolderOp]"
                    disabled="{Boolean}false"
                    handler="CQ.wcm.DamAdmin.createFolder"
                    iconCls="cq-damadmin-create-folder-icon"
                    privileges="[create]"
                    target="CQ.wcm.SiteAdmin.getTargetFromTree"
                    text="New Folder..."/>
                <createAssetShare
                    jcr:primaryType="nt:unstructured"
                    cls="cq-damadmin-create-assetshare"
                    conditions="[CQ.wcm.SiteAdmin.hasTreeSelection]"
                    disabled="{Boolean}false"
                    handler="CQ.wcm.SiteAdmin.createAssetShare"
                    iconCls="cq-damadmin-create-file-icon"
                    privileges="[create]"
                    target="CQ.wcm.SiteAdmin.getTargetFromTree"
                    text="New Asset Share..."/>
            </menu>
        </create>
        <open
            jcr:primaryType="nt:unstructured"
            cls="cq-damadmin-open"
            conditions="[CQ.wcm.SiteAdmin.hasListSelection]"
            context="[contextmenu]"
            handler="CQ.wcm.SiteAdmin.openPages"
            iconCls="cq-damadmin-open-icon"
            isDefaultAction="{Boolean}true"
            target="CQ.wcm.SiteAdmin.getTargetFromList"
            text="Open"/>
        <separator0
            jcr:primaryType="nt:unstructured"
            value="-"
            xtype="separator"/>
        <copy
            jcr:primaryType="nt:unstructured"
            cls="cq-damadmin-copy"
            conditions="[CQ.wcm.SiteAdmin.hasAnySelection]"
            context="[toolbar,contextmenu]"
            disabled="{Boolean}true"
            handler="CQ.wcm.SiteAdmin.copyPages"
            target="CQ.wcm.SiteAdmin.getAnyTarget"
            text="Copy"/>
        <paste
            jcr:primaryType="nt:unstructured"
            cls="cq-damadmin-paste"
            conditions="[CQ.wcm.SiteAdmin.hasTreeSelection,CQ.wcm.SiteAdmin.canPaste]"
            context="[toolbar,contextmenu]"
            disabled="{Boolean}true"
            forceCheck="{Boolean}true"
            handler="CQ.wcm.SiteAdmin.pastePages"
            privileges="[create]"
            target="CQ.wcm.SiteAdmin.getTargetFromTree"
            text="Paste"/>
        <delete
            jcr:primaryType="nt:unstructured"
            cls="cq-damadmin-delete"
            conditions="[CQ.wcm.SiteAdmin.hasAnySelection, CQ.wcm.SiteAdmin.notLocked,CQ.wcm.SiteAdmin.canDeleteReplicatedPage]"
            context="[toolbar,contextmenu]"
            disabled="{Boolean}true"
            handler="CQ.wcm.DamAdmin.deleteAsset"
            privileges="[delete]"
            target="CQ.wcm.SiteAdmin.getAnyTarget"
            text="Delete"/>
        <separator1
            jcr:primaryType="nt:unstructured"
            context="[toolbar,contextmenu]"
            value="-"
            xtype="separator"/>
        <move
            jcr:primaryType="nt:unstructured"
            cls="cq-damadmin-move"
            conditions="[CQ.wcm.SiteAdmin.hasSingleSelection, CQ.wcm.SiteAdmin.notLocked]"
            context="[toolbar,contextmenu]"
            disabled="{Boolean}true"
            handler="CQ.wcm.SiteAdmin.movePage"
            privileges="[delete]"
            target="CQ.wcm.SiteAdmin.getSingleTarget"
            text="Move..."/>
        <separator2
            jcr:primaryType="nt:unstructured"
            context="[_contextmenu]"
            value="-"
            xtype="separator"/>
        <lock
            jcr:primaryType="nt:unstructured"
            cls="cq-siteadmin-lock"
            conditions="[CQ.wcm.SiteAdmin.hasListSelection, CQ.wcm.SiteAdmin.lockable]"
            context="[_contextmenu]"
            disabled="{Boolean}true"
            handler="CQ.wcm.SiteAdmin.lockNode"
            iconCls="cq-siteadmin-lock-icon"
            privileges="[update]"
            target="CQ.wcm.SiteAdmin.getTargetFromList"
            text="Lock"/>
        <unlock
            jcr:primaryType="nt:unstructured"
            cls="cq-siteadmin-unlock"
            conditions="[CQ.wcm.SiteAdmin.hasListSelection, CQ.wcm.SiteAdmin.unlockable]"
            context="[_contextmenu]"
            disabled="{Boolean}true"
            handler="CQ.wcm.SiteAdmin.unlockNode"
            iconCls="cq-siteadmin-unlock-icon"
            privileges="[update]"
            target="CQ.wcm.SiteAdmin.getTargetFromList"
            text="Unlock"/>
        <separator4
            jcr:primaryType="nt:unstructured"
            context="[toolbar,contextmenu]"
            value="-"
            xtype="separator"/>
        <activate
            jcr:primaryType="nt:unstructured"
            cls="cq-damadmin-activate"
            context="[toolbar]"
            iconCls="cq-siteadmin-activate-icon"
            split="{Boolean}true"
            text="Activate">
            <menu jcr:primaryType="nt:unstructured">
                <activateNow
                    jcr:primaryType="nt:unstructured"
                    cls="cq-siteadmin-activate-now"
                    conditions="[CQ.wcm.SiteAdmin.hasAnySelection, CQ.wcm.SiteAdmin.notLocked]"
                    context="[toolbar,contextmenu]"
                    handler="CQ.wcm.SiteAdmin.activatePage"
                    isDefaultAction="{Boolean}true"
                    target="CQ.wcm.SiteAdmin.getAnyTarget"
                    text="Activate"/>
                <activateLater
                    jcr:primaryType="nt:unstructured"
                    cls="cq-siteadmin-activate-later"
                    conditions="[CQ.wcm.SiteAdmin.hasAnySelection, CQ.wcm.SiteAdmin.notLocked]"
                    context="[toolbar]"
                    handler="CQ.wcm.SiteAdmin.scheduleForActivation"
                    privileges="[replicate]"
                    target="CQ.wcm.SiteAdmin.getTargetFromList"
                    text="Activate Later..."/>
            </menu>
        </activate>
        <deactivate
            jcr:primaryType="nt:unstructured"
            cls="cq-damadmin-deactivate"
            context="[toolbar]"
            iconCls="cq-damadmin-deactivate-icon"
            split="{Boolean}true"
            text="Deactivate">
            <menu jcr:primaryType="nt:unstructured">
                <deactivateNow
                    jcr:primaryType="nt:unstructured"
                    cls="cq-damadmin-deactivate-now"
                    conditions="[CQ.wcm.SiteAdmin.hasAnySelection,CQ.wcm.SiteAdmin.notLocked]"
                    context="[toolbar,contextmenu]"
                    handler="CQ.wcm.DamAdmin.deactivateAsset"
                    isDefaultAction="{Boolean}true"
                    target="CQ.wcm.SiteAdmin.getAnyTarget"
                    text="Deactivate"/>
                <deactivateLater
                    jcr:primaryType="nt:unstructured"
                    cls="cq-damadmin-deactivate-later"
                    conditions="[CQ.wcm.SiteAdmin.hasAnySelection,CQ.wcm.SiteAdmin.notLocked]"
                    context="[toolbar]"
                    handler="CQ.wcm.SiteAdmin.scheduleForDeactivation"
                    privileges="[replicate]"
                    target="CQ.wcm.SiteAdmin.getTargetFromList"
                    text="Deactivate Later..."/>
            </menu>
        </deactivate>
        <workflow
            jcr:primaryType="nt:unstructured"
            cls="cq-damadmin-workflow"
            conditions="[CQ.wcm.SiteAdmin.hasAnySelection,CQ.wcm.SiteAdmin.noFolder,CQ.wcm.SiteAdmin.notLocked]"
            context="[toolbar,contextmenu]"
            disabled="{Boolean}true"
            handler="CQ.wcm.SiteAdmin.startWorkflow"
            target="CQ.wcm.SiteAdmin.getAnyTarget"
            text="Workflow..."/>
        <separator5
            jcr:primaryType="nt:unstructured"
            context="[toolbar,contextmenu]"
            value="-"
            xtype="separator"/>
        <properties
            jcr:primaryType="nt:unstructured"
            cls="cq-siteadmin-properties"
            conditions="[CQ.wcm.SiteAdmin.hasSingleListSelection,CQ.wcm.SiteAdmin.isFolder]"
            context="[contextmenu]"
            handler="CQ.wcm.SiteAdmin.openProperties"
            iconCls="cq-siteadmin-properties-icon"
            privileges="[update]"
            target="CQ.wcm.SiteAdmin.getTargetFromList"
            text="Properties..."/>
        <tools
            jcr:primaryType="nt:unstructured"
            cls="cq-damadmin-tools"
            context="[toolbar]"
            iconCls="cq-siteadmin-tools-icon"
            text="Tools">
            <menu jcr:primaryType="nt:unstructured">
                <references
                    jcr:primaryType="nt:unstructured"
                    cls="cq-damadmin-references"
                    conditions="[CQ.wcm.SiteAdmin.noFolder]"
                    disabled="{Boolean}true"
                    handler="CQ.wcm.SiteAdmin.showReferences"
                    iconCls="cq-siteadmin-references-icon"
                    target="CQ.wcm.SiteAdmin.getSingleTarget"
                    text="References..."/>
                <download
                    jcr:primaryType="nt:unstructured"
                    cls="cq-damadmin-download"
                    conditions="[CQ.wcm.SiteAdmin.isAsset]"
                    disabled="{Boolean}true"
                    handler="CQ.wcm.SiteAdmin.download"
                    iconCls="cq-siteadmin-download-icon"
                    target="CQ.wcm.SiteAdmin.getTargetFromList"
                    text="Download"/>
                <scene7Publish
                    jcr:primaryType="nt:unstructured"
                    cls="cq-damadmin-scene7-publish"
                    conditions="[CQ.wcm.SiteAdmin.isPublishToS7Allowed]"
                    context="[toolbar,contextmenu]"
                    disabled="{Boolean}true"
                    handler="CQ.wcm.SiteAdmin.scene7PublishPages"
                    target="CQ.wcm.SiteAdmin.getTargetFromList"
                    text="Publish To Scene7..."/>
            </menu>
        </tools>
        <currentProject
	            jcr:primaryType="nt:unstructured"
	            cls="cq-damadmin-att-currentproject"
	            handler="ATT.wcm.SiteAdmin.selectCurrentProject"
	            id="cq-siteadmin-att-currentproject"
	            text="Select Current Project"/> 
    </actions>
    <search
        jcr:primaryType="nt:unstructured"
        url="/content/dam.assetsearch.json"/>
    <tabs jcr:primaryType="cq:WidgetCollection">
        <searchpanel
            jcr:primaryType="cq:Widget"
            facetURL="/libs/dam/content/search/searchpanel/facets.overlay.infinity.json"
            xtype="siteadminsearchpanel">
            <actions jcr:primaryType="nt:unstructured">
                <delete
                    jcr:primaryType="nt:unstructured"
                    cls="cq-damadmin-delete"
                    conditions="[CQ.wcm.SiteAdmin.hasAnySelection, CQ.wcm.SiteAdmin.notLocked]"
                    context="[toolbar,contextmenu]"
                    disabled="{Boolean}true"
                    handler="CQ.wcm.DamAdmin.deleteAsset"
                    privileges="[delete]"
                    target="CQ.wcm.SiteAdmin.getAnyTarget"
                    text="Delete"/>
                <separator1
                    jcr:primaryType="nt:unstructured"
                    context="[toolbar,contextmenu]"
                    value="-"
                    xtype="separator"/>
                <move
                    jcr:primaryType="nt:unstructured"
                    cls="cq-damadmin-move"
                    conditions="[CQ.wcm.SiteAdmin.hasSingleSelection, CQ.wcm.SiteAdmin.notLocked]"
                    context="[toolbar,contextmenu]"
                    disabled="{Boolean}true"
                    handler="CQ.wcm.SiteAdmin.movePage"
                    privileges="[delete]"
                    target="CQ.wcm.SiteAdmin.getSingleTarget"
                    text="Move..."/>
                <separator2
                    jcr:primaryType="nt:unstructured"
                    context="[_contextmenu]"
                    value="-"
                    xtype="separator"/>
                <lock
                    jcr:primaryType="nt:unstructured"
                    cls="cq-siteadmin-lock"
                    conditions="[CQ.wcm.SiteAdmin.hasListSelection, CQ.wcm.SiteAdmin.lockable]"
                    context="[_contextmenu]"
                    disabled="{Boolean}true"
                    handler="CQ.wcm.SiteAdmin.lockNode"
                    iconCls="cq-siteadmin-lock-icon"
                    privileges="[update]"
                    target="CQ.wcm.SiteAdmin.getTargetFromList"
                    text="Lock"/>
                <unlock
                    jcr:primaryType="nt:unstructured"
                    cls="cq-siteadmin-unlock"
                    conditions="[CQ.wcm.SiteAdmin.hasListSelection, CQ.wcm.SiteAdmin.unlockable]"
                    context="[_contextmenu]"
                    disabled="{Boolean}true"
                    handler="CQ.wcm.SiteAdmin.unlockNode"
                    iconCls="cq-siteadmin-unlock-icon"
                    privileges="[update]"
                    target="CQ.wcm.SiteAdmin.getTargetFromList"
                    text="Unlock"/>
                <separator3
                    jcr:primaryType="nt:unstructured"
                    context="[toolbar,contextmenu]"
                    value="-"
                    xtype="separator"/>
                <activate
                    jcr:primaryType="nt:unstructured"
                    cls="cq-damadmin-activate"
                    context="[toolbar]"
                    iconCls="cq-siteadmin-activate-icon"
                    split="{Boolean}true"
                    text="Activate">
                    <menu jcr:primaryType="nt:unstructured">
                        <activateNow
                            jcr:primaryType="nt:unstructured"
                            cls="cq-siteadmin-activate-now"
                            conditions="[CQ.wcm.SiteAdmin.hasAnySelection, CQ.wcm.SiteAdmin.notLocked]"
                            context="[toolbar,contextmenu]"
                            handler="CQ.wcm.SiteAdmin.activatePage"
                            isDefaultAction="{Boolean}true"
                            target="CQ.wcm.SiteAdmin.getAnyTarget"
                            text="Activate"/>
                        <activateLater
                            jcr:primaryType="nt:unstructured"
                            cls="cq-siteadmin-activate-later"
                            conditions="[CQ.wcm.SiteAdmin.hasAnySelection, CQ.wcm.SiteAdmin.notLocked]"
                            context="[toolbar]"
                            handler="CQ.wcm.SiteAdmin.scheduleForActivation"
                            privileges="[replicate]"
                            target="CQ.wcm.SiteAdmin.getTargetFromList"
                            text="Activate Later..."/>
                    </menu>
                </activate>
                <deactivate
                    jcr:primaryType="nt:unstructured"
                    cls="cq-damadmin-deactivate"
                    context="[toolbar]"
                    iconCls="cq-damadmin-deactivate-icon"
                    split="{Boolean}true"
                    text="Deactivate">
                    <menu jcr:primaryType="nt:unstructured">
                        <deactivateNow
                            jcr:primaryType="nt:unstructured"
                            cls="cq-damadmin-deactivate-now"
                            conditions="[CQ.wcm.SiteAdmin.hasAnySelection,CQ.wcm.SiteAdmin.notLocked]"
                            context="[toolbar,contextmenu]"
                            handler="CQ.wcm.SiteAdmin.deactivatePage"
                            isDefaultAction="{Boolean}true"
                            target="CQ.wcm.SiteAdmin.getAnyTarget"
                            text="Deactivate"/>
                        <deactivateLater
                            jcr:primaryType="nt:unstructured"
                            cls="cq-damadmin-deactivate-later"
                            conditions="[CQ.wcm.SiteAdmin.hasAnySelection,CQ.wcm.SiteAdmin.notLocked]"
                            context="[toolbar]"
                            handler="CQ.wcm.SiteAdmin.scheduleForDeactivation"
                            privileges="[replicate]"
                            target="CQ.wcm.SiteAdmin.getTargetFromList"
                            text="Deactivate Later..."/>
                    </menu>
                </deactivate>
                <separator4
                    jcr:primaryType="nt:unstructured"
                    context="[toolbar,contextmenu]"
                    value="-"
                    xtype="separator"/>
                <tools
                    jcr:primaryType="nt:unstructured"
                    cls="cq-damadmin-tools"
                    context="[toolbar]"
                    iconCls="cq-siteadmin-tools-icon"
                    text="Tools">
                    <menu jcr:primaryType="nt:unstructured">
                        <references
                            jcr:primaryType="nt:unstructured"
                            cls="cq-damadmin-references"
                            conditions="[CQ.wcm.SiteAdmin.noFolder]"
                            disabled="{Boolean}true"
                            handler="CQ.wcm.SiteAdmin.showReferences"
                            iconCls="cq-siteadmin-references-icon"
                            target="CQ.wcm.SiteAdmin.getSingleTarget"
                            text="References..."/>
                        <download
                            jcr:primaryType="nt:unstructured"
                            cls="cq-damadmin-download"
                            conditions="[CQ.wcm.SiteAdmin.isAsset]"
                            disabled="{Boolean}true"
                            handler="CQ.wcm.SiteAdmin.download"
                            iconCls="cq-siteadmin-download-icon"
                            target="CQ.wcm.SiteAdmin.getTargetFromList"
                            text="Download"/>
                    </menu>
                </tools>                              
            </actions>
        </searchpanel>
    </tabs>
    <tags jcr:primaryType="nt:unstructured">
        <icon1
            jcr:primaryType="nt:unstructured"
            href="/libs/wcm/core/content/damadmin.ico"
            rel="shortcut icon"
            tagName="link"
            type="image/vnd.microsoft.icon"/>
        <icon2
            jcr:primaryType="nt:unstructured"
            href="/libs/wcm/core/content/damadmin.ico"
            rel="icon"
            tagName="link"
            type="image/vnd.microsoft.icon"/>
        <link
            jcr:primaryType="nt:unstructured"
            href="/bin/querybuilder.feed?cookie=cq-mrss&amp;p.limit=-1&amp;path=%2Fcontent%2Fdam&amp;mainasset=true&amp;type=dam:Asset"
            rel="alternate"
            tagName="link"
            type="application/atom+xml"/>
    </tags>
</jcr:root>