<?xml version="1.0" encoding="UTF-8"?>
<jcr:root xmlns:cq="http://www.day.com/jcr/cq/1.0" xmlns:jcr="http://www.jcp.org/jcr/1.0"
	jcr:primaryType="cq:Dialog"
	xtype="tabpanel">
	<items jcr:primaryType="cq:WidgetCollection"> 
	       
		<basic
			jcr:primaryType="cq:Widget"
	       	path="/libs/foundation/components/page/tab_basic.infinity.json"
	       	xtype="cqinclude"/>
	    <advanced
	       	jcr:primaryType="cq:Widget"
	       	path="/libs/foundation/components/page/tab_advanced.infinity.json"
	       	xtype="cqinclude"/>
	    <image
	    	jcr:primaryType="cq:Widget"
	      	path="/libs/foundation/components/page/tab_image.infinity.json"
	      	xtype="cqinclude"/>
	    <blueprint
	       	jcr:primaryType="cq:Widget"
	       	path="/libs/foundation/components/page/tab_blueprint.infinity.json"
	       	xtype="cqinclude"/>
	    <livecopy
	       	jcr:primaryType="cq:Widget"
	       	path="/libs/foundation/components/page/tab_livecopy.infinity.json"
	       	xtype="cqinclude"/> 
	    <navigation
	        jcr:primaryType="cq:Widget"
	        path="/apps/att/att-foundation/components/desktop/page/basepage/tab_globalnavigation.infinity.json" 
	        xtype="cqinclude"/>
	    <Other
            jcr:primaryType="cq:Widget"
            anchor="100%"
            title="Other"
            xtype="panel">
            <items jcr:primaryType="cq:WidgetCollection">
                <displaysocialbar
                    jcr:primaryType="cq:Widget"
                    fieldLabel="Display Social Sharebar"
                    inputValue="true"
                    name="./displaysocialbar"
                    type="checkbox"
                    xtype="selection"/>
				<robots
                    jcr:primaryType="cq:Widget"
                    defaultValue="0"
                    fieldDescription="Choose the value of the Robots meta tag"
                    fieldLabel="Robots Setting"
                    name="./metarobots"
                    type="select"
                    xtype="selection">
                        <options jcr:primaryType="cq:WidgetCollection">
                            <indexfollow
                                jcr:primaryType="nt:unstructured"
                                text="INDEX, FOLLOW"
                                value="INDEX,FOLLOW"/>
                            <noindexfollow
                                jcr:primaryType="nt:unstructured"
                                text="NOINDEX, FOLLOW"
                                value="NOINDEX,FOLLOW"/>
                            <indexnofollow
                                jcr:primaryType="nt:unstructured"
                                text="INDEX, NOFOLLOW"
                                value="INDEX,NOFOLLOW"/>
                            <noindexnofollow
                                jcr:primaryType="nt:unstructured"
                                text="NOINDEX, NOFOLLOW"
                                value="NOINDEX,NOFOLLOW"/>
                        </options>
                </robots>
                <opengraph
                        jcr:primaryType="cq:Widget"
                        collapsed="{Boolean}false"
                        collapsible="{Boolean}true"
                        title="Open Graph Tag Properties"
                        titleCollapse="true"
                        xtype="dialogfieldset">
                        <items jcr:primaryType="cq:WidgetCollection">
                            <ogtitle
                                jcr:primaryType="cq:Widget"
                                fieldLabel="OG Title"
								fieldDescription="Optional.if not provided , it will display the Page Title"
                                name="./ogtitle"
                                xtype="textfield"/>
                            <ogdescription
                                jcr:primaryType="cq:Widget"
                                fieldLabel="OG Description"
                                fieldDescription="Optional.if not provided , it will use the Page description"
                                name="./ogdescription"
                                xtype="textfield"/>
                            <ogimage
                                jcr:primaryType="cq:Widget"
                                emptyText="Please select Image from DAM for OG tag"
                                fieldLabel="OG Image"
                                name="./ogimage"
                                rootPath="/content/dam"
                                xtype="pathfield"/>
                        </items>
                    </opengraph>	
            </items>
        </Other>
	</items>
</jcr:root>