<?xml version="1.0" encoding="UTF-8"?>
<jcr:root xmlns:cq="http://www.day.com/jcr/cq/1.0" xmlns:jcr="http://www.jcp.org/jcr/1.0"
    jcr:primaryType="cq:Dialog"
    xtype="tabpanel">
    <items jcr:primaryType="cq:WidgetCollection">
        <tab1
            jcr:primaryType="cq:Widget"
            title="Title Heading"
            xtype="panel">
            <items jcr:primaryType="cq:WidgetCollection">
                <headerField
                    jcr:primaryType="cq:Widget"
                    fieldLabel="Header Text"
                    name="./headerText"
                    xtype="textfield"/>
                <lineOne
                    jcr:primaryType="cq:Widget"
                    fieldLabel="Line One"
                    name="./lineOne"
                    xtype="textfield"/>
                <lineThree
                    jcr:primaryType="cq:Widget"
                    fieldLabel="Line Three"
                    name="./lineThree"
                    xtype="textfield"/>
                <lineFour
                    jcr:primaryType="cq:Widget"
                    fieldLabel="Line Four"
                    name="./lineFour"
                    xtype="textfield"/>
                <lineTwo
                    jcr:primaryType="cq:Widget"
                    fieldLabel="Line Two"
                    name="./lineTwo"
                    xtype="textfield"/>
                <requestNo
                    jcr:primaryType="cq:Widget"
                    fieldLabel="Request Number"
                    name="./requestNo"
                    xtype="textfield"/>
            </items>
        </tab1>
        <tab2
            jcr:primaryType="cq:Widget"
            title="URL Heading"
            xtype="panel">
            <items jcr:primaryType="cq:WidgetCollection">
                <deviceUnlock
                    jcr:primaryType="cq:Widget"
                    fieldLabel="Link for Device Unlock Support"
                    name="./deviceUnlock"
                    xtype="textfield"/>
                <deviceUnlockText
                    jcr:primaryType="cq:Widget"
                    fieldLabel="Text for Device Unlock Support"
                    name="./deviceUnlockText"
                    xtype="textfield"/>
            </items>
        </tab2>
    </items>
</jcr:root>
