<?xml version="1.0" encoding="UTF-8"?>
<beans xmlns="http://www.springframework.org/schema/beans"
	xmlns:xsi="http://www.w3.org/2001/XMLSchema-instance" xmlns:context="http://www.springframework.org/schema/context"
	xmlns:p="http://www.springframework.org/schema/p"
	xsi:schemaLocation="http://www.springframework.org/schema/beans  
            http://www.springframework.org/schema/beans/spring-beans-3.0.xsd
            http://www.springframework.org/schema/context
	        http://www.springframework.org/schema/context/spring-context-3.0.xsd">
	        
	     <!--  <bean class="org.springframework.beans.factory.config.PropertyPlaceholderConfigurer">
			<property name="locations">
				<list>
				    <value>classpath:application.properties</value>	
					<value>classpath:mdm.properties</value>					
					<value>classpath:system.properties</value>
				</list>
			</property>
			<property name="ignoreResourceNotFound" value="true" />
		</bean>
	        
	      <import resource="classpath:mdmContext.xml"/>
 -->
		
		

		 <bean id="initializationService" init-method="init" name="initializationService" class="com.att.sapmp.apigw.apps.service.InitializationService"/>
		
		<bean id="installApprequestProcessor" class="com.att.sapmp.apigw.apps.service.InstallAppRequestProcessor"/>
		<bean id="installAppresponseProcessor" class="com.att.sapmp.apigw.apps.service.InstallAppResponseProcessor"/>
		<bean id="csiManageDeviceDetailsProcessor" class="com.att.sapmp.apigw.apps.service.CsiManageDeviceDetailsProcessor"/>
		<bean id="csiInquireDeviceDetailsProcessor" class="com.att.sapmp.apigw.apps.service.CsiInquireDeviceDetailsProcessor"/>
		<bean id="errorHandler" class="com.att.sapmp.apigw.apps.util.ErrorHandler" />
		<bean id="requestProcessor" class="com.att.sapmp.apigw.apps.service.DeleteAppRequestProcessor"/>
	<bean id="responseProcessor" class="com.att.sapmp.apigw.apps.service.DeleteAppResponseProcessor"/>
		
	
		
</beans>  