<routes xmlns="http://camel.apache.org/schema/spring">

	<route id="expireRouteBefore">
		<from uri="direct:expireRouteBefore" />
		<convertBodyTo type="java.lang.String" />
		<to uri="bean:requestProcessor?method=initializeExpireAccountHeader" />
		<to uri="bean:mdmAuthToken?method=getAuthToken" />
		<onException>
			<exception>java.lang.Exception</exception>  	
			<to uri="bean:responseProcessor?method=handleErrorResponse"/> 
             <handled><constant>true</constant></handled>
		</onException>
		 <log message="Headersr - message received: ${headers}"/> 
	</route>

	<!-- This is the satrtup route for the APIGateway microservice -->

	<route id="startup-route-expire">

		<from uri="servlet:/accounts?matchOnUriPrefix=true" />
		<choice>
			<when>
				<simple>${header.CamelHttpMethod} == "DELETE"</simple>
				<log message="expire route start" />
				<to uri="cxfbean:jaxrsServices?providers=jaxrsProviders" />
				<to uri="direct:expireRouteBefore" />
				<to uri="direct:ibm:expireAccount" />
				<log message="expire route end" />
			</when>
			<otherwise>
				<log message="inquire route start" />
				<to uri="cxfbean:jaxrsServices?providers=jaxrsProviders" />
				<to uri="direct:commonRouteBefore" />
				<to uri="direct:ibm:mass" />
				<log message="inquire route end" />
			</otherwise>
		</choice>

	</route>

	<route id="ibm-expireAccount-route">
		<from uri="direct:ibm:expireAccount" /> 		     
		<setHeader headerName="Exchange.HTTP_URI">
			<simple>${in.header.IBMUrl}</simple>
		</setHeader>
		<setHeader headerName="Authorization">
			<simple>MaaS token="${in.header.authToken}"</simple>
		</setHeader>
		<setHeader headerName="CamelHttpMethod">
			<constant>POST</constant>
		</setHeader>
		<setHeader headerName="Exchange.CONTENT_TYPE">
			<constant>application/x-www-form-urlencoded</constant>
		</setHeader>
		<setHeader headerName="Accept">
			<constant>application/json</constant>
		</setHeader>
		<enrich>
			<simple>velocity:vm/expireAccount.vm</simple>
		</enrich>
		<setBody>
			<simple>${body}</simple>
		</setBody>
		<log message="${body}" />
         <choice>
			<when>
				<simple>"{{useProxy}}" != 'Y'</simple>
					<to uri="http4://headeruri?throwExceptionOnFailure=false" />
			</when>
			<otherwise> 
				<to uri="http4://headeruri?throwExceptionOnFailure=false&amp;proxyAuthHost={{proxyAuthHost}}&amp;proxyAuthPort={{proxyAuthPort}}" />
			</otherwise> 		
		</choice> 
		<choice> 
		   <when> 
		        <simple>${header.CamelHttpResponseCode} != 200</simple> 
		        <to uri="bean:responseProcessor?method=handleErrorResponse"/> 
		</when> 
		   <otherwise> 
				<to uri="bean:responseProcessor?method=handleExpireAccountResponse" />
		</otherwise> 
		</choice>
		<onException>
			<exception>java.lang.Exception</exception>  	
			<to uri="bean:responseProcessor?method=handleErrorResponse"/> 
             <handled><constant>true</constant></handled>
		</onException>
	</route>
	<route id="commonRouteBefore">
		<from uri="direct:commonRouteBefore" />
		<convertBodyTo type="java.lang.String" />
		<to uri="bean:requestProcessor?method=initializeHeader" />
		<to uri="bean:mdmAuthToken?method=getAuthToken" />
		<onException>
			<exception>java.lang.Exception</exception>  	
			<to uri="bean:responseProcessor?method=handleErrorResponse"/> 
             <handled><constant>true</constant></handled>
		</onException>
		 <log message="Headers received: ${headers}"/> 
	</route>

	<route id="ibm-mass-route">
		<from uri="direct:ibm:mass" /> 		     
		<setHeader headerName="Exchange.HTTP_URI">
			<simple>${in.header.IBMUrl}</simple>
		</setHeader>
		<setHeader headerName="Authorization">
			<simple>MaaS token="${in.header.authToken}"</simple>
		</setHeader>
		<setHeader headerName="CamelHttpMethod">
			<constant>GET</constant>
		</setHeader>
		<setHeader headerName="Content-Type">
			<constant>application/json</constant>
		</setHeader>
		<setHeader headerName="Accept">
			<constant>application/json</constant>
		</setHeader>
        <choice>
			<when>
				<simple>"{{useProxy}}" != 'Y'</simple>
					<to uri="http4://headeruri?throwExceptionOnFailure=false" />
			</when>
			<otherwise> 
				<to uri="http4://headeruri?throwExceptionOnFailure=false&amp;proxyAuthHost={{proxyAuthHost}}&amp;proxyAuthPort={{proxyAuthPort}}" />
			</otherwise> 		
		</choice> 
		<choice> 
		   <when> 
		        <simple>${header.CamelHttpResponseCode} != 200</simple> 
		        <to uri="bean:responseProcessor?method=handleErrorResponse"/> 
		</when> 
		   <otherwise> 
				<unmarshal ref="accountJson" />
				<to uri="bean:responseProcessor?method=handleResponse" />
		</otherwise> 
		</choice>
		<onException>
			<exception>java.lang.Exception</exception>  	
			<to uri="bean:responseProcessor?method=handleErrorResponse"/> 
             <handled><constant>true</constant></handled>
		</onException>
	</route>	
</routes>