<routes xmlns="http://camel.apache.org/schema/spring" >

	<route id="createTenantAccntReq">
		<from uri="direct:createTenantAccntReq" />
		<convertBodyTo type="java.lang.String" />
		<to uri="bean:createTeanantAccontReq?method=initializeHeader" />
		<to uri="bean:mdmAuthToken?method=getAuthToken" />
		<onException>
			<exception>java.lang.Exception</exception>  	
			 <setHeader headerName="Content-Type">
                     <constant>application/json</constant>
             </setHeader>		 
   			 <choice> 
		  		 <when> 
		       		 <simple>${header.errorCode} != null</simple> 
		       		      	<setHeader headerName="CamelHttpResponseCode">
                    			<simple>${header.errorCode}</simple>
             				</setHeader>
             				  <setBody>
                    			  <simple>{ "errorCode": "${header.errorCode}" , "message": "${exception.message}" }</simple>
            			 	</setBody>
				</when> 
		 		  <otherwise> 
		   				    <setHeader headerName="CamelHttpResponseCode">
                  				<constant>500</constant>
            				</setHeader>
            				 <setBody>
                    			  <simple>{ "errorCode": "500" , "message": "${exception.message}" }</simple>
            			 	</setBody>
					</otherwise> 
			</choice>
             <handled><constant>true</constant></handled>
		</onException>
	</route>

	<!-- This is the satrtup route for the APIGateway microservice -->

	<route id="startup-route-createTenantAccount">
	
		<from uri="servlet:/accounts/createaccount?matchOnUriPrefix=true" />
		<!-- <to uri="cxfbean:jaxrsServices?providers=jaxrsProviders" />  -->		
		<to uri="direct:createTenantAccntReq" />
		<to uri="direct:createTenantAccntResp" />
	</route>

	<route id="createTenantAccntResp" >
		<from uri="direct:createTenantAccntResp" /> 		     
		<setHeader headerName="Exchange.HTTP_URI">
			<simple>${in.header.IBMCreateTenantAccountUrl}</simple>
		</setHeader>
		<setHeader headerName="Authorization">
			<simple>MaaS token="${in.header.authToken}"</simple>
		</setHeader>
		<setHeader headerName="CamelHttpMethod">
			<constant>POST</constant>
		</setHeader>
		<setHeader headerName="Exchange.CONTENT_TYPE">
			<simple>application/x-www-form-urlencoded</simple>
		</setHeader>
		<setHeader headerName="Exchange.CONTENT_ENCODING">
			<constant>UTF-8</constant>
		</setHeader>
		<setHeader headerName="Accept">
			<simple>application/json</simple>
		</setHeader>
		<enrich>
			<simple>velocity:vm/createAccount.vm</simple>
		</enrich>
		<setBody>
			<simple>${body}</simple>
		</setBody>
		<log message="payload :: - ${body}" />         

          <choice>
			<when>
				<simple>"{{useProxy}}" != 'Y'</simple>
					<to uri="http4://headeruri?throwExceptionOnFailure=false" />
			</when>
			<otherwise> 
				<to uri="http4://headeruri?throwExceptionOnFailure=false&amp;proxyAuthHost={{proxyAuthHost}}&amp;proxyAuthPort={{proxyAuthPort}}" />
			</otherwise> 		
		</choice> 
<!-- 		<log message="payload response:: - ${body}" />   --> 
		<choice>  
		   <when> 
		        <simple>${header.CamelHttpResponseCode} != 200</simple> 
		        <to uri="bean:createTeanantAccontRes?method=handleErrorResponse"/> 
		</when> 
		   <otherwise> 
				<unmarshal ref="createAccountResponseJson" />
				<to uri="bean:createTeanantAccontRes?method=handleResponse" />
		</otherwise> 
		</choice>
		<onException>
			<exception>java.lang.Exception</exception>
             <handled><constant>true</constant></handled>
              <setHeader headerName="CamelHttpResponseCode">
                    <simple>${header.CamelHttpResponseCode}</simple>
             </setHeader>
             <setHeader headerName="Content-Type">
                     <constant>application/json</constant>
             </setHeader>
             <setBody>
                      <simple>{ "errorCode": "${header.CamelHttpResponseCode}" , "message": "${exception.message}" }</simple>
             </setBody>
		</onException>
	</route>
</routes>
