<?xml version="1.0" encoding="UTF-8"?>
<jcr:root xmlns:cq="http://www.day.com/jcr/cq/1.0" xmlns:jcr="http://www.jcp.org/jcr/1.0"
	jcr:primaryType="cq:Panel" 
	title="General Options">
	
	<items jcr:primaryType="cq:WidgetCollection">
		<selectSize jcr:primaryType="cq:Widget" 
		    fieldLabel="Choose Modal Size"
		    fieldDescription="Size of the modal to display" 
		    name="./modalSize" 
		    defaultValue=""
		    type="select" 
		    xtype="selection">
			<options jcr:primaryType="cq:WidgetCollection">
			    <modalsize1 jcr:primaryType="nt:unstructured" text="Small" value="modal-sm"/>
				<modalsize2 jcr:primaryType="nt:unstructured" text="Medium" value=""/>
				<modalsize3 jcr:primaryType="nt:unstructured" text="Large" value="modal-lg"/>
			</options>
		</selectSize>
		
		<titlekey jcr:primaryType="cq:Widget"
		    fieldLabel="Modal Title"
		    fieldDescription="Title text"
		    name="./modalTitleValue"
		    xtype="textfield"/>
		
		<toggleOptions jcr:primaryType="cq:WidgetCollection">
		    <modopt1 jcr:primaryType="cq:Widget" type="checkbox" xtype="selection"
		        name="./modalNotCloseable" defaultValue="false"
		        fieldLabel="Hide Close"
		        fieldDescription="Should close button be displayed in the modal header"/>
		    <modopt2 jcr:primaryType="cq:Widget" type="checkbox" xtype="selection"
		        name="./modalHideHeader" defaultValue="false"
		        fieldLabel="Hide Header"
		        fieldDescription="Should the header section be hidden"/>
		    <modopt3 jcr:primaryType="cq:Widget" type="checkbox" xtype="selection"
		        name="./modalHideFooter" defaultValue="false"
		        fieldLabel="Hide Footer"
		        fieldDescription="Should the footer section be hidden"/>
		</toggleOptions>
		
		<modalidval jcr:primaryType="cq:Widget"
		    fieldLabel="Modal Identifier"
		    fieldDescription="Modals Unique identifier to be specified by development (optional)."
		    name="./modalIDVal"
		    xtype="textfield"/>

	</items>
</jcr:root>