<routes xmlns="http://camel.apache.org/schema/spring" >
    <!-- This is the startup route for the APIGateway micro service -->
    <route id="startup-route">
    	<interceptFrom>
		<choice>
			<when>
				<simple>${header.commoncontext} != null</simple>
				<removeHeaders pattern="commoncontext" />
			</when>
		</choice>
		<setHeader headerName="X-ATT-Transaction-Id">
			<simple>${bean:commonUtil?method=getAsArrayList($simple{in.header.TrackingId})}
		</simple>
		</setHeader>
	<to uri="bean:camelInterceptor?method=invokepreInterceptorChain" />
	</interceptFrom>
        <from uri="servlet:/apps/deleteapp?matchOnUriPrefix=true" />
        <setProperty propertyName="AccountPassPhrase">
            <simple>${in.header.AccountPassPhrase}</simple>
        </setProperty>
        <to uri="direct:deleteAppRequestRoute" />
        <to uri="direct:deleteAppResponseRoute" />
    </route>
    <route id="deleteAppRequestRoute">
        <from uri="direct:deleteAppRequestRoute" />
        <convertBodyTo type="java.lang.String" />
        <log message="${body}" />
        <to uri="bean:deleteApprequestProcessor?method=process" />
        <setHeader headerName="AccountPassPhrase">
            <simple>${exchangeProperty.AccountPassPhrase}</simple>
        </setHeader>
        <to uri="bean:mdmAuthToken?method=getAuthToken" />
        <onException>
            <exception>java.lang.Exception</exception>
            <to uri="bean:errorHandler?method=handleError"/>
            <handled>
                <constant>true</constant>
            </handled>
        </onException>
    </route>
    <route id="deleteAppResponseRoute" >
        <from uri="direct:deleteAppResponseRoute" />
        <setHeader headerName="Exchange.HTTP_URI">
            <simple>${in.header.IBMUrl}</simple>
        </setHeader>
        <setHeader headerName="CamelHttpMethod">
            <constant>POST</constant>
        </setHeader>
        <setHeader headerName="Authorization">
            <simple>MaaS token="${in.header.authToken}"</simple>
        </setHeader>
        <setHeader headerName="Exchange.CONTENT_TYPE">
            <simple>application/x-www-form-urlencoded</simple>
        </setHeader>
        <setHeader headerName="Accept">
            <simple>application/json</simple>
        </setHeader>
        <split parallelProcessing="true" strategyRef="joinReplyAggregationStrategy">
            <simple>${in.header.appList}</simple>
            <to uri="bean:deleteApprequestProcessor?method=split" />
            <enrich>
                <simple>velocity:vm/deleteappmass.vm</simple>
            </enrich>
            <setBody>
                <simple>${body}</simple>
            </setBody>
            <!-- <log message="Headers - split: ${headers}"/> -->
            <to uri="bean:commonUtil?method=logMAP('Headers to IBM DeleteApp Endpoint', ${headers})" />
            <log message="payload split:: - ${body}" />
         <choice>
			<when>
				<simple>"{{use.proxy}}" != 'Y'</simple>
					<to uri="http4://headeruri?httpClient.socketTimeout={{ibm.timeout}}&amp;throwExceptionOnFailure=false" />
			</when>
			<otherwise> 
				<to uri="http4://headeruri?httpClient.socketTimeout={{ibm.timeout}}&amp;throwExceptionOnFailure=false&amp;proxyAuthHost={{proxy.auth.host}}&amp;proxyAuthPort={{proxy.auth.port}}" />
			</otherwise> 		
		</choice> 
            <!-- 	<log message="responseload :: - ${body}" />  -->
            <choice>
                <when>
                    <simple>${header.CamelHttpResponseCode} != 200</simple>
                    <to uri="bean:errorHandler?method=handleError"/>
                </when>
                <otherwise>
                    <unmarshal ref="actionResponseJson" />
                    <to uri="bean:deleteAppresponseProcessor?method=handleResponse" />
                </otherwise>
            </choice>
        </split>
        
        <onException>
			<exception>java.lang.Exception</exception>
			<log message="Exception Message: ${exception.message} . retry attempts: {{retry.max.attempt}}" />
			<onWhen>
				<simple> ${exception.message} contains '502' or ${exception.message} contains 'Connection refused'</simple>
			</onWhen>
			<redeliveryPolicy maximumRedeliveries="{{retry.max.attempt}}" delay="{{retry.delay}}"/>
			<continued>
				<constant>true</constant>
			</continued>
		</onException>
        <onException>
            <exception>java.lang.Exception</exception>
            <to uri="bean:errorHandler?method=handleError"/>
            <handled>
                <constant>true</constant>
            </handled>
        </onException>
    </route>
</routes>

