<routes xmlns="http://camel.apache.org/schema/spring">

	<!-- This is the startup route for the APIGateway microservice -->
	
	<route id="mdmAuthToken">
		<from uri="direct:mdmAuthToken" /> 		     
		<setHeader headerName="Exchange.HTTP_URI">
			<simple>${in.header.IBMAuthURL}</simple>
		</setHeader>
		<setHeader headerName="CamelHttpMethod">
			<constant>POST</constant>
		</setHeader>
		<setHeader headerName="Content-Type">
			<constant>application/json</constant>
		</setHeader>
		<setHeader headerName="Accept">
			<constant>application/json</constant>
		</setHeader>
		<enrich>
			<simple>velocity:vm/authmdm.vm</simple>
		</enrich>
		<setBody>
			<simple>${body}</simple>
		</setBody>
		<log message="IBM Auth Token headers :: - ${headers}" /> 
		<!-- <log message="IBM Auth Token request :: - ${body}" />     -->     
         <choice>
			<when>
				<simple>"{{use.proxy}}" != 'Y'</simple>
					<to uri="http4://headeruri?httpClient.socketTimeout={{ibm.timeout}}&amp;throwExceptionOnFailure=false" />
			</when>
			<otherwise> 
				<to uri="http4://headeruri?httpClient.socketTimeout={{ibm.timeout}}&amp;throwExceptionOnFailure=false&amp;proxyAuthHost={{proxy.auth.host}}&amp;proxyAuthPort={{proxy.auth.port}}" />
			</otherwise> 		
		</choice> 
		<choice> 
		   <when> 
		        <simple>${header.CamelHttpResponseCode} != 200</simple> 
		        <to uri="bean:errorHandler?method=handleError"/> 
		</when> 
		   <otherwise> 
				<unmarshal ref="authResponseJson" />
				<to uri="bean:responseMdmProcessor?method=handleResponse" />
		</otherwise> 
		</choice>
		<onException>
			<exception>java.lang.Exception</exception>
			<log message="Exception Message: ${exception.message} . retry attempts: {{retry.max.attempt}}" />
			<onWhen>
				<simple> ${exception.message} contains '502' or ${exception.message} contains 'Connection refused'</simple>
			</onWhen>
			<redeliveryPolicy maximumRedeliveries="{{retry.max.attempt}}" delay="{{retry.delay}}"/>
			<continued>
				<constant>true</constant>
			</continued>
		</onException>
		<onException>
			<exception>java.lang.Exception</exception>  	
			<to uri="bean:errorHandler?method=handleError"/> 
			 <handled><constant>true</constant></handled>
		</onException>
	</route>		
</routes>