<?xml version="1.0" encoding="UTF-8"?>
<beans xmlns="http://www.springframework.org/schema/beans"
	xmlns:xsi="http://www.w3.org/2001/XMLSchema-instance" xmlns:context="http://www.springframework.org/schema/context"
	xmlns:p="http://www.springframework.org/schema/p"
	xsi:schemaLocation="http://www.springframework.org/schema/beans  
            http://www.springframework.org/schema/beans/spring-beans-3.0.xsd
            http://www.springframework.org/schema/context
	        http://www.springframework.org/schema/context/spring-context-3.0.xsd">
	        

		<bean id="deviceJson" class="org.apache.camel.component.jackson.JacksonDataFormat">
		  <property name="unmarshalType" value="com.att.sapmp.apigw.accounts.model.Devices"/>
		</bean> 		

		<bean id="createAccountResponseJson" class="org.apache.camel.component.jackson.JacksonDataFormat">
		  <property name="unmarshalType" value="com.att.sapmp.apigw.accounts.model.CreateTenantAccountOrchResp"/>
		</bean>

		<bean id="encyptResponseJson" class="org.apache.camel.component.jackson.JacksonDataFormat">
		  <property name="unmarshalType" value="com.att.sapmp.apigw.accounts.model.EncryptResponse"/>
		</bean>				

		<bean id="expireAccountRequestProcessor" class="com.att.sapmp.apigw.accounts.service.ExpireAccountRequestProcessor"/>
		<bean id="expireAccountResponseProcessor" class="com.att.sapmp.apigw.accounts.service.ExpireAccountResponseProcessor"/>

		<bean id="inquireAccountRequestProcessor" class="com.att.sapmp.apigw.accounts.service.InquireAccountRequestProcessor"/>
		<bean id="inquireAccountResponseProcessor" class="com.att.sapmp.apigw.accounts.service.InquireAccountResponseProcessor"/>

		<bean id="createTenantAccountReqProcessor" class="com.att.sapmp.apigw.accounts.service.CreateTenantAccountRequestProcessor"/>
		<bean id="createTenantAccountResProcessor" class="com.att.sapmp.apigw.accounts.service.CreateTenantAccountResponseProcessor"/>
				
		<bean id="appleCertRequestProcessor" class="com.att.sapmp.apigw.accounts.service.AppleCertRequestProcessor"/>
		<bean id="appleCertResponseProcessor" class="com.att.sapmp.apigw.accounts.service.AppleCertResponseProcessor"/>
	
		
</beans>  