{
    "nextsteplinks": [
        {
            "headerIntroTextBeforeLink": "Want to unlock a device and take it with you? We can help. We can unlock any devices designed to work on our network.You'll do everything online, in one place. If you need a little help, read the step-by-step tutorial",
            "supportUrlText": "Unlock phone or tablet",
            "headerIntroTextAfterLink": "before you get started.",
            "headerTextLine2": "Bringing a device to AT&T? We can help with that too. But, first you must contact your wireless provider to unlock it.",
            "unlockyourDevice": "Unlock your device",
            "unlockDeviceDescription": "Unlocking a device is simple. First, verify your device eligibility. Then, follow a few steps to submit your request. Be sure to have the wireless number and customer name on the account handy.",
            "checkUnlockStatusTxt": "Check your unlock status",
            "checkUnlockStatusDescrp": "Find out your unlock status. You'll need your device IMEI and the unlock request number we sent you. The IMEI number is usually 15 numbers. Your request number is a combination of letters and numbers. FYI, requests can take up to 2 days."
        }
    ]
}