{
    "nonATTSubmitComponent": [
        {
            "firstNameLabel": "First name",
            "accountHolderFirstameErrorRequired": "Enter the Account Holder's First Name",
            "lastnameLabel": "Last name",
            "accountHolderLastnameRequiredError": "Enter the Account Holder's Last Name",
            "wirelessTelephonenumberLabel": "Wireless telephone number",
            "wirelessnumberRequiredError": "Enter an AT&T Wireless Number",
            "wirelessnumberValidationError": "Enter a valid 10-digit AT&T wireless number with area code first (example: 5035557654)",
            "emailLabel": "Email address",
            "emailTooltip": "You'll need a valid email address to receive instructions to unlock your device.",
            "emailValidationError": "Enter a valid Email Address (example: user@att.com)",
            "emailRequiredError": "Enter an email address.",
            "ULP_1010": "Enter a secure email address.",
            "backButton": "Back",
            "submitButton": "Submit"
        }
    ]
}