{
    "requeststatus": [
        {
            "deviceUnlockSupportLabel": "Device unlock support",
            "deviceUnlockLabel": "Device unlock portal",
            "checkAnotherUnlockStatusLabel": "Check status of another device",
            "errorLabel": " Error:",
            "deniedGoPhone": "<p>We can’t unlock this device because it hasn’t been active for at least six months of paid service.</p><p>You can <a href='/deviceunlock/'>submit a new request</a> after six months of paid service.</p>",
            "deniedImeiActive": "<p>We can’t unlock this device because it’s currently active on another AT&T customer’s account. </p>",
            "deniedEmailConfirmFailed": "<p>We can’t unlock this device because we didn’t receive your confirmation within 24 hours.</p><p>If you’d like, you can <a href='/deviceunlock/'>submit a new request</a>.</p>",
            "deniedAttNextService": "<p>Your unlock request was denied because all of the installment payments for this device have not been paid.</p><p>Log in to your account to <a href='http://www.att.com/esupport/article.jsp?sid=KB424963'>review your AT&T Next payoff information</a> and <a href='https://www.att.com/olam/passthroughAction.myworld?actionType=MakePayment'>pay the installments online</a>.</p><p>You can <a href='/deviceunlock/'>submit a new request</a> 24 hours after making the payment.</p>",
            "deniedSubsidyService": "<p>Your unlock request was denied because the device is still under contract.</p><p>Log in to your account to <a href='https://www.att.com/esupport/article.html#!/wireless/KM1044993'>review your contract</a>.</p><p>To pay the <a href='http://www.att.com/esupport/article.jsp?sid=53602'>early termination fee</a> and unlock the device, call <b>800.331.0500</b> or dial <b>611</b> from your AT&T wireless phone.</p><p>You can <a href='/deviceunlock/'>submit a new request</a> 24 hours after making the payment.</p> ",
            "deniedPolicyValidation": "<p> Your unlock request was denied because we couldn’t verify the information you gave us. </p> <p> If you’d like you can review your information and <a href= /deviceunlock/ >submit a new request. </a></p> ",
            "deniedNonAttImei": "<p>Your unlock request was denied because the IMEI number doesn’t match a device that’s compatible with the AT&T network.</p><p>Check the IMEI number by dialing <b>*#06#</b>, or check the device settings, and then <a href='/deviceunlock/'>submit a new request</a>.</p>",
            "deniedNonSupported": "<p>Your unlock request was denied because the device is no longer supported by the manufacturer and we can’t obtain an unlock code.</p>",
            "deniedUnableToVerify": "<p>Your unlock request was denied because the account information doesn’t match our records.</p>",
            "deniedPastDue": "<p>Your unlock request was denied because your account has a past due or unpaid balance.</p> <p>To make a payment, <a href= https://www.att.com/olam/loginAction.olamexecute >log in to your account</a>.</p> <p>You can <a href=/deviceunlock/ >submit a new request</a> 24 hours after making a payment.</p>",
            "deniedMilitaryDoc": "<p>Your unlock request was denied because we did not receive the military proof documents within four days.</p><p>If you’d like, you can <a href='/deviceunlock/'>submit a new request</a>.</p>",
            "deniedFraud": "<p>Because of certain AT&T guidelines, we aren’t able to unlock this device.</p><p>AT&T guidelines won’t allow us to unlock this device.</p>",
            "deniedBrePeriodIRU": "<p>Your unlock request was denied because the device was recently upgraded.</p><p>You can <a href='/deviceunlock/'>submit a new request</a> 14 days after the last upgrade.</p>",
            "deniedBrePeriodCRU": "<p>Your unlock request was denied because the device was recently upgraded.</p><p>You can <a href='/deviceunlock/'>submit a new request</a> 30 days after the last upgrade.</p>",
            "deniedDataNotFound": "<p>Your unlock request was denied because the information you gave us doesn’t match our records.</p>",
            "deniedLostStolen": "<p>Your unlock request was denied because this device has been reported as lost or stolen.</p>",
            "deniedAccountActive": "<p>Your unlock request was denied because your account hasn’t been active for at least 60 days.</p>",
            "deniedCOUDevice": "<p>We're unable to process this request because it is not a consumer device.</p>",
            "inQueueProgress": "<p>We’re reviewing your unlock request now. Please allow two business days for processing.</p><p>We’ll email you soon with a decision on your request.</p>",
            "pendingEmailConfirm": "<p>Your unlock request is on hold until we receive your confirmation.</p><p>To complete your request, follow the confirmation link in the email we sent you.</p><p><b>Note:</b> If you can’t find the email, check your spam folder or <a href='/deviceunlock/'>submit a new request</a>.</p>",
            "pendingMilitaryDoc": "<p>Your unlock request is on hold because we’re waiting for the military deployment verification documents.</p><p>Fax the military deployment documents within four days to <b>214.782.6442</b> or email them to <a href='mailto:deviceunlockreceipt@att.com'>deviceunlockreceipt@att.com</a>.</p><p>If we don’t receive the documents within four days, we’ll have to cancel your request.</p>",
            "approvedComplete": "<p>We’ve approved your request to unlock your device. Here are the instructions to complete your unlock:</p>",
            "questionLabel": "Questions? Please call <strong>800.331.0500</strong>, or dial <strong>611</strong> from your AT&amp;T wireless phone.",
            "unlockCodeLabel": "Your unlock code is",
            "imeiNumberLabel": "IMEI Number",
            "requestDateTimeLabel": "Request Date/Time",
            "requestNumberStatusLabel": "Request Number",
            "currentStatusLabel": "Current Status"
        }
    ]
}