{
    "thankyouComponent": [
        {
            "requestNumberCRULabel": "Request number is",
            "confirmationCRULabel": "We'll process the request and respond to the provided email within two business days.",
            "requestNumberLabel": "Your request number is",
            "futureReferenceLabel": "Please keep this information for future reference",
            "processRequestLabel": "Before we can process your request, you'll need to follow these steps:",
            "confirmationLabel": "You'll receive a confirmation email message shortly.",
            "emailMessageLabel": "This email message will include a link. Please follow this link to confirm your unlock request within next 24 hours, or it will be canceled.",
            "militaryDocumentLabel": "Please fax or email us your military deployment documents to  214.718.6442, or  <a class=mailto href=mailto: deviceunlockreceipt@att.com >deviceunlockreceipt@att.com </a> or it will be canceled."
        }
    ]
}