{
    "unlockrequestlabel": [
        {
            "deviceUnlockSupportLabel": "Device unlock support",
            "submitNewRequestLabel": "Submit a new request",
            "checkUnlockStatusTxt": "Check your unlock status",
            "accessibilityToolTipContentLabel": "Link opens in a new window",
            "errorLabel": "Error:",
            "deviceUnlockLabel": "Device unlock portal",
            "requestinfoCRUHeaderLabel": "Thank You for Submitting a Device Unlock Request",
            "requestinfoLineThreeTextLabel": "Please provide your information",
            "ULP_1019": "The characters entered don't match the image.",
            "ULS_8024": "The characters you entered don't match the audio.",
            "ULF_0015": "Enter your device's IMEI Number.",
            "ULP2003": "The IMEI you entered does not appear to be an AT&T wireless phone or tablet. Please re-enter the correct 15-digit IMEI number for your AT&T wireless phone or tablet. You can obtain the IMEI number from the wireless phone by dialing *#06#.",
            "ULP_2004": "We can’t find a match for this wireless number. Check your information and try again.",
            "ULP_0001": "We can’t unlock this device for you. See if your current wireless provider can help you unlock it.",
            "ULP_0002": "We're sorry, but we're having technical difficulties with our network at the moment. Please try again later.",
            "ULS_8001": "We are sorry, Your account is not eligible for unlock.For more information, please contact Support 800.331.0500.",
            "ULS_8002": "We couldn’t verify your passcode. Check your information and try again. Or <a href= https: //www.att.com/esupport/article.html#!/wireless/KM1051385  target= _blank >reset your passcode</a>.",
            "ULS8002": "We couldn’t find a match for that account information.",
            "ULS_8003": "We couldn’t find an account with the Social Security number you gave us. Check your information and try again.",
            "ULS_8004": "Account name provided in the request is incorrect.Kindly provide correct data and try again.",
            "ULS_8005": "Last 4 digits of Account number provided in the request are incorrect. Kindly provide correct data and try again.",
            "ULS_8007": "This device isn’t eligible for unlocking now.",
            "ULS_8008": "We can’t unlock this device because of a past due or unpaid balance on the account. <br> To make a payment, <a href= https: //www.att.com/olam/passthroughAction.myworld?actionType=MakePayment target= _blank >log in to your account.</a> <br> You can <a href= /deviceunlock target= _blank >submit a new request </a> 24 hours after making a payment.",
            "ULS_8009": "We're sorry, but we're having technical difficulties with our network at the moment. Please try again later.",
            "ULS_8010": "There is a request to unlock this device in progress. You can check your order status here.",
            "ULS_8011": "We are sorry, This device is not eligible for unlock.For more information, please contact Support 800.331.0500.",
            "ULS_8012": "We are sorry, This device is not eligible for unlock.For more information, please contact Support 800.331.0500.",
            "ULS_8013": "Email Address provided in the request is not valid.  Kindly provide correct data and try again.",
            "ULS_8014": "We are sorry, This device is not eligible for unlock.For more information, please contact Support 800.331.0500.",
            "ULS_8015": "We are sorry, this unlock request can not be accepted as there is an active account associated with this device. For more information, please contact Support 800.331.0500.",
            "ULS_8016": "Please fax or email us your military deployment documents to 214.782.6442, or deviceunlockreceipt@att.com, or your request will be canceled.",
            "ULS_8017": "We couldn’t find a match for that IMEI number. Check the IMEI number by entering *#06#, or check your device settings.",
            "ULS_8018": "This device has an unlock request already in progress. <a href= /deviceunlock/request/#/status target= _blank >Check the status</a> of request",
            "ULS_8019": "We couldn’t verify your account number. Check your information and try again.",
            "ULS_8023": "Check the IMEI number and enter it again.",
            "ULS_8025": "For your protection, we lock accounts after too many unsuccessful login attempts. Your account is now locked for 30 minutes. If you still have a problem logging in after the 30-minute lock time, call us at 800.331.0500",
            "ULS_8026": "Unfortunately, your unlock request was denied because:Your device is currently active on another AT&T customer’s account.",
            "ULS_8028": "This device isn’t eligible to be unlocked now because it’s been reported as lost or stolen.",
            "ULS_8029": "This device isn’t eligible to be unlocked now because it’s still under contract. <br> To review the contract <a href= https: //www.att.com/olam/loginAction.olamexecute  target= _blank >log in to your account.</a> <br/> To pay the <a href= http: //www.att.com/esupport/article.jsp?sid=53602  target= _blank > early termination fee</a> and unlock the device, call 800.331.0500 or dial 611 from your AT&T wireless phone. <br/> You can submit a new request 24 hours after making the payment.",
            "ULS_8030": "This device isn’t eligible to be unlocked now because all of the installment payments have not been paid. <br> Log in to your account to <a href= http: //www.att.com/esupport/article.jsp?sid=KB424963 target= _blank > check your payoff information </a> and <a href= https: //www.att.com/olam/passthroughAction.myworld?actionType=MakePayment target= _blank > pay </a> the installments online. <br> You can <a href= /deviceunlock target= _blank > submit a new request </a> 24 hours after you make the payment.",
            "ULS_8031": "This device isn’t eligible to be unlocked now because it’s recently been upgraded.  <br>You can <a href= /deviceunlock target=_blank > submit a new request </a> 14 days after the last upgrade.",
            "ULS_8032": "This device isn’t eligible to be unlocked now because it’s recently been upgraded. <br> You can <a href= /deviceunlock target=_blank>submitanewrequest</a>30daysafterthelastupgrade.",
            "ULS_8033": "Thisdeviceisn’teligibleforunlockingnow.",
            "ULS_8034": "Thisdeviceisn’teligibleforunlocking.",
            "ULS_8035": "Thisdeviceisn’teligibletobeunlockednow.",
            "ULS_8036": "Thisdeviceisalreadyunlocked.",
            "ULS_8037": "Thisdevicehasanunlockrequestalreadyinprogress.<ahref= /deviceunlock/request/#/status target= _blank >Checkthestatus</a>ofrequest",
            "ULS_8038": "Theaccountinformationprovideddoesnotmatchourrecords.",
            "ULS_8039": "Theallowednumberofattemptstoentertheaccountinformationhasbeenexceeded.",
            "ULS_8040": "Wecan’tverifyyouraccountinformation.Checkyourinformationandtryagain",
            "ULS_8041": "Something isn't working. We can't complete your request right now. Please try again later. If you see this message again try clearing your device cache and cookies. Want help now?  Call us at 800.331.0500 or dial 611 from your AT&T wireless phone.",
            "ULS_8042": "Thisdeviceisn’teligibletobeunlockednow.",
            "ULS_8043": "We can’t unlock this device because of a past due or unpaid balance on the account.<br>To make a payment,<ahref= https: //www.att.com/olam/passthroughAction.myworld?actionType=MakePayment target= _blank >logintoyouraccount.</a><br>Youcan<ahref= /deviceunlocktarget= _blank >submit a new request </a>24 hours after making a payment.",
            "ULS_8044": "Incorrectaccountholderinformation: Wecan’tverifyyouraccountinformation.Checkyourinformationandtryagain.",
            "ULS_8045": "Yoursessionhasbeenexpiredatthismoment.Pleaserefreshthepageandtryagain.",
            "ULS_8046": "Because of certain AT&T guidelines, we aren’t able to unlock this device . AT&T guidelines won’t allow us to unlock this device.",
            "ULP_0000": "We're sorry, but we're having technical difficulties with our network at the moment.Please try again later.",
            "USP2001": "Theunlockrequestisunderreviewandwewillcontactyouwhenitiscompleted.Thankyouforyourpatience.",
            "commonapiFailureMsgLabel": "We’re sorry, but we’re having technical difficulties with our network at the moment.Please try again later.If this problem persists, try clearing the cache and cookies from your device. Questions? Call us at <strong>800.331.0500</strong>, or dial <strong>611</strong>from your AT&T wireless phone.(errorCode.ULS3001)",
            "lineFourNoteLabel": "If you want to unlock a device from another wireless carrier, please contact that carrier. AT&T cannot unlock devices from other carriers.",
            "noteLabel": "NOTE:"
        }
    ]
}