{
    "unlockPortalLabelAndErrorObj": [
        {
            "introTextBeforeLink": "Unlocking a device is simple. You'll do everything online, in one place. First, verify and agree to our",
            "modalLinkTxt": "device unlock eligibility requirements",
            "introTextAfterLink": "Next, follow these steps to submit your request.",
            "acknowledgementTxt": "Yes, I've read the legal stuff and agree to the",
            "radioLabel": "Are you an AT&T wireless customer?",
            "yesRadioLabel": "Yes",
            "noRadioLabel": "No",
            "customerTypeError": "Select a customer type option to continue",
            "wirelessNumberLabel": " AT&T wireless number",
            "wirelessNumberTooltip": "This must be a wireless number associated with your wireless account",
            "wirelessNumberRequiredError": "Enter an AT&T Wireless Number",
            "wirelessNumberValidationError": "Enter a valid 10-digit AT&T wireless number with area code first (example: 5035557654)",
            "accountHolderFirstnameLabel": "Account holder's first name",
            "accountHolderFirstnameRequiredError": "Enter the Account Holder's First Name",
            "accountHolderLastnameLabel": "Account holder's last name",
            "accountHolderLastnameRequiredError": "Enter the Account Holder's Last Name",
            "imeiLabel": "IMEI Number",
			"imeiText":"IMEI",
            "imeiTooltip": "You can find your 15-digit IMEI number:",
            "imeiLine1Tooltip": "By dialling",
            "imeiLine2Tooltip": " *#06# ",
            "imeiLine3Tooltip": "Choose",
            "imeiLine4Tooltip": "Settings > About",
            "imeiLine5Tooltip": ", or",
            "imeiLine6Tooltip": "Under your phone's battery",
            "imeiRequiredError": "Enter an IMEI number.",
            "imeiLengthError": "Enter a 15-digit IMEI number.",
            "ULS_8023": "Check the IMEI number and enter it again.",
            "makeLabel": "Make",
            "modelLabel": "Model",
            "capchaLabel": "Enter the passphrase characters",
            "capchaRequiredError": "Enter the characters shown in the image to continue",
            "backButton": "Back",
            "nextButton": "Next",
            "ULP_2004": "We can't find a match for this wireless number. Check your information and try again.",
            "ssnLabel": "Last 4 digits of account holder's SSN",
            "ssnRequiredError": "Enter the last 4 digits of the account holder's Social Security Number",
            "ssnValidationError": "Enter a valid Last 4 Digits of the Account Holder's SSN",
            "businessAccountNameLabel": "Business account name",
            "businessAccountNameRequiredError": "Enter your business account name.",
            "billingAccountNumberLabel": "Enter the last 4 digits of your billing account number.",
            "billingAccountNumberTooltip": "",
            "billingAccountNumberRequiredError": "Enter the last 4 digits of your billing account number.",
            "billingAccountNumberValidationError": "Please enter valid Last 4 Digits of Business Account Number",
            "activeSimCardNumberTooltip": "To find the SIM card number, refer to the device tutorials",
            "activeSimCardNumberLabel": "Last four numbers of active SIM card",
            "activeSimCardNumberRequiredError": "Enter the last 4 digits of your active SIM card number.",
            "activeSimCardNumberValidationError": "Please enter valid Last 4 Numbers of Active SIM Card",
            "passcodeTooltip": "This is an additional passcode you added to your account to make it more secure.",
            "passcodeLabel": "AT&T wireless security passcode",
            "passcoderequiredLabel": "(Required if created)",
            "passcodeRequiredError": "Please enter valid Account Passcode",
            "passcodeErrorValidation": "Enter a valid 4 to 8 digit AT&T Account Passcode",
            "forgotPasswordLink": "Forgot your passcode?",
            "emailLabel": "Email address",
            "emailTooltip": "You'll need a valid email address to receive instructions to unlock your device.",
            "emailValidationError": "Enter a valid Email Address (example: user@att.com)",
            "emailRequiredError": "Enter an email address.",
            "ULP_1010": "Enter a secure email address.",
            "militaryPersonalRadiolabel": "Active deployed military personnel?",
            "cancelButton": "Cancel",
            "submitButton": "Submit",
            "firstNameLabel": "First name",
            "accountHolderFirstameErrorRequired": "Enter the Account Holder's First Name",
            "lastnameLabel": "Last name",
            "wirelessTelephonenumberLabel": "Wireless telephone number",
            "wirelessnumberRequiredError": "Enter an AT&T Wireless Number",
            "wirelessnumberValidationError": "Enter a valid 10-digit AT&T wireless number with area code first (example: 5035557654)",
            "checkstatusIntroTxt": "Find out your unlock status. Remember, requests can take up to 2 days. Check back if it's been less than 2 days.",
            "imeiValidationError": "Enter a valid IMEI number",
            "requestNumberLabel": "Your request number is",
            "requestNumberRequiredError": "Request Number Should be alphanumeric.",
            "deviceUnlockLabel": "Device unlock portal",
            "emailSuccessHeaderlabel": "Thank You For Your Confirmation",
            "emailSuccessText1Label": "Your unlock request is in review now. Please allow two business days to process it.",
            "emailSuccessText2Label": " We'll send you an email message soon with the status of your request, or check it yourself on the",
            "deviceStatusPortalEmailSuccessLabel": "Device Unlock Status portal",
            "emailSuccesstext3part1Labellabel": "Remember that your request number is",
            "emailSuccesstext3part2Labellabel": "Please keep this information for future reference.",
            "deviceUnlockSupportLabel": "Device unlock support",
            "accessibilityToolTipContentLabel": "Link opens in a new window",
            "emailexpiredLabel": "Email Link Expired",
            "emailexpiredText1Label": "This link is expired.",
            "questionLabel": "Questions? Please call <strong>800.331.0500</strong>, or dial <strong>611</strong> from your AT&amp;T wireless phone.",
            "ULF_0015": "Enter your device's IMEI Number.",
            "ULP2003": "The IMEI you entered does not appear to be an AT&T wireless phone or tablet.  Please re-enter the correct 15-digit IMEI number for your AT&T wireless phone or tablet.  You can obtain the IMEI number from the wireless phone by dialing *#06#.",
            "ULP_0000": "We're sorry, but we're having technical difficulties with our network at the moment. Please try again later.",
            "ULP_0001": "We can't unlock this device for you. See if your current wireless provider can help you unlock it.",
            "ULP_0002": "Your data cannot be validated by the system.",
            "ULP_1019": "The characters entered don't match the image.",
            "ULS_8000": "We are sorry, Your account is not eligible for unlock.For more information, please contact Support 800.331.0500.",
            "ULS_8001": "We are sorry, Your account is not eligible for unlock.For more information, please contact Support 800.331.0500.",
            "ULS_8002": "We couldn't verify your passcode. Check your information and try again. Or <a href= 'https://www.att.com/esupport/article.html#!/wireless/KM1051385'  target='_blank'>reset your passcode</a>.",
            "ULS_8003": "We couldn't find an account with the Social Security number you gave us. Check your information and try again.",
            "ULS_8004": "Account name provided in the request is incorrect.  Kindly provide correct data and try again.",
            "ULS_8005": "Last 4 digits of Account number provided in the request are incorrect.  Kindly provide correct data and try again.",
            "ULS_8007": "This device isn't eligible for unlocking now.",
            "ULS_8008": "We can't unlock this device because of a past due or unpaid balance on the account.<br> To make a payment, <a href= 'https://www.att.com/olam/passthroughAction.myworld?actionType=MakePayment' target='_blank'>log in to your account.</a><br>You can <a href='/#' target='_blank'>submit a new request </a> 24 hours after making a payment.",
            "ULS_8009": "We're sorry, but we're having technical difficulties with our network at the moment. Please try again later.",
            "ULS_8010": "There is a request to unlock this device in progress. You can check your order status here.",
            "ULS_8011": "We are sorry, This device is not eligible for unlock.For more information, please contact Support 800.331.0500.",
            "ULS_8012": "We are sorry, This device is not eligible for unlock.For more information, please contact Support 800.331.0500.",
            "ULS_8013": "Email Address provided in the request is not valid.  Kindly provide correct data and try again.",
            "ULS_8014": "We are sorry, This device is not eligible for unlock.For more information, please contact Support 800.331.0500.",
            "ULS_8015": "We are sorry, this unlock request can not be accepted as there is an active account associated with this device. For more information, please contact Support 800.331.0500.",
            "ULS_8016": "Please fax or email us your military deployment documents to 214.782.6442, or deviceunlockreceipt@att.com, or your request will be cancelled.",
            "ULS_8017": "We couldn't find a match for that IMEI number. Check the IMEI number by entering *#06#, or check your device settings.",
            "ULS_8018": "This device has an unlock request already in progress. <a href='#/status'  target='_blank'>Check the status</a> of request",
            "ULS_8019": "We couldn't verify your account number. Check your information and try again.",
            "ULS_8024": "The characters you entered don't match the audio.",
            "ULS_8025": "For your protection, we lock accounts after too many unsuccessful login attempts. Your account is now locked for 30 minutes. If you still have a problem logging in after the 30-minute lock time, call us at 800.331.0500",
            "ULS_8026": "Unfortunately, your unlock request was denied because:Your device is currently active on another AT&T customer's account.",
            "ULS_8028": "This device isn't eligible to be unlocked now because it's been reported as lost or stolen.",
            "ULS_8029": "This device isn't eligible to be unlocked now because it's still under contract. <br> To review the contract <a href= 'https://www.att.com/olam/loginAction.olamexecute'  target='_blank'>log in to your account.</a> <br/> To pay the <a href= 'http://www.att.com/esupport/article.jsp?sid=53602'  target='_blank'> early termination fee</a> and unlock the device, call 800.331.0500 or dial 611 from your AT&T wireless phone. <br/>You cansubmit a new request 24 hours after making the payment.",
            "ULS_8030": "This device isn't eligible to be unlocked now because all of the installment payments have not been paid.<br>Log in to your account to <a href= 'http://www.att.com/esupport/article.jsp?sid=KB424963'  target='_blank'> check your payoff information </a> and <a href= 'https://www.att.com/olam/passthroughAction.myworld?actionType=MakePayment' target='_blank'> pay </a> the installments online. <br>You can <a href='/#' target='_blank'> submit a new request </a> 24 hours after you make the payment.",
            "ULS_8031": "This device isn't eligible to be unlocked now because it's recently been upgraded.  <br>You can <a href='/#' target='_blank'> submit a new request </a> 14 days after the last upgrade.",
            "ULS_8032": "This device isn't eligible to be unlocked now because it's recently been upgraded.<br>You can <a href='/#'  target='_blank'> submit a new request </a> 30 days after the last upgrade.",
            "ULS_8033": "This device isn't eligible for unlocking now.",
            "ULS_8034": "This device isn't eligible for unlocking.",
            "ULS_8035": "This device isn't eligible to be unlocked now.",
            "ULS_8036": "This device is already unlocked.",
            "ULS_8037": "This device has an unlock request already in progress. <a href='#/status'  target='_blank'>Check the status</a> of request",
            "ULS_8038": "The account information provided does not match our records.",
            "ULS_8039": "The allowed number of attempts to enter the account information has been exceeded.",
            "ULS_8040": "We can't verify your account information. Check your information and try again.",
            "ULS_8041": "Something isn't working. We can't complete your request right now. Please try again later. If you see this message again, try clearing your device cache and cookies. Want help now? Call us at 800.331.0500, or dial 611 from your AT&T wireless phone.",
            "ULS_8042": "This device isn't eligible to be unlocked now.",
            "ULS_8043": "We can't unlock this device because of a past due or unpaid balance on the account. <br>To make a payment, <a href= 'https: //www.att.com/olam/passthroughAction.myworld?actionType=MakePayment'  target='_blank'>log in to your account.</a> <br>You can <a href='/#'  target='_blank'> submit a new request </a> 24 hours after making a payment.",
            "ULS_8044": "Incorrect account holder information: We can't verify your account information. Check your information and try again.",
            "ULS_8045": "Your session has been expired at this moment. Please refresh the page and try again.",
            "ULS_8046": "Because of certain AT&T guidelines, we aren't able to unlock this device.  AT&T guidelines won't allow us to unlock this device.",
            "ULS_8047": "Device does not require unlocking.",
            "USP2001": "Looks like your device IMEI and the request number we sent you don't match. Try entering them again.",
			"SLE_INVALID_INPUT": "We're sorry, but we're having technical difficulties with our network at the moment. Please try again later.",
			"SLE_System Exception": "We're sorry, but we're having technical difficulties with our network at the moment. Please try again later.",
			"SLE_BACKEND_APP": "We're sorry, but we're having technical difficulties with our network at the moment. Please try again later.",
			"ULS_3001": "We're sorry, but we're having technical difficulties with our network at the moment. Please try again later.",
            "headerIntroTextBeforeLink": "Want to unlock a device and take it with you? We can help. We can unlock any devices designed to work on our network. You'll do everything online, in one place. If you need a little help, read the step-by-step tutorial",
            "supportUrlText": "Unlock phone or tablet",
            "headerIntroTextAfterLink": "before you get started.",
            "headerTextLine2": "Bringing a device to AT&T? We can help with that too. But, first you must contact your wireless provider to unlock it.",
            "unlockyourDevice": "Unlock your device",
            "unlockDeviceDescription": "Unlocking a device is simple. First, verify your device eligibility. Then, follow a few steps to submit your request. Be sure to have the wireless number and customer name on the account handy.",
            "checkUnlockStatusTxt": "Check your unlock status",
			"cruHeaderText": "Thank You for Submitting a Device Unlock Request:",
            "checkUnlockStatusDescrp": "Find out your unlock status. You'll need your device IMEI and the unlock request number we sent you. The IMEI number is usually 15 numbers. Your request number is a combination of letters and numbers. FYI, requests can take up to 2 days.",
            "checkAnotherUnlockStatusLabel": "Check status of another device",
            "errorLabel": "Error:",
            "deniedGoPhone": "<p>We can't unlock this device because it hasn't been active for at least six months of paid service.</p><p>You can <a href='/deviceunlock/'>submit a new request</a> after six months of paid service.</p>",
            "deniedImeiActive": "<p>We can't unlock this device because it's currently active on another AT&T customer's account. </p>",
            "deniedEmailConfirmFailed": "<p>We can't unlock this device because we didn't receive your confirmation within 24 hours.</p><p>If you'd like, you can <a href='/deviceunlock/'>submit a new request</a>.</p>",
            "deniedAttNextService": "<p>Your unlock request was denied because all of the installment payments for this device have not been paid.</p><p>Log in to your account to <a href='http://www.att.com/esupport/article.jsp?sid=KB424963'>review your AT&T Next payoff information</a> and <a href='https://www.att.com/olam/passthroughAction.myworld?actionType=MakePayment'>pay the installments online</a>.</p><p>You can <a href='/deviceunlock/'>submit a new request</a> 24 hours after making the payment.</p>",
            "deniedSubsidyService": "<p>Your unlock request was denied because the device is still under contract.</p><p>Log in to your account to <a href='https://www.att.com/esupport/article.html#!/wireless/KM1044993'>review your contract</a>.</p><p>To pay the <a href='http://www.att.com/esupport/article.jsp?sid=53602'>early termination fee</a> and unlock the device, call <b>800.331.0500</b> or dial <b>611</b> from your AT&T wireless phone.</p><p>You can <a href='/deviceunlock/'>submit a new request</a> 24 hours after making the payment.</p> ",
            "deniedPolicyValidation": "<p> Your unlock request was denied because we couldn't verify the information you gave us. </p> <p> If you'd like you can review your information and <a href= /deviceunlock/ >submit a new request. </a></p> ",
            "deniedNonAttImei": "<p>Your unlock request was denied because the IMEI number doesn't match a device that's compatible with the AT&T network.</p><p>Check the IMEI number by dialing <b>*#06#</b>, or check the device settings, and then <a href='/deviceunlock/'>submit a new request</a>.</p>",
            "deniedNonSupported": "<p>Your unlock request was denied because the device is no longer supported by the manufacturer and we can't obtain an unlock code.</p>",
            "deniedUnableToVerify": "<p>Your unlock request was denied because the account information doesn't match our records.</p>",
            "deniedPastDue": "<p>Your unlock request was denied because your account has a past due or unpaid balance.</p> <p>To make a payment, <a href= https://www.att.com/olam/loginAction.olamexecute >log in to your account</a>.</p> <p>You can <a href=/deviceunlock/ >submit a new request</a> 24 hours after making a payment.</p>",
            "deniedMilitaryDoc": "<p>Your unlock request was denied because we did not receive the military proof documents within four days.</p><p>If you'd like, you can <a href='/deviceunlock/'>submit a new request</a>.</p>",
            "deniedFraud": "<p>Because of certain AT&T guidelines, we aren't able to unlock this device.</p><p>AT&T guidelines won't allow us to unlock this device.</p>",
            "deniedBrePeriodIRU": "<p>Your unlock request was denied because the device was recently upgraded.</p><p>You can <a href='/deviceunlock/'>submit a new request</a> 14 days after the last upgrade.</p>",
            "deniedBrePeriodCRU": "<p>Your unlock request was denied because the device was recently upgraded.</p><p>You can <a href='/deviceunlock/'>submit a new request</a> 30 days after the last upgrade.</p>",
            "deniedDataNotFound": "<p>Your unlock request was denied because the information you gave us doesn't match our records.</p>",
            "deniedLostStolen": "<p>Your unlock request was denied because this device has been reported as lost or stolen.</p>",
            "deniedAccountActive": "<p>Your unlock request was denied because your account hasn't been active for at least 60 days.</p>",
            "deniedCOUDevice": "<p>We're unable to process this request because it is not a consumer device.</p>",
            "inQueueProgress": "<p>We're reviewing your unlock request now. Please allow two business days for processing.</p><p>We'll email you soon with a decision on your request.</p>",
            "pendingEmailConfirm": "<p>Your unlock request is on hold until we receive your confirmation.</p><p>To complete your request, follow the confirmation link in the email we sent you.</p><p><b>Note:</b> If you can't find the email, check your spam folder or <a href='/#'>submit a new request</a>.</p>",
            "pendingMilitaryDoc": "<p>Your unlock request is on hold because we're waiting for the military deployment verification documents.</p><p>Fax the military deployment documents within four days to <b>214.782.6442</b> or email them to <a href='mailto:deviceunlockreceipt@att.com'>deviceunlockreceipt@att.com</a>.</p><p>If we don't receive the documents within four days, we'll have to cancel your request.</p>",
            "approvedComplete": "<p>We've approved your request to unlock your device. Here are the instructions to complete your unlock:</p>",
            "unlockCodeLabel": "Your unlock code is",
            "imeiNumberLabel": "IMEI Number",
            "requestDateTimeLabel": "Request Date/Time",
            "requestNumberStatusLabel": "Request Number",
            "currentStatusLabel": "Current Status",
            "systemerrorLabel": "System Error",
            "systemerrorLine1TextLabel": " We're sorry, but we're having technical difficulties with our network at the moment. Please try again later.<br>If this problem persists, try clearing the cache and cookies from your device.<br>Questions? Call us at <strong>800.331.0500</strong>, or dial <strong>611</strong> from your wireless phone.",
            "requestNumberCRULabel": "Request number is",
            "confirmationCRULabel": "We'll process the request and respond to the provided email within two business days.",
            "futureReferenceLabel": "Please keep this information for future reference.",
            "processRequestLabel": "Before we can process your request, you'll need to follow these steps:",
            "confirmationLabel": "You'll receive a confirmation email message shortly.",
            "emailMessageLabel": "This email message will include a link. Please follow this link to confirm your unlock request within next 24 hours, or it will be canceled.",
            "militaryDocumentLabel": "Please fax or email us your military deployment documents to  214.718.6442, or  <a class=mailto href=mailto: deviceunlockreceipt@att.com >deviceunlockreceipt@att.com </a> or it will be canceled.",
            "submitNewRequestLabel": "Submit a new request",
            "requestinfoCRUHeaderLabel": "Thank You for Submitting a Device Unlock Request",
            "requestinfoLineThreeTextLabel": "Please provide your information",
            "commonapiFailureMsgLabel": "We're sorry, but we're having technical difficulties with our network at the moment.Please try again later.If this problem persists, try clearing the cache and cookies from your device. Questions? Call us at <strong>800.331.0500</strong>, or dial <strong>611</strong>from your AT&T wireless phone.(errorCode.ULS3001)",
            "lineFourNoteLabel": "If you want to unlock a device from another wireless carrier, please contact that carrier. AT&T cannot unlock devices from other carriers.",
            "noteLabel": "NOTE:",
            "modalheaderText": "Device unlock eligibility requirements",
            "closeButtonHeader": "Close",
            "closeButtonFooter": "Close",
            "modalBodyHeader": "Device requirements for ALL requests",
            "supportURL": "/esupport/article.jsp?sid=KB414532&cv=820",
            "supportText": "Device unlock support",
            "section1title": "Devices must:",
            "section1listpart1beforeLink": "Be designed for use on, and locked to, the AT&T network. (Questions? See ",
            "section1listpart1afterLink": ")",
            "section1listpart2": [
                "Not be reported lost or stolen",
                "Not be involved with fraudulent activity",
                "Have all service commitments and installment plans completed and all early termination fees paid in full",
                "Not currently be active on a different AT&T customer's account"
            ],
            "nonATTcusttitle": "Not an AT&T customer?",
            "nonATTcustDescp": "If you don't have an AT&T wireless account for the device you're unlocking, the device still must meet all these requirements.",
            "section2Header": "Account requirements",
            "section2": [
                {
                    "title": "Business accounts",
                    "list": [
                        "Be sure the person making the request is authorized by a current or former AT&T business customer."
                    ]
                },
                {
                    "title": "Service commitment or installment plan accounts",
                    "list": [
                        "If you did an early upgrade, you can't request to unlock your previous device before the 14-day buyer's remorse period ends.",
                        "Your account must be active for at least 60 days with no past due or unpaid balance.",
                        "When you become eligible for an unlock, you'll see an alert on your myAT&T account overview when you log in."
                    ]
                },
                {
                    "title": "Prepaid / GoPhone accounts",
                    "list": [
                        "Your device must have been active for at least 6 months of paid service."
                    ]
                },
                {
                    "title": "Non-AT&T mobility customers",
                    "list": [
                        "If you've never had an AT&T wireless account, be sure your request meets all the device requirements shown above."
                    ]
                },
                {
                    "title": "Deployed military personnel (current AT&T customers only)",
                    "list": [
                        "Be sure to send us your deployment verification and meet all the requirements for devices.",
                        "To unlock your device, military personnel don't need to complete installment plans or service commitments. You also aren't required to pay early termination fees.",
                        "AT&T may limit the number of devices military personnel can unlock."
                    ]
                }
            ],
            "ImpNoteTitle": "Important:",
            "ImpNoteDescp": "AT&T reserves the right to deny any unlock request that it concludes would result in an abuse of this policy or is part of an effort to defraud AT&T or its customers. AT&T further reserves the right to alter this unlocking policy at its discretion without advance notice. If during any one month, more than 100 requests are made from a single source, and if more than 10% of those requests are duplicate IMEI numbers, AT&T will no longer process unlock requests from that source.",
			"unlockPortalPageHeaderTitle" : "Device unlock portal",
			"unlockPortalIRUHeaderTitle" : "Check your unlock status"
        }
    ]
}
