<?xml version="1.0" encoding="UTF-8"?>
<jcr:root xmlns:cq="http://www.day.com/jcr/cq/1.0" xmlns:jcr="http://www.jcp.org/jcr/1.0"
	jcr:primaryType="cq:Dialog"
	helpPath=""
	title="Text"
	xtype="tabpanel">
	<items jcr:primaryType="cq:WidgetCollection">
		<tab1
			jcr:primaryType="cq:Widget"
			anchor="100%"
			title="Share Widget"
			xtype="panel">
			<items jcr:primaryType="cq:WidgetCollection">
				<CampaignKey
					allowBlank="true"
					jcr:primaryType="cq:Widget"
					name="./meteorCampaignKey"
					xtype="textfield"
					fieldLabel="Meteor Application Id" />
				<TwitterTxt
					allowBlank="true"
					jcr:primaryType="cq:Widget"
					name="./TwitterTxt"
					xtype="textfield"
					fieldLabel="Twitter Text" />
				<LinkedInTxt
					allowBlank="true"
					jcr:primaryType="cq:Widget"
					name="./LinkedInTxt"
					xtype="textfield"
					fieldLabel="LinkedIn Text" />
				<EmailSubject
					allowBlank="true"
					jcr:primaryType="cq:Widget"
					name="./EmailSubject"
					xtype="textfield"
					fieldLabel="Email Subject" />
				<EmailBody
					allowBlank="true"
					jcr:primaryType="cq:Widget"
					name="./EmailBody"
					xtype="textfield"
					fieldLabel="Email Body" />
				<Layout
					allowBlank="true"
					jcr:primaryType="cq:Widget"
					name="./Layout"
					xtype="selection"
					type="select"
					fieldLabel="Layout">
					<options jcr:primaryType="cq:WidgetCollection">
						<vertical
							jcr:primaryType="nt:unstructured"
							text="Vertical"
							value="vertical"/>
						<horizontal
							jcr:primaryType="nt:unstructured"
							text="Horizontal"
							value="horizontal"/>
						<bigIconhorizontalmobile
							jcr:primaryType="nt:unstructured"
							text="bigIcon-horizontal-mobile"
							value="bigIcon-horizontal-mobile"/>
					</options>
				</Layout>
				<Hidefbid
					jcr:primaryType="cq:Widget"
					fieldLabel="preserve page URL"
					inputValue="true"
					name="./Hidefbid"
					type="checkbox"
					xtype="selection"/>
			</items>
		</tab1>
	</items>
</jcr:root>
