<?xml version="1.0" encoding="UTF-8"?>
<beans xmlns="http://www.springframework.org/schema/beans"
	xmlns:xsi="http://www.w3.org/2001/XMLSchema-instance" xmlns:context="http://www.springframework.org/schema/context"
	xmlns:p="http://www.springframework.org/schema/p"
	xsi:schemaLocation="http://www.springframework.org/schema/beans  
            http://www.springframework.org/schema/beans/spring-beans-3.0.xsd
            http://www.springframework.org/schema/context
	        http://www.springframework.org/schema/context/spring-context-3.0.xsd">
	        
		<bean id="authResponseJson" class="org.apache.camel.component.jackson.JacksonDataFormat">
			<property name="unmarshalType" value="com.att.sapmp.apigw.certs.util.AuthResponse" />
		</bean>	        
	        		
		<bean id="signCertJson" class="org.apache.camel.component.jackson.JacksonDataFormat">
		  <property name="unmarshalType" value="com.att.sapmp.apigw.certs.model.SignCert"/>
		</bean> 

		<bean id="initializationService" init-method="init" name="initializationService" class="com.att.sapmp.apigw.certs.service.InitializationService"/>
		<bean id="initializationMdmService" init-method="init" name="initializationMdmService" class="com.att.sapmp.apigw.certs.util.InitializationMdmService" />
		<bean id="signRequestProcessor" class="com.att.sapmp.apigw.certs.service.SignCertRequestProcessor"/>
		<bean id="uploadRequestProcessor" class="com.att.sapmp.apigw.certs.service.UploadCertRequestProcessor"/>
		<bean id="signCertResponseProcessor" class="com.att.sapmp.apigw.certs.service.SignCertResponseProcessor"/>
		<bean id="uploadCertResponseProcessor" class="com.att.sapmp.apigw.certs.service.UploadCertResponseProcessor"/>
		
</beans>  