<?xml version="1.0" encoding="UTF-8"?>
<jcr:root xmlns:cq="http://www.day.com/jcr/cq/1.0" xmlns:jcr="http://www.jcp.org/jcr/1.0" xmlns:nt="http://www.jcp.org/jcr/nt/1.0"
    jcr:primaryType="cq:Dialog"
    xtype="tabpanel">
    <items jcr:primaryType="cq:WidgetCollection">
        <tab1
            jcr:primaryType="cq:Widget"
            title="Title Heading"
            xtype="panel">
            <items jcr:primaryType="cq:WidgetCollection">
                <impData
                    jcr:primaryType="cq:Widget"
                    defaultEditBlock="div"
                    fieldLabel="Text"
                    name="./text"
                    removeSingleParagraphContainer="{Boolean}true"
                    xtype="richtext">
                    <rtePlugins jcr:primaryType="nt:unstructured">
                        <misctools
                            jcr:primaryType="nt:unstructured"
                            features="[sourceedit]"/>
                    </rtePlugins>
                </impData>
            </items>
        </tab1>
    </items>
</jcr:root>
