{
  "name": "angular-cookie",
  "main": "angular-cookie.js",
  "version": "4.0.2",
  "homepage": "https://github.com/ivpusic/angular-cookie",
  "authors": [
    "ivpusic <pusic007@gmail.com>"
  ],
  "description": "angular module for accessing browser cookies",
  "keywords": [
    "cookie",
    "angular"
  ],
  "license": "MIT",
  "location": "git@github.com:ivpusic/angular-cookie.git",
  "ignore": [
    "**/.*",
    "node_modules",
    "bower_components",
    "test",
    "tests",
    "example",
    "karma.conf.js",
    "LICENSE",
    "README.md",
    "Gruntfile.js"
  ],
  "dependencies": {
    "angular": "*"
  },
  "_release": "4.0.2",
  "_resolution": {
    "type": "version",
    "tag": "v4.0.2",
    "commit": "38afe9e6d3de1bcf2042e27faeabf8d52356b312"
  },
  "_source": "https://github.com/ivpusic/angular-cookie.git",
  "_target": "*",
  "_originalSource": "angular-cookie"
}