<?xml version="1.0" encoding="UTF-8"?>
<beans xmlns="http://www.springframework.org/schema/beans"
	xmlns:xsi="http://www.w3.org/2001/XMLSchema-instance" xmlns:context="http://www.springframework.org/schema/context"
	xmlns:p="http://www.springframework.org/schema/p"
	xsi:schemaLocation="http://www.springframework.org/schema/beans  
            http://www.springframework.org/schema/beans/spring-beans-3.0.xsd
            http://www.springframework.org/schema/context
	        http://www.springframework.org/schema/context/spring-context-3.0.xsd">


	<bean id="deviceJson" class="org.apache.camel.component.jackson.JacksonDataFormat">
		<property name="unmarshalType" value="com.att.sapmp.apigw.devices.model.Devices" />
	</bean>

	<bean id="deviceSoftwaresJson" class="org.apache.camel.component.jackson.JacksonDataFormat">
		<property name="unmarshalType"
			value="com.att.sapmp.apigw.devices.model.DeviceSoftwares" />
	</bean>

	<bean id="actionStatusResponsesJson" class="org.apache.camel.component.jackson.JacksonDataFormat">
		<property name="unmarshalType" value="com.att.sapmp.apigw.devices.model.History" />
	</bean>

	<bean id="lockDeviceJson" class="org.apache.camel.component.jackson.JacksonDataFormat">
		<property name="unmarshalType" value="com.att.sapmp.apigw.devices.model.LockDevice" />
	</bean>

	<bean id="deenrollDeviceJson" class="org.apache.camel.component.jackson.JacksonDataFormat">
		<property name="unmarshalType"
			value="com.att.sapmp.apigw.devices.model.EnrollDevices" />
	</bean>

	<bean id="createUserResponseJson" class="org.apache.camel.component.jackson.JacksonDataFormat">
		<property name="unmarshalType" value="com.att.sapmp.apigw.devices.model.CreateUser" />
	</bean>

	<bean id="wipeDeviceJson" class="org.apache.camel.component.jackson.JacksonDataFormat">
		<property name="unmarshalType"
			value="com.att.sapmp.apigw.devices.model.WipeDevices" />
	</bean>

	<bean id="enrollDeviceResponseJson" class="org.apache.camel.component.jackson.JacksonDataFormat">
		<property name="unmarshalType"
			value="com.att.sapmp.apigw.devices.model.CreateDeviceEnrollment" />
	</bean>

	<bean id="authResponseJson" class="org.apache.camel.component.jackson.JacksonDataFormat">
		<property name="unmarshalType"
			value="com.att.sapmp.apigw.devices.util.AuthResponse" />
	</bean>

	<bean id="initializationMdmService" init-method="init"
		name="initializationMdmService" class="com.att.sapmp.apigw.devices.util.InitializationMdmService" />

	<bean id="responseMdmProcessor" class="com.att.sapmp.apigw.devices.util.ResponseMdmProcessor" />

	<bean id="mdmAuthToken" class="com.att.sapmp.apigw.devices.util.MdmAuthToken" />

	<bean id="initializationService" init-method="init"
		name="initializationService" class="com.att.sapmp.apigw.devices.service.InitializationService" />

	<bean id="inquireDeviceRequestProcessor"
		class="com.att.sapmp.apigw.devices.service.InquireDeviceRequestProcessor" />

	<bean id="inquireDeviceResponseProcessor"
		class="com.att.sapmp.apigw.devices.service.InquireDeviceResponseProcessor" />

	<bean id="historyRequestProcessor"
		class="com.att.sapmp.apigw.devices.service.HistoryRequestProcessor" />

	<bean id="historyResponseProcessor"
		class="com.att.sapmp.apigw.devices.service.HistoryResponseProcessor" />

	<bean id="lockDeviceReq" class="com.att.sapmp.apigw.devices.service.LockDeviceRequest" />

	<bean id="lockDeviceRes" class="com.att.sapmp.apigw.devices.service.LockDeviceResponse" />

	<bean id="deviceDeEnrollRequestProcessor"
		class="com.att.sapmp.apigw.devices.service.DeviceDeEnrollRequestProcessor" />

	<bean id="deviceDeEnrollResponseProcessor"
		class="com.att.sapmp.apigw.devices.service.DeviceDeEnrollResponseProcessor" />

	<bean id="joinReplyAggregationStrategy"
		class="com.att.sapmp.apigw.devices.service.JoinReplyAggregationStrategy" />

	<bean id="deviceAppAggregationStrategy"
		class="com.att.sapmp.apigw.devices.common.DeviceAppAggregationStrategy" />

	<bean id="wipeDeviceReq" class="com.att.sapmp.apigw.devices.service.WipeDeviceRequest" />

	<bean id="wipeDeviceRes" class="com.att.sapmp.apigw.devices.service.WipeDeviceResponse" />

	<bean id="changeDevicePoliciesRequestProcessor"
		class="com.att.sapmp.apigw.devices.service.ChangeDevicePoliciesRequestProcessor" />

	<bean id="changeDevicePoliciesResponseProcessor"
		class="com.att.sapmp.apigw.devices.service.ChangeDevicePoliciesResponseProcessor" />

	<bean id="createUserRequest" class="com.att.sapmp.apigw.devices.service.CreateUserRequest" />

	<bean id="createUserResponse" class="com.att.sapmp.apigw.devices.service.CreateUserResponse" />

	<bean id="enrollDeviceRequest"
		class="com.att.sapmp.apigw.devices.service.CreateDeviceEnrollmentRequest" />

	<bean id="enrollDeviceResponse"
		class="com.att.sapmp.apigw.devices.service.CreateDeviceEnrollmentResponse" />

</beans>  