<assembly
	xmlns="http://maven.apache.org/plugins/maven-assembly-plugin/assembly/1.1.2"
	xmlns:xsi="http://www.w3.org/2001/XMLSchema-instance"
	xsi:schemaLocation="http://maven.apache.org/plugins/maven-assembly-plugin/assembly/1.1.2 http://maven.apache.org/xsd/assembly-1.1.2.xsd">
	<id>runtimeEnvironment</id>
	<includeBaseDirectory>false</includeBaseDirectory>
	<formats>
		<format>zip</format>
	</formats>
	<fileSets>
		<fileSet>
			<directory>${project.basedir}/target/versioned-runtime/context/</directory>
			<outputDirectory>runtime/context/</outputDirectory>
			<includes>
				<include>*.context</include>
			</includes>
		</fileSet>
		<fileSet>
			<directory>${project.basedir}/target/versioned-runtime/serviceProperties/</directory>
			<outputDirectory>runtime/serviceProperties/</outputDirectory>
			<includes>
				<include>*.props</include>
			</includes>
		</fileSet><fileSet>
			<directory>${project.basedir}/target/versioned-runtime/shiroRole</directory>
			<outputDirectory>runtime/shiroRole/</outputDirectory>
			<includes>
				<include>*.json</include>
			</includes>
		</fileSet><fileSet>
			<directory>${project.basedir}/target/versioned-runtime/shiroUser</directory>
			<outputDirectory>runtime/shiroUser/</outputDirectory>
			<includes>
				<include>*.json</include>
			</includes>
		</fileSet><fileSet>
			<directory>${project.basedir}/target/versioned-runtime/shiroUserRole</directory>
			<outputDirectory>runtime/shiroUserRole</outputDirectory>
			<includes>
				<include>*.json</include>
			</includes>
		</fileSet>
	</fileSets>
</assembly>