<?xml version="1.0" encoding="UTF-8"?>
<beans xmlns="http://www.springframework.org/schema/beans"
	xmlns:xsi="http://www.w3.org/2001/XMLSchema-instance" xmlns:context="http://www.springframework.org/schema/context"
	xmlns:p="http://www.springframework.org/schema/p"
	xsi:schemaLocation="http://www.springframework.org/schema/beans  
            http://www.springframework.org/schema/beans/spring-beans-3.0.xsd
            http://www.springframework.org/schema/context
	        http://www.springframework.org/schema/context/spring-context-3.0.xsd">		

		<bean id="commonAPNRequestProcessor" class="com.att.sapmp.apigw.compliance.service.CommonAPNRequestProcessor"/>
		<bean id="apnHandoffProcessor" class="com.att.sapmp.apigw.compliance.service.APNHandoffProcessor"/>
		<bean id="installAppHandoffProcessor" class="com.att.sapmp.apigw.compliance.service.InstallAppHandoffProcessor"/>		
		<bean id="complianceNotificationProcessor" class="com.att.sapmp.apigw.compliance.service.ComplianceNotificationProcessor"/>
		<bean id="csiInquireEnterpriseDeviceDeploymentDetailsProcessor" class="com.att.sapmp.apigw.compliance.service.CSIInquireEnterpriseDeviceDeploymentDetailsProcessor"/>
		<bean id="csiInquireEnterpriseDeviceDeploymentProfileProcessor" class="com.att.sapmp.apigw.compliance.service.CSIInquireEnterpriseDeviceDeploymentProfileProcessor"/>
		<bean id="csiManageEnterpriseDeviceDeploymentDetailsProcessor" class="com.att.sapmp.apigw.compliance.service.CSIManageEnterpriseDeviceDeploymentDetailsProcessor"/>
		<bean id="joinReplyAggregationStrategy" class="com.att.sapmp.apigw.compliance.service.JoinReplyAggregationStrategy"/>		
		<bean id="publishAPNProcessor" class="com.att.sapmp.apigw.compliance.service.PublishAPNProcessor"/>
		
</beans>  