<routes xmlns="http://camel.apache.org/schema/spring">
		
		
		<route id="routeAuditLog">
			<from uri="direct:AuditLog" />
			<inOnly uri="bean:auditLogProcessor" />
		</route>
		
		
		<route id="commonRouteBefore">
			<from uri="direct:commonRouteBefore" />
			<convertBodyTo type="java.lang.String" />			    
		    <to uri="bean:initialHeaders?method=setHeaders"/>				
            <log message="Headersr - message received: ${headers}"/>           
            <log message="request auditing" loggingLevel="INFO" />
             <wireTap uri="direct:AuditLog"/>
<!-- 			<to uri="direct:AuditLog" /> -->
           <choice>
                         <when>
							<simple>${in.header.Content-Type} == 'application/json'</simple>	
							<log message="application/json data" loggingLevel="INFO"  /> 
							<choice>
	                            <when>
								  <simple>${in.header.CamelHttpUri} contains 'createTask'</simple>
								  <unmarshal ref="processOrderRequestJson"/>
								</when>
								<otherwise>
								    <unmarshal ref="orderTaskJson"/>
								</otherwise>
							</choice>																					
						</when>
						<when>
							<simple>"${in.header.Content-Type} == application/xml"</simple>	
							<log message="application/xml data" loggingLevel="INFO"  /> 
							<choice>
	                            <when>
								  <simple>${in.header.CamelHttpUri} contains 'createTask'</simple>
								  <unmarshal ref="processOrderRequestXml"/>
								</when>
								<otherwise>
								    <unmarshal ref="orderTaskXml"/>
								</otherwise>
							</choice>																		
						</when>		
		     </choice>	
		</route>
		
		<route id="commonRouteAfter">
			<from uri="direct:commonRouteAfter" />
			 
			 <setHeader headerName="isResponse">
    			<constant>Y</constant>        
  			 </setHeader>
			 <log message="request auditing" loggingLevel="INFO" />
 			 <wireTap uri="direct:AuditLog"/> 
<!-- 			  <to uri="direct:AuditLog" />  -->
			<choice>
                         <when>
							<simple>${in.header.Accept} == 'application/json'</simple>	
							<log message="application/json data" loggingLevel="INFO"  /> 
							<choice>
	                            <when>
								  <simple>${in.header.CamelHttpUri} contains 'createTask' or ${in.header.CamelHttpUri} contains 'updateTask'</simple>
								  <marshal ref="orderTaskRespJson"/>
								</when>
								<otherwise>
								    <marshal ref="oceResponseJson"/>
								</otherwise>
							</choice>								
							<setHeader headerName="content-type">
						      <constant>application/json</constant>
						    </setHeader>
						</when>
						<when>
							<simple>"${in.header.Accept} == application/xml"</simple>	
							<log message="application/xml data" loggingLevel="INFO"  /> 
                            <choice>
	                            <when>
								  <simple>${in.header.CamelHttpUri} contains 'createTask' or ${in.header.CamelHttpUri} contains 'updateTask'</simple>
								  <marshal ref="orderTaskRespXml"/>
								</when>
								<otherwise>
								    <marshal ref="oceResponseXml"/>
								</otherwise>
							</choice>						
							 <setHeader headerName="content-type">
						      <constant>application/xml</constant>
						    </setHeader>							
						</when>	
		     </choice>
		</route>
		
		<route id="outBoundCall">
			<from uri="direct:outBoundCall" />
			 <marshal ref="processOrderRequestXml"/>	
             <setHeader headerName="CamelHttpMethod">
		      <constant>PUT</constant>
		    </setHeader>
		    <setHeader headerName="accept">
		      <constant>application/xml</constant>
		    </setHeader>
		    <setHeader headerName="content-type">
		      <constant>application/xml</constant>
		    </setHeader>
             <doTry>
				<!-- <to uri="http://zld01126.vci.att.com:7605/oce/api/orders/"/> -->
				<to uri="http://zld00925.vci.att.com:7605/oce/api/orders/"/>
				
				<!-- <to uri="http://oce5rtos.dev.att.com:7605/oce/api/orders/"/> -->
                 <convertBodyTo type="java.lang.String" />	
                 <unmarshal ref="responseXml"/>	     
                   <to uri="bean:taskService?method=atgResponse"/>    
	             <doCatch>
	                  <exception>java.lang.Exception</exception>
	                  <convertBodyTo type="java.lang.String" />	
	                    <to uri="bean:taskService?method=atgResponse"/>
	             </doCatch>
             </doTry>
		</route>
		
		<route id="ordertaskListResponse">
			<from uri="direct:ordertaskListResponse" />
			<choice>
                         <when>
							<simple>${in.header.Accept} == 'application/json'</simple>	
							<log message="application/json data" loggingLevel="INFO"  /> 
							 <setHeader headerName="content-type">
						      <constant>application/json</constant>
						    </setHeader>
							<marshal ref="orderTaskListJson"/>														
						</when>
						<when>
							<simple>"${in.header.Accept} == application/xml"</simple>	
							<log message="application/xml data" loggingLevel="INFO"  /> 
							 <setHeader headerName="content-type">
								<constant>application/xml</constant>
							</setHeader>
                            <marshal ref="orderTaskListXml"/>																				
						</when>	
		     </choice>	
		</route>
		
		
		<route id="createTask-route">
		    <from uri="servlet:/service/createTask?httpMethodRestrict=POST;matchOnUriPrefix=true"/>
		    <log message="serviceName : createTask"  />	
		     <to uri="direct:commonRouteBefore" />
             <to uri="bean:taskService?method=createTask"/>
             <to uri="direct:commonRouteAfter" />
		</route>
		
		<route id="updateTask-route">
		    <from uri="servlet:/service/updateTask/{avosRefId}?httpMethodRestrict=POST;matchOnUriPrefix=true"/>
<!-- 		    <from uri="http://localhost:8181/oceui/oce/rest/api/tasks/M153720457E"/> -->
		    <log message="serviceName : updateTask" />	
		     <to uri="direct:commonRouteBefore" />
             <to uri="bean:taskService?method=updateTask"/>
             <to uri="direct:commonRouteAfter" />
		  
		</route>
		
		
		<route id="getNextTask-route">
		    <from uri="servlet:/service/getNextTask?httpMethodRestrict=POST;matchOnUriPrefix=true"/>
		    <log message="serviceName : getNextTask" customId="true" />	
		    <to uri="direct:commonRouteBefore" />
            <to uri="bean:taskService?method=getNextTask"/>
            <choice>
                         <when>
							<simple>${in.header.Response} == 'fineResponse'</simple>	
							<to uri="direct:outBoundCall" />														
						</when>						
		     </choice>	
            <to uri="direct:commonRouteAfter" />           
		</route>
		
		
		<route id="getAllTasks-route">
<!-- 		    <from uri="servlet:/__module_ajsc_namespace_name__/__module_ajsc_namespace_version__/getAllTasks"/> -->
		     <from uri="servlet:/service/getAllTasks?matchOnUriPrefix=true"/>
		    <log message="serviceName : getAllTasks" />	
            <to uri="bean:initialHeaders?method=setHeaders"/>
            <to uri="bean:taskService?method=getAllTasks"/> 
            
            <choice>
                         <when>
							<simple>${in.header.Response} == 'fineResponse'</simple>	
							<to uri="direct:ordertaskListResponse" />  														
						</when>		
					     <when>
							<simple>${in.header.Response} == 'errorResponse'</simple>	
							<to uri="direct:commonRouteAfter" />  														
						</when>						
		     </choice>	   
		</route>
		

		<route id="getAllOpenTasks-route">
		    <from uri="servlet:/service/getAllOpenTasks?matchOnUriPrefix=true"/>
		    <log message="serviceName : getAllOpenTasks" />	
		    <to uri="bean:initialHeaders?method=setHeaders"/>
            <to uri="bean:taskService?method=getAllOpenTasks"/>
            <choice>
                         <when>
							<simple>${in.header.Response} == 'fineResponse'</simple>	
							<to uri="direct:ordertaskListResponse" />  														
						</when>		
					     <when>
							<simple>${in.header.Response} == 'errorResponse'</simple>	
							<to uri="direct:commonRouteAfter" />  														
						</when>						
		     </choice>	  
		</route>
		
		<route id="queueCount-route">
			    <from uri="servlet:/service/queueCount"/>
			    <log message="serviceName : queueCount"  />	
			     <to uri="bean:initialHeaders?method=setHeaders"/>	
	            <to uri="bean:taskService?method=queueCount"/> 
        </route>
</routes>

