<?xml version="1.0" encoding="UTF-8"?>
<jcr:root xmlns:cq="http://www.day.com/jcr/cq/1.0" xmlns:jcr="http://www.jcp.org/jcr/1.0"
    jcr:primaryType="cq:Dialog"
    xtype="tabpanel">
    <items jcr:primaryType="cq:WidgetCollection">
        <tab1
            jcr:primaryType="cq:Widget"
            title="Title Heading"
            xtype="panel">
            <items jcr:primaryType="cq:WidgetCollection">
                <headerField
                    jcr:primaryType="cq:Widget"
                    fieldLabel="Header Text"
                    name="./headerText"
                    xtype="textfield"/>
                <busiUser
                    jcr:primaryType="cq:Widget"
                    fieldLabel="Business User"
                    name="./busiUser"
                    xtype="textfield"/>
                <lineThree
                    jcr:primaryType="cq:Widget"
                    fieldLabel="Ask Information"
                    name="./lineThree"
                    xtype="textfield"/>
                <lineFour
                    jcr:primaryType="cq:Widget"
                    fieldLabel="A Note"
                    name="./lineFour"
                    xtype="textfield"/>
            </items>
        </tab1>
        <tab2
            jcr:primaryType="cq:Widget"
            title="URL Heading"
            xtype="panel">
            <items jcr:primaryType="cq:WidgetCollection">
                <headerField
                    jcr:primaryType="cq:Widget"
                    fieldLabel="Link for Business Portal"
                    name="./busiPortal"
                    xtype="textfield"/>
                <busiUser
                    jcr:primaryType="cq:Widget"
                    fieldLabel="Text for Busines Portal"
                    name="./busiPortalText"
                    xtype="textfield"/>
                <deviceunlocksupportUrl
                    jcr:primaryType="cq:Widget"
                    fieldLabel="Link for Device Unlock Support"
                    name="./deviceunlocksupportUrl"
                    xtype="textfield"/>
                <deviceunlocksupportText
                    jcr:primaryType="cq:Widget"
                    fieldLabel="Text for Device Unlock Support"
                    name="./deviceunlocksupportText"
                    xtype="textfield"/>
                <checkyourunlockstatusText
                    jcr:primaryType="cq:Widget"
                    fieldLabel="Text for Check for Unlock Status"
                    name="./checkyourunlockstatusText"
                    xtype="textfield"/>
            </items>
        </tab2>
    </items>
</jcr:root>
