<?xml version="1.0" encoding="UTF-8"?>
<jcr:root xmlns:cq="http://www.day.com/jcr/cq/1.0" xmlns:jcr="http://www.jcp.org/jcr/1.0" xmlns:nt="http://www.jcp.org/jcr/nt/1.0"
    jcr:primaryType="cq:Dialog"
    activeTab="0"
    xtype="dialog">
    <items jcr:primaryType="cq:TabPanel">
        <items jcr:primaryType="cq:WidgetCollection">
            <tab1
                jcr:primaryType="cq:Panel"
                title="General">
                <items jcr:primaryType="cq:WidgetCollection">
                    <pageheading
                        jcr:primaryType="cq:Widget"
                        fieldDescription="eg: Order summary"
                        defaultValue="Order summary"
                        fieldLabel="Page Heading"
                        name="./pageHeading"
                        xtype="textfield"/>
                </items>
            </tab1>
            <tab2
                jcr:primaryType="cq:Panel"
                title="Order Details">
                <items jcr:primaryType="cq:WidgetCollection">
                    <onetimechargestext
                        jcr:primaryType="cq:Widget"
                        fieldDescription="eg: One-time charges*"
                        fieldLabel="One time charges text"
                        defaultValue="One-time charges*"
                        name="./oneTimeChargesText"
                        xtype="textfield"/>
                    <motext
                        jcr:primaryType="cq:Widget"
                        fieldDescription="eg: /mo."
                        fieldLabel="mo text"
                        defaultValue="/mo."
                        name="./mo"
                        xtype="textfield"/>
                  <detailsBewlotextForOneTimeCharge
                        jcr:primaryType="cq:Widget"
                        fieldDescription="eg: Added to 1st bill"
                        defaultValue="Added to 1st bill"
                        fieldLabel="Added to 1st bill Text"
                        name="./detailsBelowTextForOneTime"
                        xtype="textfield"/>
                   <detailsBewlotext
                        jcr:primaryType="cq:Widget"
                        fieldDescription="eg: *See details below"
                        defaultValue="*See details below"
                        fieldLabel="See Details Link Text"
                        name="./detailsBelowText"
                        xtype="textfield"/>
                    <monthlychargestext
                        jcr:primaryType="cq:Widget"
                        fieldDescription="eg: Monthly charges*"
                        defaultValue="Monthly charges*"
                        fieldLabel="Monthly Charges Text"
                        name="./monthlyChargesText"
                        xtype="textfield"/>
                    <rewardCardtext
                        jcr:primaryType="cq:Widget"
                        fieldDescription="eg: Reward cards*"
                        defaultValue="Reward cards*"
                        fieldLabel="Reward Card Text"
                        name="./rewardCard"
                        xtype="textfield"/>    
                   <ordersnote
                        jcr:primaryType="cq:Widget"
                        fieldDescription="eg: *excludes taxes and other fees"
                        defaultValue="*excludes taxes and other fees"
                        fieldLabel="Orders note"
                        name="./ordersNote"
                        xtype="textfield"/>
                    <offerdetailslinktext
                        jcr:primaryType="cq:Widget"
                        fieldDescription="eg: See offer details"
                        defaultValue="See offer details"
                        fieldLabel="Offers Details Link Text"
                        name="./offerDetailsLinkText"
                        xtype="textfield"/>
                    <orderfortext
                        jcr:primaryType="cq:Widget"
                        fieldDescription="eg: Your order for"
                        defaultValue="Your order for"
                        fieldLabel="Order For Text"
                        name="./orderForText"
                        xtype="textfield"/>
                    <commaspace
                        jcr:primaryType="cq:Widget"
                        fieldDescription="eg: comma(,)space( )"
                        defaultValue=", "
                        fieldLabel="Comma and Space"
                        name="./commaspace"
                        xtype="textfield"/>
                    <plusHeading
                        jcr:primaryType="cq:Widget"
                        defaultValue="Plus"
                        fieldDescription="Plus"
                        fieldLabel="Plus Heading"
                        name="./plusHeading"
                        xtype="textfield"/>
                </items>
            </tab2>
            <tab3
                jcr:primaryType="cq:Panel"
                title="Monthly charges">
                <items jcr:primaryType="cq:WidgetCollection">
                    <headingtext
                        jcr:primaryType="cq:Widget"
                        fieldDescription="eg: Monthly charges"
                        defaultValue="Monthly charges"
                        fieldLabel="Heading Text"
                        name="./heading1"
                        xtype="textfield"/>
                     <internettextfor300
                        jcr:primaryType="cq:Widget"
                        fieldDescription="eg: (free upgrade to speeds up to 1Gbps in 2014)"
                        defaultValue="(free upgrade to speeds up to 1Gbps in 2014)"
                        fieldLabel="Internet Text for 300"
                        name="./internetTextfor300"
                        xtype="textfield"/>
                     <phonetext
                        jcr:primaryType="cq:Widget"
                        fieldDescription="eg: Using current home phone  number"
                        defaultValue="Using current home phone  number"
                        fieldLabel="Phone Text"
                        name="./currentPhoneText"
                        xtype="textfield"/>
                     <availabilitytext
                        jcr:primaryType="cq:Widget"
                        fieldDescription="eg: ,pending availability"
                        defaultValue=",pending availability"
                        fieldLabel="Pending Availability Text"
                        name="./pendingAvailabilityText"
                        xtype="textfield"/>
                    <monthlychargestotaltext
                        jcr:primaryType="cq:Widget"
                        fieldDescription="eg: Monthly charges TOTAL*"
                        defaultValue="Monthly charges TOTAL*"
                        fieldLabel="Monthly Charges Total Text"
                        name="./monthlyChargesTotalText"
                        xtype="textfield"/>
                    <internetHeadingText
                        jcr:primaryType="cq:Widget"
                        defaultValue="Internet"
                        fieldDescription="eg: Internet"
                        fieldLabel="Internet Heading Text"
                        name="./internetHeadingText"
                        xtype="textfield"/>
                    <tvHeadingText
                        jcr:primaryType="cq:Widget"
                        defaultValue="TV"
                        fieldDescription="eg: TV"
                        fieldLabel="TV Heading Text"
                        name="./tvHeadingText"
                        xtype="textfield"/>
                    <voiceHeadingText
                        jcr:primaryType="cq:Widget"
                        defaultValue="Voice"
                        fieldDescription="eg: Voice"
                        fieldLabel="Voice Heading Text"
                        name="./voiceHeadingText"
                        xtype="textfield"/>
                    <imageset
                        jcr:primaryType="cq:Widget"
                        collapsed="true"
                        collapsible="true"
                        name="./imageSet1"
                        title="Icon Image"
                        xtype="dialogfieldset">
                        <items jcr:primaryType="cq:WidgetCollection">
                            <imagesrc1
                                jcr:primaryType="cq:Widget"
                                defaultValue="img/tabIconInternet.png"
                                fieldDescription="eg: img/tabIconInternet.png"
                                fieldLabel="Internet Image Source"
                                name="./imageSrc1"
                                xtype="pathfield"/>
                            <imagesrc2
                                jcr:primaryType="cq:Widget"
                                defaultValue="img/tabIconTV.png"
                                fieldDescription="eg: img/tabIconTV.png"
                                fieldLabel="TV Image Source"
                                name="./imageSrc2"
                                xtype="pathfield"/>
                            <imagesrc3
                                jcr:primaryType="cq:Widget"
                                defaultValue="img/tabIconHomePhone.png"
                                fieldDescription="eg: img/tabIconHomePhone.png"
                                fieldLabel="Phone Image Source"
                                name="./imageSrc3"
                                xtype="pathfield"/>
                        </items>
                    </imageset>
                </items>
            </tab3>
            <tab4
                jcr:primaryType="cq:Panel"
                title="One-time charges">
                <items jcr:primaryType="cq:WidgetCollection">
                    <accordionheadingtext
                        jcr:primaryType="cq:Widget"
                        fieldDescription="eg: One-time charges"
                        defaultValue=" One-time charges"
                        fieldLabel="One Time Charge Heading"
                        name="./accordionHeading2"
                        xtype="textfield"/>
                    <onetimechargestotaltext
                        jcr:primaryType="cq:Widget"
                        fieldDescription="eg: One-time charges TOTAL*"
                        defaultValue="One-time charges TOTAL*"
                        fieldLabel="One-Time Charges Total Text"
                        name="./oneTimeChargesTotalText"
                        xtype="textfield"/>
                        <nrcInstallmentChangeText
                        jcr:primaryType="cq:Widget"
                        fieldDescription="eg: The changes you've made to your order may affect the amount or option to pay your one-time payments in installments."
                        defaultValue="The changes you've made to your order may affect the amount or option to pay your one-time payments in installments."
                        fieldLabel="NRC Installment Change Text"
                        name="./nrcInstallmentChangeText"
                        xtype="textfield"/>
                    <nrcInstallmentEligibilityText1
                        jcr:primaryType="cq:Widget"
                        fieldDescription="eg: You're eligible to break this one-time charge into several payments."
                        defaultValue="You're eligible to break this one-time charge into several payments."
                        fieldLabel="NRC Installment Eligibility Text Top"
                        name="./nrcInstallmentEligibilityText1"
                        xtype="textfield"/>
                    <nrcInstallmentEligibilityText2
                        jcr:primaryType="cq:Widget"
                        fieldDescription="eg: Break this into easy payments."
                        defaultValue="Break this into easy payments."
                        fieldLabel="Installment Eligibility Text Bottom"
                        name="./nrcInstallmentEligibilityText2"
                        xtype="textfield"/>
                    <nrcEligibiltyToolTipText
                        jcr:primaryType="cq:Widget"
                        fieldDescription="eg: Let us help you budget. During checkout you'll have the option to pay a portion of your one-time 
                        charges in just a few monthly payments."
                        defaultValue="Let us help you budget. During checkout you'll have the option to pay a portion of your one-time 
                        charges in just a few monthly payments."
                        fieldLabel="NRC Installment Eligibility Tooltip Text"
                        name="./nrcEligibiltyToolTipText"
                        xtype="textfield"/>
                </items>
            </tab4>
           <tab5
                jcr:primaryType="cq:Panel"
                title="Reward cards">
                <items jcr:primaryType="cq:WidgetCollection">
                    <rewardHeadingtext
                        jcr:primaryType="cq:Widget"
                        fieldDescription="eg: Rewards Cards"
                        defaultValue="Rewards Cards"
                        fieldLabel="Reward Heading Text"
                        name="./rewardHeading"
                        xtype="textfield"/>
                    <rewardCardtotaltext
                        jcr:primaryType="cq:Widget"
                        fieldDescription="eg: Total rewards*"
                        defaultValue="Total rewards*"
                        fieldLabel="Monthly Charges Total Text"
                        name="./rewardCardTotalText"
                        xtype="textfield"/>
                </items>
            </tab5> 
            <tab6
                jcr:primaryType="cq:Panel"
                title="Add sales rep info">
                <items jcr:primaryType="cq:WidgetCollection">
                    <accordionheadingtext
                        jcr:primaryType="cq:Widget"
                        fieldDescription="eg: Add sales rep info"
                        fieldLabel="Accordion Heading"
                        defaultValue="Add sales rep info"
                        name="./accordionHeading3"
                        xtype="textfield"/>
                    <accordioncontent
                        jcr:primaryType="cq:Widget"
                        fieldDescription="eg: Did one of our friendly sales reps help you with your order? We would love to know."
                        defaultValue="Did one of our friendly sales reps help you with your order? We would love to know."
                        fieldLabel="Accordion Content"
                        name="./accordionContent3"
                        xtype="textfield"/>
                    <srcodelabel
                        jcr:primaryType="cq:Widget"
                        fieldDescription="eg: Sales rep code"
                        defaultValue="Sales rep code"
                        fieldLabel="Sales rep code label"
                        name="./srCodeLabel"
                        xtype="textfield"/>
                    <srcodetooltip
                        jcr:primaryType="cq:Widget"
                        fieldDescription="eg: If one of our sales reps stopped by your home, or if you shopped for U-verse with GigaPower in one of our stores, the sales rep may have given you their sales code. This code isn't required."
                        defaultValue="If one of our sales reps stopped by your home, or if you shopped for U-verse with GigaPower in one of our stores, the sales rep may have given you their sales code. This code isn't required."
                        fieldLabel="Sales rep code tooltip"
                        name="./srCodeTooltip"
                        xtype="textfield"/>
                </items>
            </tab6>
            <tab7
                jcr:primaryType="cq:Panel"
                title="Buttons and Legal section">
                <items jcr:primaryType="cq:WidgetCollection">
                    <begincheckoutbutton
                        jcr:primaryType="cq:Widget"
                        fieldDescription="eg: Begin checkout"
                        defaultValue="Begin checkout"
                        fieldLabel="Begin checkout button text"
                        name="./beginCheckout"
                        xtype="textfield"/>
                    <begincheckoutbuttonAltText
                        jcr:primaryType="cq:Widget"
                        fieldDescription="eg: Begin checkout"
                        defaultValue="Begin checkout"
                        fieldLabel="Begin checkout button alt text"
                        name="./beginCheckoutAlt"
                        xtype="textfield"/>
                    <personalurl
		    			jcr:primaryType="cq:Widget"
	                	fieldLabel="Personal Information page Navigation URL"
	                	defaultValue="checkout.html#/personalinfo"
	                	fieldDescription="Eg: checkout.html#/personalinfo" 
	                	width="350"
	                	name="./personalCreditInfoURL"
	                	xtype="textfield"/>
                    <backbutton
                        jcr:primaryType="cq:Widget"
                        fieldDescription="eg: back"
                        defaultValue="back"
                        fieldLabel="Back button text"
                        name="./back"
                        xtype="textfield"/>
                    <backbuttonAltText
                        jcr:primaryType="cq:Widget"
                        fieldDescription="eg: Back"
                        defaultValue="Back"
                        fieldLabel="Back button Alt text"
                        name="./backAlt"
                        xtype="textfield"/>
                    <legaltext
                        jcr:primaryType="cq:Widget"
                        fieldDescription="Note: Use source edit for entering text"
                        fieldLabel="Legal Text"
                        name="./legalText"
                        xtype="richtext">
                        <htmlRules jcr:primaryType="nt:unstructured">
                            <links
                                jcr:primaryType="nt:unstructured"
                                ensureInternalLinkExt="{Boolean}false"
                                protocols="[http://,https://,mailto:]"/>
                        </htmlRules>
                        <rtePlugins
                            jcr:primaryType="nt:unstructured"
                            path="/apps/att/att-foundation/components/richtext/dialog/items/text/rtePlugins.infinity.json"
                            xtype="cqinclude"/>
                    </legaltext>
                </items>
            </tab7>
            <tab8
               jcr:primaryType="cq:Panel"
                title="Offer Details Modal">
                <items jcr:primaryType="cq:WidgetCollection">
					<seeofferdetailsmodalheading
						jcr:primaryType="cq:Widget"
						fieldLabel="See Offer Details Modal Heading"
						fieldDescription="eg: Offer Details" 
						name="./seeOfferDetailsHeading"
						xtype="textfield"/>
					<seeofferdetailsmodalclose
						jcr:primaryType="cq:Widget"
						fieldLabel="See Offer Details Modal Close text"
						fieldDescription="eg: Done" 
						name="./seeOfferDetailsClose"
						xtype="textfield"/>
		      </items>
            </tab8>
             <tab9
               jcr:primaryType="cq:Panel"
                title="Sales Code Modal">
                <items jcr:primaryType="cq:WidgetCollection">
					<salescodeheading
						jcr:primaryType="cq:Widget"
						fieldLabel="Sales Code Modal Heading"
						fieldDescription="eg: Add sales rep info" 
						name="./salesCodeHeading"
						xtype="textfield"/>
					<salescodeapply
						jcr:primaryType="cq:Widget"
						fieldLabel="Sales Code Modal Apply text"
						fieldDescription="eg: Apply" 
						name="./salesCodeApply"
						xtype="textfield"/>
					<salescodeapplyalt
						jcr:primaryType="cq:Widget"
						fieldLabel="Apply button alt text"
						fieldDescription="eg: Apply" 
						name="./applybuttonalt"
						xtype="textfield"/>
					<salescodecancel
						jcr:primaryType="cq:Widget"
						fieldLabel="Sales Code Modal Cancel text"
						fieldDescription="eg: Cancel" 
						name="./salesCodeCancel"
						xtype="textfield"/>	
					<salescodecancelalt
						jcr:primaryType="cq:Widget"
						fieldLabel=" Cancel button text"
						fieldDescription="eg: Cancel" 
						name="./cancelbuttonalt"
						xtype="textfield"/>							
		      </items>
            </tab9>
        </items>
    </items>
</jcr:root>
