<?xml version="1.0" encoding="UTF-8"?>
<jcr:root xmlns:cq="http://www.day.com/jcr/cq/1.0" xmlns:jcr="http://www.jcp.org/jcr/1.0"
	jcr:primaryType="cq:Panel"
	title="Navigation Type">

	<items jcr:primaryType="cq:WidgetCollection">
		<undernav jcr:primaryType="cq:Widget" type="checkbox" xtype="selection"
			name="./hideundernav" defaultValue="false"
			fieldLabel="Undernav Section"
			fieldDescription="Check to not display the under nav section" />

	    <prefooter jcr:primaryType="cq:Widget" type="checkbox" xtype="selection"
			name="./hideprefooter" defaultValue="false"
			fieldLabel="Pre-footer Section"
			fieldDescription="Check to not display the pre footer section" />

		<selectNav jcr:primaryType="cq:Widget"
		    fieldLabel="Choose Navigation Type"
		    fieldDescription="The type of navigation to use"
		    name="./navtype"
		    defaultValue=""
		    type="select"
		    xtype="selection">
			<options jcr:primaryType="cq:WidgetCollection">
				<nav1 jcr:primaryType="nt:unstructured" text="None" value="none"/>
				<nav2 jcr:primaryType="nt:unstructured" text="Tesla" value="tesla"/>
				<nav3 jcr:primaryType="nt:unstructured" text="Static" value="static"/>
			</options>
		</selectNav>
        <motionPoint jcr:primaryType="cq:Widget" type="checkbox" xtype="selection"
                     name="./showMotionPoint" defaultValue="false"
                     fieldLabel="Turn On Motion Point?"
                     fieldDescription="This option turns on the motion Point for dynamic Spanish translation" />

		<teslaopts jcr:primaryType="cq:Widget" xtype="dialogfieldset"
		    collapsed="true" collapsible="true" title="Tesla Navigation Options">
			<items jcr:primaryType="cq:WidgetCollection">

			    <!-- select primary navigation selection -->
			    <selectPrimary jcr:primaryType="cq:Widget"
				    fieldLabel="Primary Display"
				    fieldDescription="The primary navigation item to show as selected "
				    name="./teslaprimary"
				    defaultValue="010000"
				    type="select"
				    xtype="selection">
					<options jcr:primaryType="cq:WidgetCollection">
						<nav1 jcr:primaryType="nt:unstructured" text="Shop" value="010000"/>
						<nav2 jcr:primaryType="nt:unstructured" text="MyAT&amp;T" value="020000"/>
						<nav3 jcr:primaryType="nt:unstructured" text="Support" value="030000"/>
					</options>
				</selectPrimary>

			    <!-- select secondary navigation selection -->
				<selectSecondary jcr:primaryType="cq:Widget"
				    fieldLabel="Secondary Display"
				    fieldDescription="The secondary navigation item to show as selected "
				    name="./teslasecondary"
				    defaultValue="011000"
				    type="select"
				    xtype="selection">
					<options jcr:primaryType="cq:WidgetCollection">
						<nav11 jcr:primaryType="nt:unstructured" value="011000" text="Wireless (Shop)"/>
						<nav12 jcr:primaryType="nt:unstructured" value="012000" text="Bundles (Shop)"/>
						<nav13 jcr:primaryType="nt:unstructured" value="013000" text="Digital TV (Shop)"/>
						<nav14 jcr:primaryType="nt:unstructured" value="014000" text="Internet (Shop)"/>
						<nav15 jcr:primaryType="nt:unstructured" value="015000" text="Home Phone (Shop)"/>
						<nav16 jcr:primaryType="nt:unstructured" value="016000" text="U-verse (Shop)"/>
						<nav17 jcr:primaryType="nt:unstructured" value="017000" text="Digital Life (Shop)"/>
						<nav18 jcr:primaryType="nt:unstructured" value="018000" text="Special Offers (Shop)"/>
						<nav19 jcr:primaryType="nt:unstructured" value="019000" text="Shopping Help (Shop)"/>

						<nav31 jcr:primaryType="nt:unstructured" value="031000" text="Wireless (Support)"/>
						<nav32 jcr:primaryType="nt:unstructured" value="032000" text="Digital TV (Support)"/>
						<nav33 jcr:primaryType="nt:unstructured" value="033000" text="Internet (Support)"/>
						<nav34 jcr:primaryType="nt:unstructured" value="034000" text="Home Phone (Support)"/>
						<nav35 jcr:primaryType="nt:unstructured" value="035000" text="Billing (Support)"/>
						<nav36 jcr:primaryType="nt:unstructured" value="036000" text="Orders (Support)"/>
						<nav37 jcr:primaryType="nt:unstructured" value="037000" text="Communities (Support)"/>
						<nav38 jcr:primaryType="nt:unstructured" value="038000" text="Contact Us (Support)"/>
					</options>
				</selectSecondary>

				<!-- control which zones are displayed -->
			    <selectZones jcr:primaryType="cq:WidgetCollection">
			        <zone1 jcr:primaryType="cq:Widget" type="checkbox" xtype="selection"
			            name="./hideteslazone1" defaultValue="false"
			            fieldLabel="Global Navigation Zone 1"
			            fieldDescription="Check to not display the grey bar section." />
			        <zone2 jcr:primaryType="cq:Widget" type="checkbox" xtype="selection"
			            name="./hideteslazone2" defaultValue="false"
			            fieldLabel="Global Navigation Zone 2"
			            fieldDescription="Check to not display the orange nav section."/>
			        <zone7 jcr:primaryType="cq:Widget" type="checkbox" xtype="selection"
			            name="./hideteslazone7" defaultValue="false"
			            fieldLabel="Global Navigation Zone 7"
			            fieldDescription="Check to not display the bottom section."/>
			    </selectZones>
			</items>
		</teslaopts>
	</items>
</jcr:root>