<?xml version="1.0" encoding="UTF-8"?>
<jcr:root xmlns:cq="http://www.day.com/jcr/cq/1.0" xmlns:jcr="http://www.jcp.org/jcr/1.0"
    jcr:primaryType="cq:Dialog"
    xtype="tabpanel">
    <items jcr:primaryType="cq:WidgetCollection">
        <tab1
            jcr:primaryType="cq:Widget"
            title="Title Heading"
            xtype="panel">
            <items jcr:primaryType="cq:WidgetCollection">
                <headerField
                    jcr:primaryType="cq:Widget"
                    fieldLabel="Header Text"
                    name="./headerText"
                    xtype="textfield"/>
            </items>
        </tab1>
        <tab2
            jcr:primaryType="cq:Widget"
            title="URL Heading"
            xtype="panel">
            <items jcr:primaryType="cq:WidgetCollection">
                <startNewRequestLink
                    jcr:primaryType="cq:Widget"
                    fieldLabel="Link for Start a New Request"
                    name="./startNewRequestLink"
                    xtype="textfield"/>
                <startNewRequestText
                    jcr:primaryType="cq:Widget"
                    fieldLabel="Text for Start a New Request"
                    name="./startNewRequestText"
                    xtype="textfield"/>
            </items>
        </tab2>
    </items>
</jcr:root>
