<?xml version="1.0" encoding="UTF-8"?>
<routes xmlns="http://camel.apache.org/schema/spring"
	streamCache="true">
	<route id="startup-route-inquiredevices">
		<interceptFrom>
			<setHeader headerName="X-ATT-Transaction-Id">
				<simple>${bean:commonUtil?method=getAsArrayList($simple{in.header.TrackingId})}
				</simple>
			</setHeader>
			<to uri="bean:camelInterceptor?method=invokepreInterceptorChain" />
		</interceptFrom> 
		<from uri="servlet:/devices?matchOnUriPrefix=true" />
		<to uri="bean:requestProcessor?method=process" />
		<removeHeaders pattern="Camel*" />
		<setHeader headerName="Exchange.HTTP_URI">
			<simple>${bean:commonUtil?method=getProperty($simple{in.header.emmproductcode}.inquire.device.url)}
			</simple>
		</setHeader>
		<setHeader headerName="CamelHttpMethod">
			<constant>GET</constant>
		</setHeader>
		<setHeader headerName="AccountPassPhrase">
			<simple>${in.header.AccountPassPhrase}</simple>
		</setHeader>
		<log message="Calling Inquire Device API with Headers: ${headers}" />
	      <choice>
	         <when>
	            <simple>"{{use.proxy}}" != 'Y'</simple>
	            <to uri="http4://headeruri?throwExceptionOnFailure=false" />
	         </when>
	         <otherwise>
	            <to uri="http4://headeruri?throwExceptionOnFailure=false&amp;proxyAuthHost={{proxy.auth.host}}&amp;proxyAuthPort={{proxy.auth.port}}" />
	         </otherwise>
	      </choice>
		<to uri="bean:responseProcessor?method=handleResponse" />
		<onException>
			<exception>java.lang.Exception</exception>
			<to uri="bean:errorHandler?method=handleError" />
			<handled>
				<constant>true</constant>
			</handled>
		</onException>
	</route>
	<route id="startup-route-inquiredevicehistory">
		<interceptFrom>
			<setHeader headerName="X-ATT-Transaction-Id">
				<simple>${bean:commonUtil?method=getAsArrayList($simple{in.header.TrackingId})}
				</simple>
			</setHeader>
			<to uri="bean:camelInterceptor?method=invokepreInterceptorChain" />
		</interceptFrom>
		<from uri="servlet:/devices/history?matchOnUriPrefix=true" />
		<to uri="bean:requestProcessor?method=process" />
		<removeHeaders pattern="Camel*" />
		<setHeader headerName="Exchange.HTTP_URI">
			<simple>${bean:commonUtil?method=getProperty($simple{in.header.emmproductcode}.inquire.device.history.url)}
			</simple>
		</setHeader>
		<setHeader headerName="AccountPassPhrase">
			<simple>${in.header.AccountPassPhrase}</simple>
		</setHeader>
		<log message="Calling Inquire Device Action History API: ${headers}" />
	      <choice>
	         <when>
	            <simple>"{{use.proxy}}" != 'Y'</simple>
	            <to uri="http4://headeruri?throwExceptionOnFailure=false" />
	         </when>
	         <otherwise>
	            <to uri="http4://headeruri?throwExceptionOnFailure=false&amp;proxyAuthHost={{proxy.auth.host}}&amp;proxyAuthPort={{proxy.auth.port}}" />
	         </otherwise>
	      </choice>
		<to uri="bean:responseProcessor?method=handleResponse" />
		<onException>
			<exception>java.lang.Exception</exception>
			<to uri="bean:errorHandler?method=handleError" />
			<handled>
				<constant>true</constant>
			</handled>
		</onException>
	</route>
	<route id="startup-route-lockdevice">
		<interceptFrom>
			<setHeader headerName="X-ATT-Transaction-Id">
				<simple>${bean:commonUtil?method=getAsArrayList($simple{in.header.TrackingId})}
				</simple>
			</setHeader>
			<to uri="bean:camelInterceptor?method=invokepreInterceptorChain" />
		</interceptFrom>
		<from uri="servlet:devices/{deviceId}/lock?matchOnUriPrefix=true" />
		<convertBodyTo type="java.lang.String" />
		<to uri="bean:requestProcessor?method=process" />
		<setProperty propertyName="HttpPath">
			<simple>${in.header.CamelHttpPath}</simple>
		</setProperty>
		<removeHeaders pattern="Camel*" />
		<log message="Headers received: ${headers}" />
		<setHeader headerName="Exchange.HTTP_URI">
			<simple>${bean:commonUtil?method=getProperty($simple{in.header.emmproductcode}.lock.device.url)}${exchangeProperty.HttpPath}
			</simple>
		</setHeader>
		<setHeader headerName="AccountPassPhrase">
			<simple>${in.header.AccountPassPhrase}</simple>
		</setHeader>
		<log message="Calling Lock device API with headers: ${headers}" />
		<setBody>
			<simple>${body}</simple>
		</setBody>
	      <choice>
	         <when>
	            <simple>"{{use.proxy}}" != 'Y'</simple>
	            <to uri="http4://headeruri?throwExceptionOnFailure=false" />
	         </when>
	         <otherwise>
	            <to uri="http4://headeruri?throwExceptionOnFailure=false&amp;proxyAuthHost={{proxy.auth.host}}&amp;proxyAuthPort={{proxy.auth.port}}" />
	         </otherwise>
	      </choice>
		<convertBodyTo type="java.lang.String" />
		<log message="Body received from endpoint: ${body}" />
		<choice>
			<when>
				<simple>${header.CamelHttpResponseCode} == 200 or
					${header.CamelHttpResponseCode} == 202
				</simple>
					<to uri="bean:responseProcessor?method=handleResponse" />
					<to uri="direct:csi-manage-device-details-route" />
			</when>
			<otherwise>
				<to uri="bean:errorHandler?method=handleError" />
			 </otherwise>
		</choice>
		<onException>
			<exception>java.lang.Exception</exception>
			<to uri="bean:errorHandler?method=handleError" />
			<handled>
				<constant>true</constant>
			</handled>
		</onException>
	</route>
	<route id="startup-route-wipedevice">
		<interceptFrom>
			<setHeader headerName="X-ATT-Transaction-Id">
				<simple>${bean:commonUtil?method=getAsArrayList($simple{in.header.TrackingId})}
				</simple>
			</setHeader>
			<to uri="bean:camelInterceptor?method=invokepreInterceptorChain" />
		</interceptFrom>
		<from uri="servlet:devices/{deviceId}/wipe?matchOnUriPrefix=true" />
		<convertBodyTo type="java.lang.String" />
		<to uri="bean:requestProcessor?method=process" />
		<setProperty propertyName="HttpPath">
			<simple>${in.header.CamelHttpPath}</simple>
		</setProperty>
		<removeHeaders pattern="Camel*" />
		<log message="Headers received: ${headers}" />
		<setHeader headerName="Exchange.HTTP_URI">
			<simple>${bean:commonUtil?method=getProperty($simple{in.header.emmproductcode}.wipe.device.url)}${exchangeProperty.HttpPath}
			</simple>
		</setHeader>
		<setHeader headerName="AccountPassPhrase">
			<simple>${in.header.AccountPassPhrase}</simple>
		</setHeader>

		<setBody>
			<simple>${body}</simple>
		</setBody>
	      <choice>
	         <when>
	            <simple>"{{use.proxy}}" != 'Y'</simple>
	            <to uri="http4://headeruri?throwExceptionOnFailure=false" />
	         </when>
	         <otherwise>
	            <to uri="http4://headeruri?throwExceptionOnFailure=false&amp;proxyAuthHost={{proxy.auth.host}}&amp;proxyAuthPort={{proxy.auth.port}}" />
	         </otherwise>
	      </choice>
		<convertBodyTo type="java.lang.String" />
		<log message="Body received from endpoint: ${body}" />
		<choice>
			<when>
				<simple>${header.CamelHttpResponseCode} == 200 or
					${header.CamelHttpResponseCode} == 202
				</simple>
					<to uri="bean:responseProcessor?method=handleResponse" />
					<to uri="direct:csi-manage-device-details-route" />
			</when>
			<otherwise>
				<to uri="bean:errorHandler?method=handleError" />
			 </otherwise>
		</choice>
		<onException>
			<exception>java.lang.Exception</exception>
			<to uri="bean:errorHandler?method=handleError" />
			<handled>
				<constant>true</constant>
			</handled>
		</onException>
	</route>
	<route id="startup-route-changepolicy">
		<interceptFrom>
			<setHeader headerName="X-ATT-Transaction-Id">
				<simple>${bean:commonUtil?method=getAsArrayList($simple{in.header.TrackingId})}
				</simple>
			</setHeader>
			<to uri="bean:camelInterceptor?method=invokepreInterceptorChain" />
		</interceptFrom>
		<from uri="servlet:devices/{deviceId}/changepolicy?matchOnUriPrefix=true" />
		<convertBodyTo type="java.lang.String" />
		<to uri="bean:requestProcessor?method=process" />
		<setProperty propertyName="HttpPath">
			<simple>${in.header.CamelHttpPath}</simple>
		</setProperty>
		<removeHeaders pattern="Camel*" />
		<log message="Headers received: ${headers}" />
		<setHeader headerName="Exchange.HTTP_URI">
			<simple>${bean:commonUtil?method=getProperty($simple{in.header.emmproductcode}.change.device.policy.url)}${exchangeProperty.HttpPath}
			</simple>
		</setHeader>
		<setHeader headerName="AccountPassPhrase">
			<simple>${in.header.AccountPassPhrase}</simple>
		</setHeader>
		<setBody>
			<simple>${body}</simple>
		</setBody>
	      <choice>
	         <when>
	            <simple>"{{use.proxy}}" != 'Y'</simple>
	            <to uri="http4://headeruri?throwExceptionOnFailure=false" />
	         </when>
	         <otherwise>
	            <to uri="http4://headeruri?throwExceptionOnFailure=false&amp;proxyAuthHost={{proxy.auth.host}}&amp;proxyAuthPort={{proxy.auth.port}}" />
	         </otherwise>
	      </choice>
		<convertBodyTo type="java.lang.String" />
		<choice>
			<when>
				<simple>${header.CamelHttpResponseCode} == 200 or
					${header.CamelHttpResponseCode} == 202
				</simple>
					<to uri="bean:responseProcessor?method=handleResponse" />
					<to uri="direct:csi-manage-device-details-route" />
			</when>
			<otherwise>
				<to uri="bean:errorHandler?method=handleError" />
			 </otherwise>
		</choice>
		<onException>
			<exception>java.lang.Exception</exception>
			<to uri="bean:errorHandler?method=handleError" />
			<handled>
				<constant>true</constant>
			</handled>
		</onException>
	</route>

	<route id="csi-manage-device-details-route">
		<from uri="direct:csi-manage-device-details-route" />
		<to uri="bean:csiManageDeviceDetailsProcessor?method=execute" />
		<removeHeaders pattern="CamelHttp*" />
		<setHeader headerName="Exchange.HTTP_URI">
			<simple>{{csi.manage.device.detail.url}}
			</simple>
		</setHeader>
		<setHeader headerName="CamelHttpMethod">
			<constant>POST</constant>
		</setHeader>
		<setHeader headerName="Accept">
			<constant>application/json</constant>
		</setHeader>
		<enrich>
			<simple>velocity:vm/csiManageDeviceDetails.vm</simple>
		</enrich>
		<setBody>
			<simple>${body}</simple>
		</setBody>
		 <!--  <log message="Invoking csi-manage-device-details-route with headers: ${headers}" /> -->
		  <to uri="bean:commonUtil?method=logXML('payLoad in csi-manage-device-details-route', ${body})" />
		<choice>
			<when>
				<simple>"{{use.proxy}}" != 'Y'</simple>
				<to uri="http4://headeruri?httpClient.socketTimeout={{apigw.timeout}}&amp;throwExceptionOnFailure=false" />
			</when>
			<otherwise>
				<to
					uri="http4://headeruri?httpClient.socketTimeout={{apigw.timeout}}&amp;throwExceptionOnFailure=false&amp;proxyAuthHost={{proxy.auth.host}}&amp;proxyAuthPort={{proxy.auth.port}}" />
			</otherwise>
		</choice>
		<convertBodyTo type="java.lang.String" />
		<to
			uri="bean:csiManageDeviceDetailsProcessor?method=handleCsiManageDeviceDetailResponse" />
			
		<onException>
			<exception>java.lang.Exception</exception>
			<log message="Exception Message: ${exception.message} . retry attempts: {{retry.max.attempt}}" />
			<onWhen>
				<simple>${exception.message} contains 'Connection refused'</simple>
			</onWhen>
			<redeliveryPolicy maximumRedeliveries="{{retry.max.attempt}}" delay="{{retry.delay}}"/>
			<continued>
				<constant>true</constant>
			</continued>
		</onException>
		<onException>
			<exception>java.lang.Exception</exception>
			<to uri="bean:errorHandler?method=handleError" />
		</onException>
	</route>
</routes>