<routes xmlns="http://camel.apache.org/schema/spring">

	<!-- This is the startup route for the Compliance Orchestation microservice -->
	<route id="startup-compliance-route">
		<from uri="timer://complianceListner?fixedRate=true&amp;period={{dmaap.compliance.notification.listener.interval}}" />
		<to uri="bean:complianceNotificationProcessor?method=execute" />
		<to uri="direct:mdmNotificationSplitAction" />
		<onException>
			<exception>java.lang.Exception</exception>
			<to uri="bean:errorHandler?method=handleError" />
			<handled>
				<constant>true</constant>
			</handled>
		</onException>
	</route>

	<route id="mdm-notification-list-split-route">
		<from uri="direct:mdmNotificationSplitAction" />
		<convertBodyTo type="java.lang.String" />
		<setHeader headerName="Accept">
			<simple>application/json</simple>
		</setHeader>
		<split parallelProcessing="false" strategyRef="joinReplyAggregationStrategy">
			<simple>${header.mdmNotificationList}</simple>
			<to uri="bean:complianceNotificationProcessor?method=processEachMdmNotification" />
			<to uri="direct:complianceAction" />
		</split>
		<onException>
			<exception>java.lang.Exception</exception>
			<to uri="bean:errorHandler?method=handleError" />
			<handled>
				<constant>true</constant>
			</handled>
		</onException>		
	</route>

	<route id="compliance-action-route">
		<from uri="direct:complianceAction" />
		<interceptFrom>
			<setHeader headerName="X-ATT-Transaction-Id">
				<simple>${bean:commonUtil?method=getAsArrayList($simple{header.TrackingId})}
				</simple>
			</setHeader>
			<to uri="bean:camelInterceptor?method=invokepreInterceptorChain" />
		</interceptFrom>
		<convertBodyTo type="java.lang.String" />
		<setHeader headerName="Accept">
			<simple>application/json</simple>
		</setHeader>
		<split parallelProcessing="false" strategyRef="joinReplyAggregationStrategy">
			<simple>${header.deviceEventList}</simple>
			<to uri="bean:complianceNotificationProcessor?method=processEachDeviceEvent" />
			<!-- Call to Update CDF -->
			<log message="Invoking csiManageEnterpriseDeviceDeploymentDetails for eventsubType: ${header.eventSubType} emmAccountId: ${header.emmAccountId} emmDeviceId: ${header.emmDeviceId} imei: ${header.imei} actionType: ${header.actionType} installApp: ${header.InstallApp}" />
			<to uri="direct:csiManageEnterpriseDeviceDeploymentDetails" />
			<choice>
				<when>
					<simple>"${header.actionType}" =~ "apply" or "${header.actionType}" =~ "remove"</simple>
					<!-- Call to APN api -->
					<to uri="bean:apnHandoffProcessor?method=execute" />
					<to uri="direct:complianceAPNHandoff" />
				</when>
			</choice>
			<choice>
				<when>
					<simple>"${header.installApp}" =~ "Y"</simple>
					<!-- Call to Install App api -->
					<to uri="direct:csiInquireEnterpriseDeviceDeploymentProfile" />
					<to uri="bean:installAppHandoffProcessor?method=execute" />
					<to uri="direct:installApp" />
				</when>
			</choice>
		</split>
		<onException>
			<exception>java.lang.Exception</exception>
			<to uri="bean:errorHandler?method=handleError" />
			<handled>
				<constant>true</constant>
			</handled>
		</onException>
	</route>
	<route id="compliance-apn-handoff-route">
		<from uri="direct:complianceAPNHandoff" />
		<convertBodyTo type="java.lang.String" />
		<setHeader headerName="Authorization">
			<simple>{{apigw.authorization.basic.auth}}</simple>
		</setHeader>
		<enrich>
			<simple>velocity:vm/apnHandoffRequest.vm</simple>
		</enrich>
		<setBody>
			<simple>${body}</simple>
		</setBody>
		<log message="Invoking manageAPN with headers: ${headers}  body: ${body}" />
		<to uri="direct:manageAPN" />
		<choice>
			<when>
				<simple>${header.CamelHttpResponseCode} == 200 or ${header.CamelHttpResponseCode} == 202</simple>
				<convertBodyTo type="java.lang.String" />
				<to uri="bean:apnHandoffProcessor?method=handleResponse" />
			</when>
			<otherwise>
				<to uri="bean:errorHandler?method=handleError" />
			</otherwise>
		</choice>
		<onException>
			<exception>java.lang.Exception</exception>
			<to uri="bean:errorHandler?method=handleError" />
			<handled>
				<constant>true</constant>
			</handled>
		</onException>
	</route>
	<route id="install-app-route">
		<from uri="direct:installApp" />
		<removeHeaders pattern="commonContext" />
		<setHeader headerName="Exchange.HTTP_URI">
			<simple>{{manage.apps.orch.distributeapp.url}}</simple>
		</setHeader>
		<setHeader headerName="Authorization">
			<simple>{{apigw.authorization.basic.auth}}</simple>
		</setHeader>
		<setHeader headerName="CamelHttpMethod">
			<constant>POST</constant>
		</setHeader>
		<setHeader headerName="Accept">
			<simple>application/json</simple>
		</setHeader>
		<enrich>
			<simple>velocity:vm/installAppHandoffRequest.vm</simple>
		</enrich>
		<setBody>
			<simple>${body}</simple>
		</setBody>
		<log message="Invoking distributApp with  headers: ${headers} body: ${body}" />
		<choice>
			<when>
				<simple>"{{use.proxy}}" != 'Y'</simple>
				<to uri="http4://headeruri?throwExceptionOnFailure=false" />
			</when>
			<otherwise>
				<to uri="http4://headeruri?throwExceptionOnFailure=false&amp;proxyAuthHost={{proxy.auth.host}}&amp;proxyAuthPort={{proxy.auth.port}}" />
			</otherwise>
		</choice>
		<choice>
			<when>
				<simple>${header.CamelHttpResponseCode} == 200 or ${header.CamelHttpResponseCode} == 202</simple>
				<to uri="bean:installAppHandoffProcessor?method=handleResponse" />
			</when>
			<otherwise>
				<to uri="bean:errorHandler?method=handleError" />
			</otherwise>
		</choice>
		<onException>
			<exception>java.lang.Exception</exception>
			<to uri="bean:errorHandler?method=handleError" />
			<handled>
				<constant>true</constant>
			</handled>
		</onException>
	</route>
</routes>

