<?xml version="1.0" encoding="UTF-8"?>
<routes xmlns="http://camel.apache.org/schema/spring">
	<!-- route for invoking CSI MEDDD API -->
	<route id="csi-manage-enterprise-device-deployment-details-route">
		<from uri="direct:csiManageEnterpriseDeviceDeploymentDetails" />
		<to uri="bean:csiManageEnterpriseDeviceDeploymentDetailsProcessor?method=execute" />
		<removeHeaders pattern="CamelHttp*" />
		<setHeader headerName="Exchange.HTTP_URI">
			<simple>{{csi.manage.device.detail.url}}
			</simple>
		</setHeader>
		<setHeader headerName="CamelHttpMethod">
			<constant>POST</constant>
		</setHeader>
		<setHeader headerName="Accept">
			<constant>application/json</constant>
		</setHeader>
		<enrich>
			<simple>velocity:vm/csiManageEnterpriseDeviceDeploymentDetailsRequest.vm
			</simple>
		</enrich>
		<setBody>
			<simple>${body}</simple>
		</setBody>
		<log message="Headers: ${headers}" />
		<to uri="bean:commonUtil?method=logXML('payLoad in csi-manage-enterprise-device-deployment-details-route', ${body})" />
		<choice>
			<when>
				<simple>"{{use.proxy}}" != 'Y'</simple>
				<to uri="http4://headeruri?throwExceptionOnFailure=false" />
			</when>
			<otherwise>
				<to uri="http4://headeruri?throwExceptionOnFailure=false&amp;proxyAuthHost={{proxy.auth.host}}&amp;proxyAuthPort={{proxy.auth.port}}" />
			</otherwise>
		</choice>
		<convertBodyTo type="java.lang.String" />
		<to uri="bean:csiManageEnterpriseDeviceDeploymentDetailsProcessor?method=handleResponse" />
		<onException>
			<exception>java.lang.Exception</exception>
			<to uri="bean:errorHandler?method=handleError" />
			<handled>
				<constant>true</constant>
			</handled>			
		</onException>
	</route>

	<!-- route for invoking CSI IEDDD API -->
	<route id="csi-inquire-enterprise-device-deployment-details-route">
		<from uri="direct:csiInquireEnterpriseDeviceDeploymentDetails" />
		<to uri="bean:csiInquireEnterpriseDeviceDeploymentDetailsProcessor?method=execute" />
		<removeHeaders pattern="CamelHttp*" />
		<setHeader headerName="Exchange.HTTP_URI">
			<simple>{{csi.inquire.device.detail.url}}
			</simple>
		</setHeader>
		<setHeader headerName="CamelHttpMethod">
			<constant>POST</constant>
		</setHeader>
		<setHeader headerName="Accept">
			<constant>application/json</constant>
		</setHeader>
		<enrich>
			<simple>velocity:vm/csiInquireEnterpriseDeviceDeploymentDetailsRequest.vm</simple>
		</enrich>
		<setBody>
			<simple>${body}</simple>
		</setBody>
		<log message="Headers: ${headers}" />
		<to uri="bean:commonUtil?method=logXML('payLoad in csi-inquire-enterprise-device-deployment-details-route', ${body})" />
		<choice>
			<when>
				<simple>"{{use.proxy}}" != 'Y'</simple>
				<to uri="http4://headeruri?throwExceptionOnFailure=false" />
			</when>
			<otherwise>
				<to uri="http4://headeruri?throwExceptionOnFailure=false&amp;proxyAuthHost={{proxy.auth.host}}&amp;proxyAuthPort={{proxy.auth.port}}" />
			</otherwise>
		</choice>
		<convertBodyTo type="java.lang.String" />
		<to uri="bean:csiInquireEnterpriseDeviceDeploymentDetailsProcessor?method=handleResponse" />
		<onException>
			<exception>java.lang.Exception</exception>
			<to uri="bean:errorHandler?method=handleError" />
			<handled>
				<constant>true</constant>
			</handled>			
		</onException>
	</route>


	<!-- route for invoking CSI IEDDP API -->
	<route id="csi-inquire-enterprise-device-deployment-profile-route">
		<from uri="direct:csiInquireEnterpriseDeviceDeploymentProfile" />
		<to uri="bean:csiInquireEnterpriseDeviceDeploymentProfileProcessor?method=execute" />
		<removeHeaders pattern="CamelHttp*" />
		<setHeader headerName="Exchange.HTTP_URI">
			<simple>{{csi.inquire.enterprise.device.detail.url}}
			</simple>
		</setHeader>
		<setHeader headerName="CamelHttpMethod">
			<constant>POST</constant>
		</setHeader>
		<setHeader headerName="Accept">
			<constant>application/json</constant>
		</setHeader>
		<enrich>
			<simple>velocity:vm/csiInquireEnterpriseDeviceDeploymentProfileRequest.vm</simple>
		</enrich>
		<setBody>
			<simple>${body}</simple>
		</setBody>
		<log message="Headers: ${headers}" />
		<to uri="bean:commonUtil?method=logXML('payLoad in csi-inquire-enterprise-device-deployment-profile-route', ${body})" />
		<choice>
			<when>
				<simple>"{{use.proxy}}" != 'Y'</simple>
				<to uri="http4://headeruri?throwExceptionOnFailure=false" />
			</when>
			<otherwise>
				<to uri="http4://headeruri?throwExceptionOnFailure=false&amp;proxyAuthHost={{proxy.auth.host}}&amp;proxyAuthPort={{proxy.auth.port}}" />
			</otherwise>
		</choice>
		<convertBodyTo type="java.lang.String" />
		<to uri="bean:csiInquireEnterpriseDeviceDeploymentProfileProcessor?method=handleResponse" />
		<onException>
			<exception>java.lang.Exception</exception>
			<to uri="bean:errorHandler?method=handleError" />
			<handled>
				<constant>true</constant>
			</handled>			
		</onException>
	</route>


</routes>