<routes xmlns="http://camel.apache.org/schema/spring">

	<route id="startup-manage-apn-external-route">
		<interceptFrom>
			<choice>
				<when>
					<simple>${header.commoncontext} != null</simple>
					<removeHeaders pattern="commoncontext" />
				</when>
			</choice>
			<setHeader headerName="X-ATT-Transaction-Id">
				<simple>${bean:commonUtil?method=getAsArrayList($simple{in.header.TrackingId})}
				</simple>
			</setHeader>
			<to uri="bean:camelInterceptor?method=invokepreInterceptorChain" />
		</interceptFrom>  
		<from uri="servlet:/devices/manageapn?matchOnUriPrefix=true" />
		<to uri="direct:manageAPN" />
	</route>

	<route id="startup-manage-apn-route">
		<from uri="direct:manageAPN" />
		<convertBodyTo type="java.lang.String" />
		<to uri="bean:commonAPNRequestProcessor?method=execute" />
		<to uri="direct:csiInquireEnterpriseDeviceDeploymentDetails" />
		<log message="Determining whether to apply or remove APN based on these values: actionType=${header.actionType},deviceApnStatus=${header.deviceApnStatus}, existingDeviceNetworkControl=${header.existingDeviceNetworkControl}" />
		<choice>
			<when>
				<simple>${header.actionType} =~ 'apply' and ${header.deviceApnStatus} =~ 'No' and ${header.existingDeviceNetworkControl} =~ true</simple>
				<log message="Proceed to apply APN" />
				<to uri="direct:apnNotification" />
				<to uri="direct:updateCDFWithAPNStatus" />
			</when>
			<otherwise>
				<choice>
					<when>
						<simple>${header.actionType} =~ 'remove' and ${header.deviceApnStatus} =~ 'Yes'</simple>
						<log message="Proceed to remove APN" />
						<to uri="direct:apnNotification" />
						<to uri="direct:updateCDFWithAPNStatus" />
					</when>
					<otherwise>
						<log message="No need to apply or remove APN." />
					</otherwise>
				</choice>
			</otherwise>
		</choice>
		<onException>
			<exception>java.lang.Exception</exception>
			<to uri="bean:errorHandler?method=handleError" />
			<handled>
				<constant>true</constant>
			</handled>
		</onException>		
	</route>


	<route id="apn-notfication-route">
		<from uri="direct:apnNotification" />
		<to uri="direct:constructAPNRequest" />
		<to uri="direct:publishAPN" />
	</route>

	<route id="update-cdf-with-apn-status-route">
		<from uri="direct:updateCDFWithAPNStatus" />
		<to uri="bean:commonAPNRequestProcessor?method=toggleAPNStatusInCDF" />
		<to uri="direct:csiManageEnterpriseDeviceDeploymentDetails" />
	</route>

	<route id="construct-apn-request">
		<from uri="direct:constructAPNRequest" />
		<convertBodyTo type="java.lang.String" />
		<to uri="bean:publishAPNProcessor?method=constructRequest" />
		<onException>
			<exception>java.lang.Exception</exception>
			<to uri="bean:errorHandler?method=handleError" />
			<handled>
				<constant>true</constant>
			</handled>
		</onException>
	</route>

	<route id="publish-apn-route">
		<from uri="direct:publishAPN" />
		<enrich>
			<simple>velocity:vm/publishAPNRequest.vm</simple>
		</enrich>
		<setBody>
			<simple>${body}</simple>
		</setBody>
		<log message="Headers: ${headers}  Body:  ${body}" />
		<to uri="bean:publishAPNProcessor?method=execute" />
		<choice>
			<when>
				<simple>${header.CamelHttpResponseCode} == 200</simple>
				<setHeader headerName="publishApnStatus">
					<simple>Success</simple>
				</setHeader>					
				<convertBodyTo type="java.lang.String" />
				<to uri="bean:publishAPNProcessor?method=handleResponse" />
			</when>
			<otherwise>
			<setHeader headerName="publishApnStatus">
				<simple>Failed</simple>
			</setHeader>			
			</otherwise>
		</choice>
		<onException>
			<exception>java.lang.Exception</exception>			
			<to uri="bean:errorHandler?method=handleError" />
			<handled>
				<constant>true</constant>
			</handled>
		</onException>
	</route>
</routes>