<routes xmlns="http://camel.apache.org/schema/spring">

	<route id="csi-manage-device-profile-route">
		<from uri="direct:csi-manage-device-profile-route" /> 
		<to uri="bean:csiManageDeviceProfileProcessor?method=prepareCdfRequest" />
		<removeHeaders pattern="CamelHttp*" />    
		<setHeader headerName="Exchange.HTTP_URI">
			<simple>${bean:commonUtil?method=getProperty(csi.manage.device.profile.url)}</simple>
		</setHeader>
		<setHeader headerName="CamelHttpMethod">
			<constant>POST</constant>
		</setHeader>
		<setHeader headerName="Accept">
			<constant>application/json</constant>
		</setHeader>
		<enrich>
			<simple>velocity:vm/csiManageDeviceProfile.vm</simple>
		</enrich>
		<setBody>
			<simple>${body}</simple>
		</setBody>
		<log message="Headers in csiManageDeviceProfileRoute ${headers}"/> 
		<!-- <log message="payLoad in csiManageDeviceProfileRoute ${body}"/>  -->
		<to uri="bean:commonUtil?method=logXML('payLoad in csiManageDeviceProfileRoute', ${body})" />
		<choice>
			<when>
				<simple>"{{use.proxy}}" != 'Y'</simple>
				<to uri="http4://headeruri?httpClient.socketTimeout={{apigw.timeout}}&amp;throwExceptionOnFailure=false" />
			</when>
			<otherwise>
				<to
					uri="http4://headeruri?httpClient.socketTimeout={{apigw.timeout}}&amp;throwExceptionOnFailure=false&amp;proxyAuthHost={{proxy.auth.host}}&amp;proxyAuthPort={{proxy.auth.port}}" />
			</otherwise>
		</choice>
		<to uri="bean:csiManageDeviceProfileProcessor?method=handleCdfResponse" />
		<onException>
			<exception>java.lang.Exception</exception>
			<log message="Exception Message: ${exception.message} . retry attempts: {{retry.max.attempt}}" />
			<onWhen>
				<simple>${exception.message} contains 'Connection refused'</simple>
			</onWhen>
			<redeliveryPolicy maximumRedeliveries="{{retry.max.attempt}}" delay="{{retry.delay}}"/>
			<continued>
				<constant>true</constant>
			</continued>
		</onException>
		<onException>
			<exception>java.lang.Exception</exception>  	
			<to uri="bean:errorHandler?method=handleError"/> 
			<handled>
				<constant>true</constant>
			</handled>
		</onException>
	</route>
	
</routes>
