<routes xmlns="http://camel.apache.org/schema/spring">

	<route id="startup-route-deenrollbyfan" streamCache="true">
		<interceptFrom>
			<setHeader headerName="X-ATT-Transaction-Id">
				<simple>${bean:commonUtil?method=getAsArrayList($simple{in.header.TrackingId})}
				</simple>
			</setHeader>
			<to uri="bean:camelInterceptor?method=invokepreInterceptorChain" />
		</interceptFrom>
		<from uri="servlet:/devices/{fan}/deenroll?matchOnUriPrefix=true" />
		<setProperty propertyName="AccountPassPhrase">
			<simple>${in.header.AccountPassPhrase}</simple>
		</setProperty>
		<setProperty propertyName="callerAuthToken">
			<simple>${in.header.authorization}</simple>
		</setProperty>
		<to uri="bean:commonUtil?method=auditLog(exchange,'apiRequest')" />
		<to uri="direct:device-deenroll-by-fan-request-route" />	
		<choice>
			<when>
				<simple>"{{async.call}}" == 'Y' </simple>
				<to uri="seda:deenroll-by-fan-async-route?waitForTaskToComplete=Never" />
				<to uri="bean:deviceDeEnrollByFanResponseProcessor?method=processAsyncResponse" />
			</when>
			<otherwise>
				<to uri="direct:device-deenroll-by-fan-route" />	
			</otherwise>
		</choice>
		<onException>
			<exception>java.lang.Exception</exception>
			<to uri="bean:errorHandler?method=handleError" />
			<handled>
				<constant>true</constant>
			</handled>
		</onException>
	<process ref="camelInterceptor" />
	</route>
	
	<route id="deenroll-by-fan-async-route">
		<interceptFrom>
			<setHeader headerName="X-ATT-Transaction-Id">
				<simple>${bean:commonUtil?method=getAsArrayList($simple{in.header.TrackingId})}</simple>
			</setHeader>
			<to uri="bean:camelInterceptor?method=invokepreInterceptorChain" />
		</interceptFrom>
		<log message="Processing Deenroll Device By Fan Asynchronously" />
		<from uri="seda:deenroll-by-fan-async-route" />
		<to uri="direct:device-deenroll-by-fan-route" />
	</route>
	
	<route id="device-deenroll-by-fan-route">
		<from uri="direct:device-deenroll-by-fan-route" />
		<to uri="direct:device-deenroll-by-fan-response-route" />		
		<choice>
			<when>
				<simple>${header.deviceDeEnrollRequired} == 'Y'</simple>
				<convertBodyTo type="java.lang.String" />
				<to uri="direct:deenroll-route" />
			</when>
		</choice>
		<to uri="direct:csi-manage-device-profile-route" />
		<onException>
			<exception>java.lang.Exception</exception>
			<to uri="bean:errorHandler?method=handleError" />
			<handled>
				<constant>true</constant>
			</handled>
		</onException>
	</route>

	<route id="device-deenroll-by-fan-request-route">
		<from uri="direct:device-deenroll-by-fan-request-route" />
		<convertBodyTo type="java.lang.String" />
		<to uri="bean:deviceDeEnrollByFanRequestProcessor?method=process" />
		<onException>
			<exception>java.lang.Exception</exception>
			<to uri="bean:errorHandler?method=handleError" />
			<handled>
				<constant>true</constant>
			</handled>
		</onException>
	</route>

	<route id="device-deenroll-by-fan-response-route">
		<from uri="direct:device-deenroll-by-fan-response-route" />
		<setHeader headerName="Exchange.HTTP_URI">
			<simple>${bean:commonUtil?method=getProperty($simple{in.header.emmproductcode}.inquire.device.url)}
			</simple>
		</setHeader>
		<setHeader headerName="Authorization">
			<simple>${exchangeProperty.callerAuthToken}</simple>
		</setHeader>
		<setHeader headerName="AccountPassPhrase">
			<simple>${exchangeProperty.AccountPassPhrase}</simple>
		</setHeader>
		<setHeader headerName="CamelHttpMethod">
			<constant>GET</constant>
		</setHeader>
		<setHeader headerName="Exchange.HTTP_QUERY">
			<simple>${in.header.QueryParam}</simple>
		</setHeader>
		<setHeader headerName="Accept">
			<constant>application/json</constant>
		</setHeader>
		<log message="Calling InquireDevice with Headers: ${headers}" />
		<choice>
			<when>
				<simple>"{{use.proxy}}" != 'Y'</simple>
				<to uri="http4://headeruri?throwExceptionOnFailure=false" />
			</when>
			<otherwise>
				<to
					uri="http4://headeruri?throwExceptionOnFailure=false&amp;proxyAuthHost={{proxy.auth.host}}&amp;proxyAuthPort={{proxy.auth.port}}" />
			</otherwise>
		</choice>
		<choice>
			<when>
				<simple>${header.CamelHttpResponseCode} != 200</simple>
				<to uri="bean:errorHandler?method=handleError" />
			</when>
			<otherwise>
				<unmarshal ref="deviceJson" />
				<to
					uri="bean:deviceDeEnrollByFanResponseProcessor?method=handleInquireDeviceResponse" />
			</otherwise>
		</choice>
		<onException>
			<exception>java.lang.Exception</exception>
			<to uri="bean:errorHandler?method=handleError" />
			<handled>
				<constant>true</constant>
			</handled>
		</onException>
	</route>

</routes>