<routes xmlns="http://camel.apache.org/schema/spring">

	<route id="startup-route-deenroll" streamCache="true">
	<interceptFrom>
		<choice>
			<when>
				<simple>${header.commoncontext} != null</simple>
				<removeHeaders pattern="commoncontext" />
			</when>
		</choice>
		<setHeader headerName="X-ATT-Transaction-Id">
			<simple>${bean:commonUtil?method=getAsArrayList($simple{in.header.TrackingId})}
		</simple>
		</setHeader>
	<to uri="bean:camelInterceptor?method=invokepreInterceptorChain" />
	</interceptFrom>
		<from uri="servlet:/devices/deenroll?matchOnUriPrefix=true" />
		<setProperty propertyName="AccountPassPhrase">
			<simple>${in.header.AccountPassPhrase}</simple>
		</setProperty>
		<setProperty propertyName="callerAuthToken">
			<simple>${in.header.authorization}</simple>
		</setProperty>
		<to uri="bean:commonUtil?method=auditLog(exchange,'apiRequest')" />
		<to uri="direct:deenroll-route" />
		<onException>
			<exception>java.lang.Exception</exception>
			<to uri="bean:errorHandler?method=handleError" />
			<handled>
				<constant>true</constant>
			</handled>
		</onException>
	<process ref="camelInterceptor" />
	</route>

	<route id="deenroll-route">
		<from uri="direct:deenroll-route" />
		<to uri="direct:deenroll-request-route" />
		<choice>
			<when>
				<simple>"{{async.call}}" == 'Y' and ${exchangeProperty.deenrollByFan} != 'Y'</simple>
				<to uri="seda:deenroll-async-route?waitForTaskToComplete=Never" />
				<to uri="bean:deviceDeEnrollResponseProcessor?method=processAsyncResponse" />
			</when>
			<otherwise>
				<to uri="direct:deenroll-response-route" />
			</otherwise>
		</choice>
	</route>

	<route id="deenroll-async-route">
		<interceptFrom>
			<setHeader headerName="X-ATT-Transaction-Id">
				<simple>${bean:commonUtil?method=getAsArrayList($simple{in.header.TrackingId})}</simple>
			</setHeader>
			<to uri="bean:camelInterceptor?method=invokepreInterceptorChain" />
		</interceptFrom>
		<log message="Processing Deenroll Device Asynchronously" />
		<from uri="seda:deenroll-async-route" />
		<to uri="direct:deenroll-response-route" />
	</route>
	
	<route id="deenroll-request-route">
		<from uri="direct:deenroll-request-route" />
		<to uri="bean:deviceDeEnrollRequestProcessor?method=process" />
		<onException>
			<exception>java.lang.Exception</exception>
			<to uri="bean:errorHandler?method=handleError" />
			<handled>
				<constant>true</constant>
			</handled>
		</onException>
	</route>

	<route id="deenroll-response-route">
		<from uri="direct:deenroll-response-route" />
		<split parallelProcessing="false" strategyRef="joinReplyAggregationStrategy">
		<simple>${in.header.deviceList}</simple>
		<to uri="bean:deviceDeEnrollRequestProcessor?method=split" />
		<to uri="direct:deenroll-mdm-route" />
		<choice>
			<when>
				<simple>${exchangeProperty.deenrollCompleted} == 'Y'</simple>
				<to uri="direct:csi-inquire-device-details-route" />
				<choice>
					<when>
						<simple>${header.CamelHttpResponseCode} == 200 </simple>
							<to uri="direct:csi-update-sub-profile-route" />
					</when>
				</choice>
			</when>
		</choice>
		<to uri="direct:csi-manage-device-details-route" />
		
		<!-- removing below apply-remove-apn-route since its being handled by apigw-complaince-apn-api flow -->
<!-- 		<choice>
				<when>
					<simple>${exchangeProperty.deenrollCompleted} == 'Y' and ${exchangeProperty.deviceApnStatus} == 'Yes' </simple>
					<to uri="direct:apply-remove-apn-route" />
				</when>
		</choice> -->
	</split>
	</route>


	<route id="deenroll-mdm-route">
		<from uri="direct:deenroll-mdm-route" />
		<setHeader headerName="Exchange.HTTP_URI">
			<simple>${in.header.IBMUrl_DE_ENROLL}</simple>
		</setHeader>
		<setHeader headerName="Authorization">
			<simple>${exchangeProperty.callerAuthToken}</simple>
		</setHeader>
		<setHeader headerName="AccountPassPhrase">
			<simple>${exchangeProperty.AccountPassPhrase}</simple>
		</setHeader>
		<setHeader headerName="CamelHttpMethod">
			<constant>POST</constant>
		</setHeader>
		<setHeader headerName="Accept">
			<simple>application/json</simple>
		</setHeader>
		<setHeader headerName="Exchange.CONTENT_TYPE">
			<simple>application/json</simple>
		</setHeader>
		<convertBodyTo type="java.lang.String" />	
		<log message="Headers in DevicedeenrollOrchRoute ${headers}" />
		<log message="payLoad in DevicedeenrollOrchRoute ${body}" />
		<choice>
			<when>
				<simple>"{{use.proxy}}" != 'Y'</simple>
				<to uri="http4://headeruri?throwExceptionOnFailure=false" />
			</when>
			<otherwise>
				<to
					uri="http4://headeruri?throwExceptionOnFailure=false&amp;proxyAuthHost={{proxy.auth.host}}&amp;proxyAuthPort={{proxy.auth.port}}" />
			</otherwise>
		</choice>
		<choice>
			<when>
				<simple>${header.CamelHttpResponseCode} == 200 or
						${header.CamelHttpResponseCode} == 202
				</simple>
				<to uri="bean:deviceDeEnrollResponseProcessor?method=handleResponse" />
			</when>
			<otherwise>
				<to
					uri="bean:deviceDeEnrollResponseProcessor?method=handleErrorResponse" />
				<!-- <to uri="bean:errorHandler?method=handleError" /> -->
			</otherwise>
		</choice>
		<onException>
			<exception>java.lang.Exception</exception>
			<to uri="bean:errorHandler?method=handleError" />
			<handled>
				<constant>true</constant>
			</handled>
		</onException>
	</route>



	<!-- <route id="apply-remove-apn-route">
		<from uri="direct:apply-remove-apn-route" />
		<to uri="direct:apply-remove-apn-request-route" />
		<to uri="direct:apply-remove-apn-response-route" />
	</route>

	<route id="apply-remove-apn-request-route">
		<from uri="direct:apply-remove-apn-request-route" />
		<convertBodyTo type="java.lang.String" />
		<to uri="bean:deviceDeEnrollRequestProcessor?method=applyRemoveAPNRequest" />
		<onException>
			<exception>java.lang.Exception</exception>
			<to uri="bean:errorHandler?method=handleError" />
			<handled>
				<constant>true</constant>
			</handled>
		</onException>
	</route>

	<route id="apply-remove-apn-response-route">
		<from uri="direct:apply-remove-apn-response-route" />
		<setHeader headerName="Exchange.HTTP_URI">
			<simple>{{apply.remove.apn.url}}</simple>
		</setHeader>
		<setHeader headerName="CamelHttpMethod">
			<constant>POST</constant>
		</setHeader>
		<setHeader headerName="Accept">
			<constant>application/json</constant>
		</setHeader>
		<setHeader headerName="Exchange.CONTENT_TYPE">
			<constant>application/json</constant>
		</setHeader>
		<enrich>
			<simple>velocity:vm/manageAPN.vm</simple>
		</enrich>
		<setBody>
			<simple>${body}</simple>
		</setBody>
		<log message="Headers in applyRemoveAPNRoute ${headers}" />
		<log message="payLoad in applyRemoveAPNRoute ${body}" />
		<choice>
			<when>
				<simple>"{{use.proxy}}" != 'Y'</simple>
				<to uri="http4://headeruri?throwExceptionOnFailure=false" />
			</when>
			<otherwise>
				<to
					uri="http4://headeruri?throwExceptionOnFailure=false&amp;proxyAuthHost={{proxy.auth.host}}&amp;proxyAuthPort={{proxy.auth.port}}" />
			</otherwise>
		</choice>

		<choice>
			<when>
				<simple>${header.CamelHttpResponseCode} == 200 or
						${header.CamelHttpResponseCode} == 202
				</simple>
				<to
					uri="bean:deviceDeEnrollResponseProcessor?method=applyRemoveAPNResponse" />
			</when>
			<otherwise>
				<to uri="bean:errorHandler?method=handleError" />
			</otherwise>
		</choice>
		<onException>
			<exception>java.lang.Exception</exception>
			<to uri="bean:errorHandler?method=handleError" />
			<handled>
				<constant>true</constant>
			</handled>
		</onException>
	</route> -->


	<route id="csi-manage-device-details-route">
		<from uri="direct:csi-manage-device-details-route" />
		<to uri="bean:csiManageDeviceDetailsProcessor?method=execute" />
		<removeHeaders pattern="CamelHttp*" />
		<setHeader headerName="Exchange.HTTP_URI">
			<simple>{{csi.manage.device.detail.url}}
			</simple>
		</setHeader>
		<setHeader headerName="CamelHttpMethod">
			<constant>POST</constant>
		</setHeader>
		<setHeader headerName="Accept">
			<constant>application/json</constant>
		</setHeader>
		<enrich>
			<simple>velocity:vm/csiManageDeviceDetails.vm</simple>
		</enrich>
		<setBody>
			<simple>${body}</simple>
		</setBody>
		<log message="Headers in csiManageDeviceDetailsRoute ${headers}"/>
		<!-- <log message="payLoad in csiManageDeviceDetailsRoute: ${body}" /> -->
		<to uri="bean:commonUtil?method=logXML('payLoad in csiManageDeviceDetailsRoute', ${body})" />
		<choice>
			<when>
				<simple>"{{use.proxy}}" != 'Y'</simple>
				<to uri="http4://headeruri?httpClient.socketTimeout={{apigw.timeout}}&amp;throwExceptionOnFailure=false" />
			</when>
			<otherwise>
				<to
					uri="http4://headeruri?httpClient.socketTimeout={{apigw.timeout}}&amp;throwExceptionOnFailure=false&amp;proxyAuthHost={{proxy.auth.host}}&amp;proxyAuthPort={{proxy.auth.port}}" />
			</otherwise>
		</choice>
		<convertBodyTo type="java.lang.String" />
		<to
			uri="bean:csiManageDeviceDetailsProcessor?method=handleCsiManageDeviceDetailResponse" />
		<onException>
			<exception>java.lang.Exception</exception>
			<log message="Exception Message: ${exception.message} . retry attempts: {{retry.max.attempt}}" />
			<onWhen>
				<simple>${exception.message} contains 'Connection refused'</simple>
			</onWhen>
			<redeliveryPolicy maximumRedeliveries="{{retry.max.attempt}}" delay="{{retry.delay}}"/>
			<continued>
				<constant>true</constant>
			</continued>
		</onException>
		<onException>
			<exception>java.lang.Exception</exception>
			<to uri="bean:errorHandler?method=handleError" />
		</onException>
	</route>


	<route id="csi-update-sub-profile-route">
		<from uri="direct:csi-update-sub-profile-route" />
		<to uri="bean:updateSubsriberProfileProcessor?method=execute" />
		<removeHeaders pattern="CamelHttp*" />
		<setHeader headerName="Exchange.HTTP_URI">
			<simple>{{csi.update.subscriber.profile.url}}
			</simple>
		</setHeader>
		<setHeader headerName="CamelHttpMethod">
			<constant>POST</constant>
		</setHeader>
		<setHeader headerName="Accept">
			<constant>application/json</constant>
		</setHeader>
		<enrich>
			<simple>velocity:vm/csiUpdateSubsriberProfile.vm</simple>
		</enrich>
		<setBody>
			<simple>${body}</simple>
		</setBody>
		<log message="Headers in csiUpdateSubProfileRoute: ${headers}"/>
		<!-- <log message="payLoad in csiUpdateSubProfileRoute: ${body}" /> -->
		<to uri="bean:commonUtil?method=logXML('payLoad in csiUpdateSubProfileRoute', ${body})" />
		<choice>
			<when>
				<simple>"{{use.proxy}}" != 'Y'</simple>
				<to uri="http4://headeruri?httpClient.socketTimeout={{apigw.timeout}}&amp;throwExceptionOnFailure=false" />
			</when>
			<otherwise>
				<to
					uri="http4://headeruri?httpClient.socketTimeout={{apigw.timeout}}&amp;throwExceptionOnFailure=false&amp;proxyAuthHost={{proxy.auth.host}}&amp;proxyAuthPort={{proxy.auth.port}}" />
			</otherwise>
		</choice>
		<convertBodyTo type="java.lang.String" />
		<to
			uri="bean:updateSubsriberProfileProcessor?method=updateSubProfileResponse" />

		<onException>
			<exception>java.lang.Exception</exception>
			<log message="Exception Message: ${exception.message} . retry attempts: {{retry.max.attempt}}" />
			<onWhen>
				<simple>${exception.message} contains 'Connection refused'</simple>
			</onWhen>
			<redeliveryPolicy maximumRedeliveries="{{retry.max.attempt}}" delay="{{retry.delay}}"/>
			<continued>
				<constant>true</constant>
			</continued>
		</onException>
		<onException>
			<exception>java.lang.Exception</exception>
			<to uri="bean:errorHandler?method=handleError" />
		</onException>
	</route>
	
	<route id="csi-inquire-device-details-route">
		<from uri="direct:csi-inquire-device-details-route" />
		<to uri="bean:csiInquireDeviceDetailsProcessor?method=execute" />
		<removeHeaders pattern="CamelHttp*" />
		<setHeader headerName="Exchange.HTTP_URI">
			<simple>{{csi.inquire.device.detail.url}}
			</simple>
		</setHeader>
		<setHeader headerName="CamelHttpMethod">
			<constant>POST</constant>
		</setHeader>
		<setHeader headerName="Accept">
			<constant>application/json</constant>
		</setHeader>
		<enrich>
			<simple>velocity:vm/csiInquireDeviceDetails.vm</simple>
		</enrich>
		<setBody>
			<simple>${body}</simple>
		</setBody>
		<log message="Headers in csiInquireDeviceDetailsRoute ${headers}"/>
		<!-- <log message="payLoad in csiInquireDeviceDetailsRoute ${body}" /> -->
		<to uri="bean:commonUtil?method=logXML('payLoad in csiInquireDeviceDetailsRoute', ${body})" />
		<choice>
			<when>
				<simple>"{{use.proxy}}" != 'Y'</simple>
				<to uri="http4://headeruri?httpClient.socketTimeout={{apigw.timeout}}&amp;throwExceptionOnFailure=false" />
			</when>
			<otherwise>
				<to
					uri="http4://headeruri?httpClient.socketTimeout={{apigw.timeout}}&amp;throwExceptionOnFailure=false&amp;proxyAuthHost={{proxy.auth.host}}&amp;proxyAuthPort={{proxy.auth.port}}" />
			</otherwise>
		</choice>
		<convertBodyTo type="java.lang.String" />
		<to
			uri="bean:csiInquireDeviceDetailsProcessor?method=handleCsiInquireDeviceDetailResponse" />
		<onException>
			<exception>java.lang.Exception</exception>
			<log message="Exception Message: ${exception.message} . retry attempts: {{retry.max.attempt}}" />
			<onWhen>
				<simple>${exception.message} contains 'Connection refused'</simple>
			</onWhen>
			<redeliveryPolicy maximumRedeliveries="{{retry.max.attempt}}" delay="{{retry.delay}}"/>
			<continued>
				<constant>true</constant>
			</continued>
		</onException>
		<onException>
			<exception>java.lang.Exception</exception>
			<to uri="bean:errorHandler?method=handleError" />
		</onException>
	</route>
	
</routes>