{
  "name": "angular-perfect-scrollbar",
  "version": "0.1.3",
  "main": "src/angular-perfect-scrollbar.js",
  "ignore": [
    "**/*.md",
    "**/*.png",
    "**/*.jpg",
    "**/*.gif",
    "releases/*",
    "README",
    "**/*.html",
    "**/*.ico",
    "**/*.txt",
    "**/*.handlebars"
  ],
  "dependencies": {
    "jquery": ">=1.10.0",
    "perfect-scrollbar": ">=0.4.0"
  },
  "homepage": "https://github.com/nudge/angular-perfect-scrollbar",
  "_release": "0.1.3",
  "_resolution": {
    "type": "version",
    "tag": "0.1.3",
    "commit": "bce06ec2214bffe583317e0d130c17eb46a68bfd"
  },
  "_source": "https://github.com/nudge/angular-perfect-scrollbar.git",
  "_target": "~0.1.3",
  "_originalSource": "angular-perfect-scrollbar"
}