<?xml version="1.0" encoding="UTF-8"?>
<jcr:root xmlns:cq="http://www.day.com/jcr/cq/1.0" xmlns:jcr="http://www.jcp.org/jcr/1.0"
    jcr:primaryType="cq:Dialog"
    xtype="dialog">
    <items jcr:primaryType="cq:TabPanel">
        <items jcr:primaryType="cq:WidgetCollection">
            <tab1
                jcr:primaryType="cq:Panel"
                title="Banner">
                <items jcr:primaryType="cq:WidgetCollection">
                    <banner
                        jcr:primaryType="cq:Widget"
                        fieldLabel="banner Text"
                        name="./banner"
                        defaultValue="banner"
                        xtype="textfield"/>
                    <label1
               		jcr:primaryType="cq:Widget"
                     name="./basic"
                       collapsed="false"
                       collapible="false"
                       title ="Image"
                       xtype="dialogfieldset">
                       <items jcr:primaryType="cq:WidgetCollection">
	                    <image
	                        jcr:primaryType="cq:Widget"
	                        fieldLabel="Image"
	                        inputValue="true"
	                        name="./image1"
	                        type="checkbox"
	                        xtype="selection"/>
		                <imagesrc1
		                    jcr:primaryType="cq:Widget"
		                    fieldLabel="Image Source"
		                    name="./imagesrc1"
		                    xtype="pathfield"/>
	                    <title1
		                    jcr:primaryType="cq:Widget"
		                    fieldLabel="Title"
		                    name="./imagetitle1"
		                    xtype="textfield"/>
		                <alt1
		                    jcr:primaryType="cq:Widget"
		                    fieldLabel="Alt Text"
		                    name="./alt1"
		                    xtype="textfield"/>
	                    
		             </items>
		          </label1>  
		           
                </items>
             
            </tab1>
        </items>
    </items>
</jcr:root>
