<?xml version="1.0" encoding="UTF-8"?>
<jcr:root xmlns:cq="http://www.day.com/jcr/cq/1.0" xmlns:jcr="http://www.jcp.org/jcr/1.0" xmlns:nt="http://www.jcp.org/jcr/nt/1.0"
    jcr:primaryType="cq:Dialog"
    activeTab="0"
    xtype="dialog">
    <items jcr:primaryType="cq:TabPanel">
        <items jcr:primaryType="cq:WidgetCollection">
            <tab1
                jcr:primaryType="cq:Panel"
                title="Error">
                <items jcr:primaryType="cq:WidgetCollection">
                    <errorHeadingContent
                        jcr:primaryType="cq:Widget"
                        defaultValue="We can't complete your AT&amp;amp;T GigaPower order online."
                        fieldDescription="Provide error heading text"
                        fieldLabel="Error Heading Content"
                        name="./errorHeadingContent"
                        xtype="textfield"/>
                    <pagecontent
                        jcr:primaryType="cq:Widget"
                        defaultValue="&lt;p>For assistance, please call a Customer Service Representative at&#xa;&lt;/p>&#xa;&lt;p>&#xa;&#x9;&lt;a href=&quot;tel:18552272354&quot;>&#xa;&#x9;&#x9;1-855-227-2354&#xa;&#x9;&lt;/a>&#xa;&lt;/p>"
                        fieldDescription="Note: Use source edit for entering text"
                        fieldLabel="Page Content"
                        name="./generalPageContent"
                        xtype="richtext">
                        <htmlRules jcr:primaryType="nt:unstructured">
                            <links
                                jcr:primaryType="nt:unstructured"
                                ensureInternalLinkExt="{Boolean}false"
                                protocols="[http://,https://,mailto:]"/>
                        </htmlRules>
                        <rtePlugins
                            jcr:primaryType="nt:unstructured"
                            path="/apps/att/att-foundation/components/richtext/dialog/items/text/rtePlugins.infinity.json"
                            xtype="cqinclude"/>
                    </pagecontent>
                    <orderSummaryButton
                        jcr:primaryType="cq:Widget"
                        defaultValue="Show Order Summary"
                        fieldDescription="Enter Order Summary Button Text"
                        fieldLabel="Order Summary Button Text"
                        name="./orderSummaryButtonText"
                        xtype="textfield"/>
                   	<orderSummaryAlt
                        jcr:primaryType="cq:Widget"
                        defaultValue="Show Order Summary"
                        fieldDescription="Enter Order Summary Button Alt"
                        fieldLabel="Order Summary Button Alt"
                        name="./orderSummaryButtonAlt"
                        xtype="textfield"/>
                    <orderSummaryButtonLink
                        jcr:primaryType="cq:Widget"
                        defaultValue="buy.html#/ordersummary"
                        fieldDescription="eg: buy.html#/ordersummary"
                        fieldLabel="Order Summary Button Link"
                        name="./orderSummaryLink"
                        xtype="textfield"/>
                </items>
            </tab1>
        </items>
    </items>
</jcr:root>
