<?xml version="1.0" encoding="UTF-8"?>
<jcr:root xmlns:cq="http://www.day.com/jcr/cq/1.0" xmlns:jcr="http://www.jcp.org/jcr/1.0"
    jcr:primaryType="cq:Dialog"
    autoWidth="{Boolean}false"
    width="720"
    xtype="dialog"
    fileUpload="true" >
    <items
        jcr:primaryType="cq:Widget"
        xtype="tabpanel">
        <items jcr:primaryType="cq:WidgetCollection">
            <breadcrumb
                jcr:primaryType="cq:Widget"
                title="Top Links (Breadcrumb)"
                xtype="panel">
                <items jcr:primaryType="cq:WidgetCollection">
                    <links
                        jcr:primaryType="cq:Widget"
                        fieldLabel="Links"
                        fieldSubLabel="(Link Title, Link URL, Link Tag) Leave URL blank for no link text"
                        name="./breadcrumbLinks"
                        title="Links"
                        xtype="multifieldmultifield">
                        <fieldConfig jcr:primaryType="cq:WidgetCollection">
                            <field1
                                jcr:primaryType="cq:Widget"
                                fieldLabel="Link Text"
                                name="linkText"
                                xtype="textfield"
                                allowBlank="false"/>
                            <field2
                                jcr:primaryType="cq:Widget"
                                fieldLabel="Link Url"
                                name="linkUrl"
                                xtype="pathfield"
                                width="320" />
                            <field3
                                jcr:primaryType="cq:Widget"
                                fieldLabel="Link Tag"
                                name="linkTag"
                                xtype="textfield" />
                        </fieldConfig>
                    </links>
                </items>
            </breadcrumb>
            <image1
                jcr:primaryType="cq:Widget"
                cropParameter="./image1/imageCrop"
                ddGroups="[media]"
                fileNameParameter="./image1/fileName"
                fileReferenceParameter="./image1/fileReference"
                mapParameter="./image1/imageMap"
                name="./image1/file"
                requestSuffix="/image1.img.png"
                rotateParameter="./image1/imageRotate"
                title="Image 1"
                uploadUrl="/tmp/upload_test/*"
                xtype="smartimage"/>
            <advanced1
                jcr:primaryType="cq:Widget"
                title="Advanced 1"
                xtype="panel">
                <items jcr:primaryType="cq:WidgetCollection">
                    <title
                        jcr:primaryType="cq:Widget"
                        fieldLabel="Title"
                        name="./image1/jcr:title"
                        xtype="textfield"/>
                    <alt
                        jcr:primaryType="cq:Widget"
                        fieldDescription="(leave empty to use the title defined above)"
                        fieldLabel="Alt Text"
                        name="./image1/alt"
                        xtype="textfield"/>
                    <resType
                        jcr:primaryType="cq:Widget"
                        ignoreData="{Boolean}true"
                        name="./image1/sling:resourceType"
                        value="foundation/components/image"
                        xtype="hidden"/>
                </items>
            </advanced1>
            <links1
                jcr:primaryType="cq:Widget"
                title="Link List 1"
                xtype="panel">
                <items jcr:primaryType="cq:WidgetCollection">
                    <title
                        jcr:primaryType="cq:Widget"
                        fieldLabel="Link List Title"
                        name="./linklisttitle1"
                        xtype="textfield"/>
                    <links
                        jcr:primaryType="cq:Widget"
                        fieldLabel="Links"
                        fieldSubLabel="(Link Title, Link URL, Link Tag)"
                        name="./linklist1"
                        title="Links"
                        xtype="multifieldmultifield">
                        <fieldConfig jcr:primaryType="cq:WidgetCollection">
                            <field1
                                jcr:primaryType="cq:Widget"
                                fieldLabel="Link Text"
                                name="linkText"
                                xtype="textfield"
                                allowBlank="false" />
                            <field2
                                jcr:primaryType="cq:Widget"
                                fieldLabel="Link Url"
                                name="linkUrl"
                                xtype="pathfield"
                                width="320"
                                allowBlank="false" />
                            <field3
                                jcr:primaryType="cq:Widget"
                                fieldLabel="Link Tag"
                                name="linkTag"
                                xtype="textfield" />
                            <field4
                                jcr:primaryType="cq:Widget"
                                fieldLabel="Link Target"
                                name="linkTarget"
                                type="select"
                                xtype="selection">
                                <options jcr:primaryType="cq:WidgetCollection">
                                    <newwindow
                                        jcr:primaryType="nt:unstructured"
                                        text="New Window"
                                        value="_blank"/>
                                    <samewindow
                                        jcr:primaryType="nt:unstructured"
                                        text="Same Window"
                                        value="_self"/>
                                </options>
                            </field4>
                        </fieldConfig>
                    </links>
                </items>
            </links1>
            <image2
                jcr:primaryType="cq:Widget"
                cropParameter="./image2/imageCrop"
                ddGroups="[media]"
                fileNameParameter="./image2/fileName"
                fileReferenceParameter="./image2/fileReference"
                mapParameter="./image2/imageMap"
                name="./image2/file"
                requestSuffix="/image2.img.png"
                rotateParameter="./image2/imageRotate"
                title="Image 2"
                uploadUrl="/tmp/upload_test/*"
                xtype="smartimage"/>
            <advanced2
                jcr:primaryType="cq:Widget"
                title="Advanced 2"
                xtype="panel">
                <items jcr:primaryType="cq:WidgetCollection">
                    <title
                        jcr:primaryType="cq:Widget"
                        fieldLabel="Title"
                        name="./image2/jcr:title"
                        xtype="textfield"/>
                    <alt
                        jcr:primaryType="cq:Widget"
                        fieldDescription="(leave empty to use the title defined above)"
                        fieldLabel="Alt Text"
                        name="./image2/alt"
                        xtype="textfield"/>
                    <resType
                        jcr:primaryType="cq:Widget"
                        ignoreData="{Boolean}true"
                        name="./image2/sling:resourceType"
                        value="foundation/components/image"
                        xtype="hidden"/>
                </items>
            </advanced2>
            <links2
                jcr:primaryType="cq:Widget"
                title="Link List 2"
                xtype="panel">
                <items jcr:primaryType="cq:WidgetCollection">
                    <title
                        jcr:primaryType="cq:Widget"
                        fieldLabel="Link List Title"
                        name="./linklisttitle2"
                        xtype="textfield"/>
                    <links
                        jcr:primaryType="cq:Widget"
                        fieldLabel="Links"
                        fieldSubLabel="(Link Title, Link URL, Link Tag)"
                        name="./linklist2"
                        title="Links"
                        xtype="multifieldmultifield">
                        <fieldConfig jcr:primaryType="cq:WidgetCollection">
                            <field1
                                jcr:primaryType="cq:Widget"
                                fieldLabel="Link Text"
                                name="linkText"
                                xtype="textfield"
                                allowBlank="false" />
                            <field2
                                jcr:primaryType="cq:Widget"
                                fieldLabel="Link Url"
                                name="linkUrl"
                                xtype="pathfield"
                                width="320"
                                allowBlank="false" />
                            <field3
                                jcr:primaryType="cq:Widget"
                                fieldLabel="Link Tag"
                                name="linkTag"
                                xtype="textfield" />
                            <field4
                                jcr:primaryType="cq:Widget"
                                fieldLabel="Link Target"
                                name="linkTarget"
                                type="select"
                                xtype="selection">
                                <options jcr:primaryType="cq:WidgetCollection">
                                    <newwindow
                                        jcr:primaryType="nt:unstructured"
                                        text="New Window"
                                        value="_blank"/>
                                    <samewindow
                                        jcr:primaryType="nt:unstructured"
                                        text="Same Window"
                                        value="_self"/>
                                </options>
                            </field4>
                        </fieldConfig>
                    </links>
                </items>
            </links2>
            <image3
                jcr:primaryType="cq:Widget"
                cropParameter="./image3/imageCrop"
                ddGroups="[media]"
                fileNameParameter="./image3/fileName"
                fileReferenceParameter="./image3/fileReference"
                mapParameter="./image3/imageMap"
                name="./image3/file"
                requestSuffix="/image3.img.png"
                rotateParameter="./image3/imageRotate"
                title="Image 3"
                uploadUrl="/tmp/upload_test/*"
                xtype="smartimage"/>
            <advanced3
                jcr:primaryType="cq:Widget"
                title="Advanced 3"
                xtype="panel">
                <items jcr:primaryType="cq:WidgetCollection">
                    <title
                        jcr:primaryType="cq:Widget"
                        fieldLabel="Title"
                        name="./image3/jcr:title"
                        xtype="textfield"/>
                    <alt
                        jcr:primaryType="cq:Widget"
                        fieldDescription="(leave empty to use the title defined above)"
                        fieldLabel="Alt Text"
                        name="./image3/alt"
                        xtype="textfield"/>
                    <resType
                        jcr:primaryType="cq:Widget"
                        ignoreData="{Boolean}true"
                        name="./image3/sling:resourceType"
                        value="foundation/components/image"
                        xtype="hidden"/>
                </items>
            </advanced3>
            <links3
                jcr:primaryType="cq:Widget"
                title="Link List 3"
                xtype="panel">
                <items jcr:primaryType="cq:WidgetCollection">
                    <title
                        jcr:primaryType="cq:Widget"
                        fieldLabel="Link List Title"
                        name="./linklisttitle3"
                        xtype="textfield"/>
                    <links
                        jcr:primaryType="cq:Widget"
                        fieldLabel="Links"
                        fieldSubLabel="(Link Title, Link URL, Link Tag)"
                        name="./linklist3"
                        title="Links"
                        xtype="multifieldmultifield">
                        <fieldConfig jcr:primaryType="cq:WidgetCollection">
                            <field1
                                jcr:primaryType="cq:Widget"
                                fieldLabel="Link Text"
                                name="linkText"
                                xtype="textfield"
                                allowBlank="false" />
                            <field2
                                jcr:primaryType="cq:Widget"
                                fieldLabel="Link Url"
                                name="linkUrl"
                                xtype="pathfield"
                                width="320"
                                allowBlank="false" />
                            <field3
                                jcr:primaryType="cq:Widget"
                                fieldLabel="Link Tag"
                                name="linkTag"
                                xtype="textfield" />
                            <field4
                                jcr:primaryType="cq:Widget"
                                fieldLabel="Link Target"
                                name="linkTarget"
                                type="select"
                                xtype="selection">
                                <options jcr:primaryType="cq:WidgetCollection">
                                    <newwindow
                                        jcr:primaryType="nt:unstructured"
                                        text="New Window"
                                        value="_blank"/>
                                    <samewindow
                                        jcr:primaryType="nt:unstructured"
                                        text="Same Window"
                                        value="_self"/>
                                </options>
                            </field4>
                        </fieldConfig>
                    </links>
                </items>
            </links3>
            <image4
                jcr:primaryType="cq:Widget"
                cropParameter="./image4/imageCrop"
                ddGroups="[media]"
                fileNameParameter="./image4/fileName"
                fileReferenceParameter="./image4/fileReference"
                mapParameter="./image4/imageMap"
                name="./image4/file"
                requestSuffix="/image4.img.png"
                rotateParameter="./image1/imageRotate"
                title="Image 4"
                uploadUrl="/tmp/upload_test/*"
                xtype="smartimage"/>
            <advanced4
                jcr:primaryType="cq:Widget"
                title="Advanced 4"
                xtype="panel">
                <items jcr:primaryType="cq:WidgetCollection">
                    <title
                        jcr:primaryType="cq:Widget"
                        fieldLabel="Title"
                        name="./image4/jcr:title"
                        xtype="textfield"/>
                    <alt
                        jcr:primaryType="cq:Widget"
                        fieldDescription="(leave empty to use the title defined above)"
                        fieldLabel="Alt Text"
                        name="./image4/alt"
                        xtype="textfield"/>
                    <resType
                        jcr:primaryType="cq:Widget"
                        ignoreData="{Boolean}true"
                        name="./image4/sling:resourceType"
                        value="foundation/components/image"
                        xtype="hidden"/>
                </items>
            </advanced4>
            <links4
                jcr:primaryType="cq:Widget"
                title="Link List 4"
                xtype="panel">
                <items jcr:primaryType="cq:WidgetCollection">
                    <title
                        jcr:primaryType="cq:Widget"
                        fieldLabel="Link List Title"
                        name="./linklisttitle4"
                        xtype="textfield"/>
                    <links
                        jcr:primaryType="cq:Widget"
                        fieldLabel="Links"
                        fieldSubLabel="(Link Title, Link URL, Link Tag)"
                        name="./linklist4"
                        title="Links"
                        xtype="multifieldmultifield">
                        <fieldConfig jcr:primaryType="cq:WidgetCollection">
                            <field1
                                jcr:primaryType="cq:Widget"
                                fieldLabel="Link Text"
                                name="linkText"
                                xtype="textfield"
                                allowBlank="false" />
                            <field2
                                jcr:primaryType="cq:Widget"
                                fieldLabel="Link Url"
                                name="linkUrl"
                                xtype="pathfield"
                                width="320"
                                allowBlank="false" />
                            <field3
                                jcr:primaryType="cq:Widget"
                                fieldLabel="Link Tag"
                                name="linkTag"
                                xtype="textfield" />
                            <field4
                                jcr:primaryType="cq:Widget"
                                fieldLabel="Link Target"
                                name="linkTarget"
                                type="select"
                                xtype="selection">
                                <options jcr:primaryType="cq:WidgetCollection">
                                    <newwindow
                                        jcr:primaryType="nt:unstructured"
                                        text="New Window"
                                        value="_blank"/>
                                    <samewindow
                                        jcr:primaryType="nt:unstructured"
                                        text="Same Window"
                                        value="_self"/>
                                </options>
                            </field4>
                        </fieldConfig>
                    </links>
                </items>
            </links4>
        </items>
    </items>
</jcr:root>
