<routes xmlns="http://camel.apache.org/schema/spring" >

	<!-- This is the satrtup route for the APIGateway microservice -->

	<route id="startup-route-enrollDeviceTask">
		<interceptFrom>
			<setHeader headerName="X-ATT-Transaction-Id">
				<simple>${bean:commonUtil?method=getAsArrayList($simple{in.header.TrackingId})}
				</simple>
			</setHeader>
			<to uri="bean:camelInterceptor?method=invokepreInterceptorChain" />
		</interceptFrom>
		<from uri="servlet:/enrollTask?matchOnUriPrefix=true" />
		<setProperty propertyName="callerAuthToken">
           		<simple>${in.header.authorization}</simple>
        </setProperty>
		<to uri="direct:enrollTaskReq" />
		<to uri="direct:enrollTaskResp" />
	</route>

	<route id="enrollDeviceTaskReq">
		<from uri="direct:enrollTaskReq" />
		<convertBodyTo type="java.lang.String" />
		<to uri="bean:enrollTaskRequest?method=process" />		  
		<onException>
			<exception>java.lang.Exception</exception>  	
			<to uri="bean:errorHandler?method=handleError"/> 
             <handled><constant>true</constant></handled>
		</onException>
	</route>

	<route id="enrollTaskResp" >
		<from uri="direct:enrollTaskResp" /> 		     
		<to uri="bean:enrollTaskResponse?method=handleEnrollTaskResponse"/> 
		<onException>
			<exception>java.lang.Exception</exception>  	
			<to uri="bean:errorHandler?method=handleError"/> 
             <handled><constant>true</constant></handled>
		</onException>
	</route>		
</routes>
