<beans xmlns="http://www.springframework.org/schema/beans"
	xmlns:xsi="http://www.w3.org/2001/XMLSchema-instance"
	xsi:schemaLocation="
       http://www.springframework.org/schema/beans http://www.springframework.org/schema/beans/spring-beans.xsd
       http://camel.apache.org/schema/spring http://camel.apache.org/schema/spring/camel-spring.xsd">
       
	<import resource="classpath:applicationContext.xml"/>

	<routeContext id="taskRoutes" xmlns="http://camel.apache.org/schema/spring">
		<route id="enrollDeviceTask">
			<from uri="direct:enrollDeviceTask" />
			<to uri="direct:processEnrollDeviceTask" />
			<!-- <to uri="direct:applyAPNRoute" /> -->
	</route>
	
	<route id="processEnrollDeviceTask">
		<from uri="direct:processEnrollDeviceTask" /> 
			<setHeader headerName="Exchange.HTTP_URI">
				<simple>{{enroll.device.task.url}}</simple>
			</setHeader>
			<setHeader headerName="CamelHttpMethod">
				<constant>POST</constant>
			</setHeader>
			<setHeader headerName="Accept">
				<constant>application/json</constant>
			</setHeader>
		<setHeader headerName="Exchange.CONTENT_TYPE">
			<constant>application/json</constant>
		</setHeader>
			<log message="Headers in processEnrollDeviceTask ${headers}" />
			<log message="body in processEnrollDeviceTask - ${body}" />
			<choice>
				<when>
					<simple>"{{use.proxy}}" != 'Y'</simple>
					<to uri="http4://headeruri?throwExceptionOnFailure=false" />
				</when>
				<otherwise>
					<to uri="http4://headeruri?throwExceptionOnFailure=false&amp;proxyAuthHost={{proxy.auth.host}}&amp;proxyAuthPort={{proxy.auth.port}}" />
				</otherwise>
			</choice>
			<choice>
				<when>
					<simple>${header.CamelHttpResponseCode} == 202 or ${header.CamelHttpResponseCode} == 200</simple>
					<to uri="bean:enrollTaskResponse?method=processTaskResponse" />
				</when>
				<otherwise>
					<to uri="bean:errorHandler?method=handleError" />
				</otherwise>
			</choice>
			<onException>
				<exception>java.lang.Exception</exception>
				<to uri="bean:errorHandler?method=handleError" />
			</onException>
		</route>
	</routeContext>

	<camelContext id="camel-task" xmlns="http://camel.apache.org/schema/spring">
     	<propertyPlaceholder id="properties" location="classpath:application.properties,file:config/application.properties"/>
   		 <routeContextRef ref="taskRoutes"/>
	</camelContext>
</beans>